-- MySQL dump 10.13  Distrib 8.0.27, for Win64 (x86_64)
--
-- Host: localhost    Database: ssapilogue
-- ------------------------------------------------------
-- Server version	8.0.29-0ubuntu0.20.04.3

/*!40101 SET @OLD_CHARACTER_SET_CLIENT=@@CHARACTER_SET_CLIENT */;
/*!40101 SET @OLD_CHARACTER_SET_RESULTS=@@CHARACTER_SET_RESULTS */;
/*!40101 SET @OLD_COLLATION_CONNECTION=@@COLLATION_CONNECTION */;
/*!50503 SET NAMES utf8 */;
/*!40103 SET @OLD_TIME_ZONE=@@TIME_ZONE */;
/*!40103 SET TIME_ZONE='+00:00' */;
/*!40014 SET @OLD_UNIQUE_CHECKS=@@UNIQUE_CHECKS, UNIQUE_CHECKS=0 */;
/*!40014 SET @OLD_FOREIGN_KEY_CHECKS=@@FOREIGN_KEY_CHECKS, FOREIGN_KEY_CHECKS=0 */;
/*!40101 SET @OLD_SQL_MODE=@@SQL_MODE, SQL_MODE='NO_AUTO_VALUE_ON_ZERO' */;
/*!40111 SET @OLD_SQL_NOTES=@@SQL_NOTES, SQL_NOTES=0 */;

--
-- Table structure for table `anonymous_member`
--

DROP TABLE IF EXISTS `anonymous_member`;
/*!40101 SET @saved_cs_client     = @@character_set_client */;
/*!50503 SET character_set_client = utf8mb4 */;
CREATE TABLE `anonymous_member` (
  `anonymous_id` bigint NOT NULL AUTO_INCREMENT,
  `nickname` varchar(255) COLLATE utf8mb4_general_ci DEFAULT NULL,
  `project_id` bigint DEFAULT NULL,
  PRIMARY KEY (`anonymous_id`),
  KEY `FKgvx5u6njl0wngq7qt9na14g7t` (`project_id`),
  CONSTRAINT `FKgvx5u6njl0wngq7qt9na14g7t` FOREIGN KEY (`project_id`) REFERENCES `project` (`project_id`)
) ENGINE=InnoDB AUTO_INCREMENT=80 DEFAULT CHARSET=utf8mb4 COLLATE=utf8mb4_general_ci;
/*!40101 SET character_set_client = @saved_cs_client */;

--
-- Dumping data for table `anonymous_member`
--

LOCK TABLES `anonymous_member` WRITE;
/*!40000 ALTER TABLE `anonymous_member` DISABLE KEYS */;
INSERT INTO `anonymous_member` VALUES (2,'김혜인[광주_1반_C105]팀원',2),(3,'노건우[광주_2반_C204]팀원',2),(4,'성당현[광주_2반_C204]팀원',2),(5,'윤지영[광주_1반_C105]팀원',2),(6,'서예진[광주_2반_C205]팀장',2),(30,'김홍중[광주_2반_C208]팀원',6),(31,'오지훈[광주_1반_C106]팀원',6),(39,'정우철[광주_1반_C102]팀원',10),(40,'장영하[광주_2반_C208]팀원',10),(41,'김홍중[광주_2반_C208]팀원',10),(45,'김준우[광주_2반_C205]팀원',14),(46,'서예진[광주_2반_C205]팀장',14),(47,'윤설[광주_1반_C102]팀원',14),(48,'이승규[광주_1반_C105]팀원',14),(49,'장영하[광주_2반_C208]팀원',16),(53,'김일환[광주_1반_C107]팀원',17),(54,'정우철[광주_1반_C102]팀원',17),(55,'정우철[광주_1반_C102]팀원',5),(62,'김홍중[광주_2반_C208]팀원',4),(63,'장영하[광주_2반_C208]팀원',4),(64,'정우철[광주_1반_C102]팀원',4),(65,'허범[광주_1반_C105]팀원',9),(66,'이재희[구미_1반_D101]팀원',3),(67,'이정음[서울_4반_A405]팀원',3),(68,'유혜승[서울_4반_A405]팀원',3),(69,'김영훈[구미_2반_D206]팀장',3),(70,'이남수[광주_전자연계반_S003]팀원',3),(75,'박주한[광주_1반_C107]팀원',7),(76,'서은민[광주_1반_C107]팀원',7),(77,'박소희[광주_1반_C106]팀원',7),(78,'유병재[광주_2반_C202]팀원',7),(79,'김홍중[광주_2반_C208]팀원',18);
/*!40000 ALTER TABLE `anonymous_member` ENABLE KEYS */;
UNLOCK TABLES;

--
-- Table structure for table `bookmark`
--

DROP TABLE IF EXISTS `bookmark`;
/*!40101 SET @saved_cs_client     = @@character_set_client */;
/*!50503 SET character_set_client = utf8mb4 */;
CREATE TABLE `bookmark` (
  `bookmark_id` bigint NOT NULL AUTO_INCREMENT,
  `project_id` bigint DEFAULT NULL,
  `user_id` varchar(255) COLLATE utf8mb4_general_ci DEFAULT NULL,
  PRIMARY KEY (`bookmark_id`),
  KEY `FKhd66qxjkk3e1q9pwd51he2sm7` (`project_id`),
  KEY `FK3ogdxsxa4tx6vndyvpk1fk1am` (`user_id`),
  CONSTRAINT `FK3ogdxsxa4tx6vndyvpk1fk1am` FOREIGN KEY (`user_id`) REFERENCES `user` (`user_id`),
  CONSTRAINT `FKhd66qxjkk3e1q9pwd51he2sm7` FOREIGN KEY (`project_id`) REFERENCES `project` (`project_id`)
) ENGINE=InnoDB AUTO_INCREMENT=20 DEFAULT CHARSET=utf8mb4 COLLATE=utf8mb4_general_ci;
/*!40101 SET character_set_client = @saved_cs_client */;

--
-- Dumping data for table `bookmark`
--

LOCK TABLES `bookmark` WRITE;
/*!40000 ALTER TABLE `bookmark` DISABLE KEYS */;
INSERT INTO `bookmark` VALUES (5,4,'qrdb2PBV/AcIthoFenbgKyoflBSvCPAwb+1JOLyb28k='),(6,4,NULL),(14,5,'qrdb2PBV/AcIthoFenbgKyoflBSvCPAwb+1JOLyb28k='),(18,16,'qrdb2PBV/AcIthoFenbgKyoflBSvCPAwb+1JOLyb28k='),(19,4,'W7KSeTIbp85TDdfSAWC93bjr+6oocLDaXSvf+6rAzbM=');
/*!40000 ALTER TABLE `bookmark` ENABLE KEYS */;
UNLOCK TABLES;

--
-- Table structure for table `bug_report`
--

DROP TABLE IF EXISTS `bug_report`;
/*!40101 SET @saved_cs_client     = @@character_set_client */;
/*!50503 SET character_set_client = utf8mb4 */;
CREATE TABLE `bug_report` (
  `bug_id` bigint NOT NULL AUTO_INCREMENT,
  `content` longtext COLLATE utf8mb4_general_ci,
  `created_at` datetime(6) DEFAULT NULL,
  `is_solved` bit(1) DEFAULT NULL,
  `title` varchar(255) COLLATE utf8mb4_general_ci DEFAULT NULL,
  `updated_at` datetime(6) DEFAULT NULL,
  `project_id` bigint DEFAULT NULL,
  `user_id` varchar(255) COLLATE utf8mb4_general_ci DEFAULT NULL,
  PRIMARY KEY (`bug_id`),
  KEY `FK5hukgagyedkqt3036cbjtk88j` (`project_id`),
  KEY `FK43twojyhigeow78v6i3kyl1aj` (`user_id`),
  CONSTRAINT `FK43twojyhigeow78v6i3kyl1aj` FOREIGN KEY (`user_id`) REFERENCES `user` (`user_id`),
  CONSTRAINT `FK5hukgagyedkqt3036cbjtk88j` FOREIGN KEY (`project_id`) REFERENCES `project` (`project_id`)
) ENGINE=InnoDB AUTO_INCREMENT=4 DEFAULT CHARSET=utf8mb4 COLLATE=utf8mb4_general_ci;
/*!40101 SET character_set_client = @saved_cs_client */;

--
-- Dumping data for table `bug_report`
--

LOCK TABLES `bug_report` WRITE;
/*!40000 ALTER TABLE `bug_report` DISABLE KEYS */;
INSERT INTO `bug_report` VALUES (1,'리아딩 -> 라이딩으로 수정해주세요!','2022-05-18 14:21:40.749905',_binary '','메인 페이지에 오타가 있습니다!','2022-05-18 14:37:18.043589',4,'W7KSeTIbp85TDdfSAWC93bjr+6oocLDaXSvf+6rAzbM='),(2,'게시판에서 필터링이 잘 안 되는 것 같습니다ㅠㅠ','2022-05-18 14:36:53.987050',_binary '\0','필터링이 잘 안 되는 것 같아요!!','2022-05-18 14:36:53.987050',4,'qrdb2PBV/AcIthoFenbgKyoflBSvCPAwb+1JOLyb28k='),(3,'개발 화이팅입니다!','2022-05-18 14:41:09.406615',_binary '\0','간헐적으로 앱이 팅기는 것 같아요 ㅠㅠ','2022-05-18 14:41:09.406615',4,'hDIZF3paN1HjNuuivtZ9W2bzsYqPa6o8WJQLBEyr2uo=');
/*!40000 ALTER TABLE `bug_report` ENABLE KEYS */;
UNLOCK TABLES;

--
-- Table structure for table `liked`
--

DROP TABLE IF EXISTS `liked`;
/*!40101 SET @saved_cs_client     = @@character_set_client */;
/*!50503 SET character_set_client = utf8mb4 */;
CREATE TABLE `liked` (
  `liked_id` bigint NOT NULL AUTO_INCREMENT,
  `project_id` bigint DEFAULT NULL,
  `user_id` varchar(255) COLLATE utf8mb4_general_ci DEFAULT NULL,
  PRIMARY KEY (`liked_id`),
  KEY `FKc95ht8g548c41xf1e4voj7e8n` (`project_id`),
  KEY `FK5xgn11ssk69gkob8frm7smkjc` (`user_id`),
  CONSTRAINT `FK5xgn11ssk69gkob8frm7smkjc` FOREIGN KEY (`user_id`) REFERENCES `user` (`user_id`),
  CONSTRAINT `FKc95ht8g548c41xf1e4voj7e8n` FOREIGN KEY (`project_id`) REFERENCES `project` (`project_id`)
) ENGINE=InnoDB AUTO_INCREMENT=10 DEFAULT CHARSET=utf8mb4 COLLATE=utf8mb4_general_ci;
/*!40101 SET character_set_client = @saved_cs_client */;

--
-- Dumping data for table `liked`
--

LOCK TABLES `liked` WRITE;
/*!40000 ALTER TABLE `liked` DISABLE KEYS */;
INSERT INTO `liked` VALUES (2,2,'W7KSeTIbp85TDdfSAWC93bjr+6oocLDaXSvf+6rAzbM='),(3,4,'qrdb2PBV/AcIthoFenbgKyoflBSvCPAwb+1JOLyb28k='),(4,4,'W7KSeTIbp85TDdfSAWC93bjr+6oocLDaXSvf+6rAzbM='),(5,4,NULL),(6,4,'hDIZF3paN1HjNuuivtZ9W2bzsYqPa6o8WJQLBEyr2uo='),(7,5,'hDIZF3paN1HjNuuivtZ9W2bzsYqPa6o8WJQLBEyr2uo='),(9,16,'qrdb2PBV/AcIthoFenbgKyoflBSvCPAwb+1JOLyb28k=');
/*!40000 ALTER TABLE `liked` ENABLE KEYS */;
UNLOCK TABLES;

--
-- Table structure for table `project`
--

DROP TABLE IF EXISTS `project`;
/*!40101 SET @saved_cs_client     = @@character_set_client */;
/*!50503 SET character_set_client = utf8mb4 */;
CREATE TABLE `project` (
  `project_id` bigint NOT NULL AUTO_INCREMENT,
  `category` varchar(255) COLLATE utf8mb4_general_ci DEFAULT NULL,
  `created_at` datetime(6) DEFAULT NULL,
  `deploy_address` varchar(255) COLLATE utf8mb4_general_ci DEFAULT NULL,
  `git_address` varchar(255) COLLATE utf8mb4_general_ci DEFAULT NULL,
  `hits` int NOT NULL,
  `introduce` varchar(255) COLLATE utf8mb4_general_ci DEFAULT NULL,
  `readme` longtext COLLATE utf8mb4_general_ci,
  `split_title` varchar(255) COLLATE utf8mb4_general_ci DEFAULT NULL,
  `thumbnail` varchar(255) COLLATE utf8mb4_general_ci DEFAULT NULL,
  `title` varchar(255) COLLATE utf8mb4_general_ci DEFAULT NULL,
  `updated_at` datetime(6) DEFAULT NULL,
  `user_id` varchar(255) COLLATE utf8mb4_general_ci DEFAULT NULL,
  PRIMARY KEY (`project_id`),
  KEY `FKo06v2e9kuapcugnyhttqa1vpt` (`user_id`),
  CONSTRAINT `FKo06v2e9kuapcugnyhttqa1vpt` FOREIGN KEY (`user_id`) REFERENCES `user` (`user_id`)
) ENGINE=InnoDB AUTO_INCREMENT=21 DEFAULT CHARSET=utf8mb4 COLLATE=utf8mb4_general_ci;
/*!40101 SET character_set_client = @saved_cs_client */;

--
-- Dumping data for table `project`
--

LOCK TABLES `project` WRITE;
/*!40000 ALTER TABLE `project` DISABLE KEYS */;
INSERT INTO `project` VALUES (2,'특화','2022-05-18 14:11:02.362487','','https://github.com/eunseo130/Retter',15,'TTS를 이용한 음성카드 만들기 서비스입니다','# Re:tter\n> ? 소중한 사람들에게 마음을 전해요.\nTTS 모델을 활용한 음성카드 만들기 서비스\n\n1. 일정 : 2021.02.12 - 2021.04.08 (총 7주)\n\n2. 인원 (총 6인)\n\n   - 김은서 : 팀장, Backend, AI, Infra\n   - 김혜인 : Frontend\n   - 노건우 : Backend, AI\n   - 서예진 : Backend, AI\n   - 성당현 : Frontend\n   - 윤지영 : Backend, AI, Infra\n\n3. 기술 스택\n\n   - Frontend : React\n   - Backend : django, Python\n   - AI : Pytorch\n   - Infra : Docker\n   - DB : MySQL\n\n4. 아키텍처\n\n​	![architecture](https://github.com//eunseo130/Retter/raw/master/README.assets/architecture.PNG)\n\n\n5. 주요 기능\n\n![009](https://github.com//eunseo130/Retter/raw/master/README.assets/009.png)\n\n![010](https://github.com//eunseo130/Retter/raw/master/README.assets/010.png)	\n\n![011](https://github.com//eunseo130/Retter/raw/master/README.assets/011.png)\n\n![012](https://github.com//eunseo130/Retter/raw/master/README.assets/012.png)\n\n','Re:tter','http://k6c104.p.ssafy.io/images/projectImg/fa3a24f8-53ed-46c1-b13d-b061e4dfe9f5_011.png','Re:tter','2022-05-19 11:23:38.696080','qrdb2PBV/AcIthoFenbgKyoflBSvCPAwb+1JOLyb28k='),(3,'특화','2022-05-18 14:11:55.668562','','https://github.com/hyunse0/docong',27,'원격 일잘러들을 위한 집중 서비스입니다.','\n\n# 두콩(DOCONG)\n\n<img width=\"1459\" alt=\"image\" src=\"https://user-images.githubusercontent.com/44612896/161991250-2d06877d-f4d6-4911-9c94-7ea4c364bc72.png\">\n\n<br/>\n\n**웹 기반 Pomodoro Timer 및 집중 시간 분석 서비스**\n\n> 여러분은 집중을 잘하고 계신가요?<br/>\n> 얼마나 프로젝트에 집중했는지? 어떤 분야에 내가 시간을 투자했는지? 궁금한 적이 있지 않으신가요?\n>\n> <br/>\n>\n> <br/>\n>\n> 할 일을 생성하고 타이머 사용해 최대한 집중력을 발휘해 보세요! <br/>\n> 콩을 분석해서 여러분의 시간을 분석해보세요!\n>\n> <br/>\n\n<br><br>\n\n## 프로젝트 목차\n- [두콩(DOCONG)](#두콩DOCONG)\n  - [프로젝트 목차](#프로젝트-목차)\n  - [1️⃣ 프로젝트 소개](#1️⃣-프로젝트-소개)\n    - [? 기술 스택](#-기술-스택)\n    - [? 애플리케이션 아키텍처](#-애플리케이션-아키텍처)\n    - [? 디자인](#-디자인)\n  - [2️⃣ 프로젝트 파일 구조](#2️⃣-프로젝트-파일-구조)\n    - [Backend](#backend)\n    - [Frontend](#frontend)\n  - [4️⃣ 프로젝트 산출물](#4️⃣-프로젝트-산출물)\n  - [5️⃣ 프로젝트 결과](#5️⃣-프로젝트-결과)\n  <br><br>\n\n## 1️⃣ 프로젝트 소개\n1. 일정 : 2021-02-12 ~ 2021-04-07 (총 7주)\n2. 인원 (총 5인)\n    - [이정음](https://github.com/jeongum) : 팀장, Backend,  Machine Learning\n    - [김영훈](https://github.com/HoonyCode) : Backend, Infra\n    - [유혜승](https://github.com/hazel-u) : Backend, Frontend\n    - [이재희](https://github.com/Hui-Story) : Frontend\n    - [이남수]() : Backend, Infra\n    - [하현서](https://github.com/hyunse0) : Backend, Machine Learning\n\n<br><br>\n\n### ? 기술 스택\n\n1. 이슈관리 : Jira\n2. 형상관리 : Gitlab\n3. 커뮤니케이션 : Mattermost, Notion, slack\n4. 디자인 : Figma\n5. 개발 환경\n   - OS : Windwos 10\n   - DB : MariaDB 10.7.3\n   - Server : AWS EC2, Ubuntu 20.04, Jenkins 2.303.2, nginx 1.18.0\n6. Frontend\n   - HTML5, node-sass 7.0.1, TypeScript 4.6.2\n   - React 17.0.2, react-redux 7.2.6, Node.js 16.14.0, Yarn 1.22.17\n   - redux-saga 1.1.3, react-router-dom 6.2.2, styled-components 5.3.3, material-ui 5.5.0, react-apexcharts 1.4.0\n7. Backend\n   - Java JDK 11\n   - SpringBoot 2.6.4, Spring JPA, Spring Security\n   - Lombok 1.18.20, Swagger 2.9.2, jwt 3.18.2\n8. Machine Learning\n   -  pandas \n   - scikit-learn \n10. IDE&Tool\n    - intelliJ 21.3.2\n    - HeidiSQL\n    - Visual Studio Code 1.65.2\n\n<br><br>\n\n### ? 애플리케이션 아키텍처\n\n<img width=\"1000\" alt=\"image\" src=\"https://user-images.githubusercontent.com/44612896/162042288-b1597f5b-c9f1-465c-8d26-1f9f4dc8263e.png\">\n\n<br><br>\n\n### ? 디자인\n\n<img width=\"1000\" alt=\"image\" src=\"https://user-images.githubusercontent.com/44612896/162036475-7e91caab-928e-4ff4-9130-7635045c7fc3.png\">\n\n<br><br>\n\n## 2️⃣ 프로젝트 파일 구조\n\n### Backend\n\n```\nbackend/docong/src\n├── main\n│   ├── java\n│   │   └── com\n│   │       └── b5f1\n│   │           └── docong\n│   │               ├── DocongApplication.java\n│   │               ├── aop\n│   │               ├── api\n│   │               │   ├── controller\n│   │               │   │   └── ...\n│   │               │   ├── dto\n│   │               │   │   ├── request\n│   │               │   │   │   └── ...\n│   │               │   │   └── response\n│   │               │   │       └── ...\n│   │               │   ├── exception\n│   │               │   │   ├── CustomException.java\n│   │               │   │   ├── ErrorCode.java\n│   │               │   │   ├── handler\n│   │               │   │   │   └── ...\n│   │               │   │   ├── model\n│   │               │   │   │   └── ...\n│   │               │   │   └── sender\n│   │               │   │       └── ...\n│   │               │   ├── resolver\n│   │               │   │   └── ...\n│   │               │   └── service\n│   │               │       └── ...\n│   │               ├── config\n│   │               │   ├── ...\n│   │               │   ├── auth\n│   │               │   │   └── ...\n│   │               │   ├── jwt\n│   │               │   │   └── ...\n│   │               │   └── oauth\n│   │               │       └── provider\n│   │               │           └── ...\n│   │               ├── core\n│   │               │   ├── domain\n│   │               │   │   ├── BaseEntity.java\n│   │               │   │   ├── group\n│   │               │   │   │   └── ...\n│   │               │   │   ├── mattermost\n│   │               │   │   │   └── MattermostProperties.java\n│   │               │   │   ├── pomodoro\n│   │               │   │   │   └── ...\n│   │               │   │   ├── todo\n│   │               │   │   │   └── ...\n│   │               │   │   └── user\n│   │               │   │       └── ...\n│   │               │   ├── queryrepository\n│   │               │   │   └── ...\n│   │               │   └── repository\n│   │               │       └── ...\n│   │               └── security\n│   │                   └── jwt\n│   │                       └── fill.txt\n│   └── resources\n│       ├── application-aws.yml\n│       ├── application-local.yml\n│       └── application.yml\n└── test\n    ├── java\n    │   └── com\n    │       └── b5f1\n    │           └── docong\n    │               ├── DocongApplicationTests.java\n    │               └── api\n    │                   ├── controller\n    │                   │   └── ...\n    │                   ├── dto\n    │                   └── service\n    │                       └── ...\n    └── resources\n        └── application.yml\n\n```\n\n### Frontend\n\n```\nfrontend/docong/src\n├── @types\n│   ├── apexcharts.d.ts\n│   └── index.d.ts\n├── App.test.js\n├── App.tsx\n├── api\n│   └── ...\n├── components\n│   ├── auth\n│   │   └── ...\n│   ├── group\n│   │   └── ...\n│   └── user\n│       └── ...\n├── containers\n│   ├── NavBarContainer.tsx\n│   ├── auth\n│   │   └── ...\n│   ├── group\n│   │   └── ...\n│   └── user\n│       └── ...\n├── hooks\n│   └── user\n│       └── ...\n├── index.scss\n├── index.tsx\n├── lib\n│   └── ...\n├── logo.svg\n├── modules\n│   ├── group\n│   │   └── ...\n│   ├── groupTodo\n│   │   └── ...\n│   ├── index.ts\n│   ├── todo\n│   │   └── ...\n│   └── user\n│       └── ...\n├── pages\n│   ├── NavBarPage.tsx\n│   ├── auth\n│   │   └── ...\n│   ├── group\n│   │   └── ...\n│   └── user\n│       └── ...\n├── reportWebVitals.ts\n├── serviceWorkerRegistration.js\n└── setupTests.ts\n```\n\n<br>\n\n## 4️⃣ 프로젝트 산출물\n\n\n\n| Notion                         | [Docong Notion 바로가기](https://hoonycode.notion.site/DOCONG-5edb319c5fe740d59e9aa2d51862f48a) |\n| ------------------------------ | ------------------------------------------------------------ |\n| **프로젝트 계획서**            | [바로가기](https://hoonycode.notion.site/3a0858e268ed4ab38f84958f9c4c35b9) |\n| **요구사항 명세서**            | [바로가기](https://hoonycode.notion.site/97a540499299439ea6e546e879949148?v=243ee694716c4ca186d3e42dcabd8efe) |\n| **과제 리뷰 일지 & 미팅 자료** | [바로가기](https://hoonycode.notion.site/8e68bf7fa3464389acfd40b19ebf3a7c) |\n| **팀 컨벤션**                  | [바로가기](https://hoonycode.notion.site/ff83485995444308b9b90d5f86c47bf7) |\n| **학습 자료 공유**             | [바로가기](https://hoonycode.notion.site/616eabbded3d4e1a93503a98135811fd) |\n| **Wireframe**                  | [바로가기](https://www.figma.com/file/9Zam5pM8ZUlpRlAYgzl2I5?embed_host=notion&kind=&node-id=207%3A275&viewer=1) |\n| **Mockup & Prototype**         | [바로가기](https://www.figma.com/file/VoUaXkmQT3bf7t7E5Lw3YX?embed_host=notion&kind=&node-id=0%3A1&viewer=1) |\n| **유저가이드**                 | [바로가기](https://mangrove-purchase-535.notion.site/Docong-User-Guide-5591e2fb4f87445e82e55bd34e5b6bbe) |\n| **ERD**                        | [바로가기](https://hoonycode.notion.site/9aeabbaf31f94b39ba48f7584ed7d118) |\n| **BackEnd - API Docs**         | [바로가기](https://hoonycode.notion.site/d72a1a3fc764466d8ad1301cd312fdbd?v=1ff66a9be81348c79ae8eed07b507324) |\n| **포팅 메뉴얼**                | [바로가기](https://lab.ssafy.com/s06-s-project/S06P21S003/-/wikis/%ED%8F%AC%ED%8C%85-%EB%A9%94%EB%89%B4%EC%96%BC) |\n| **최종 발표 자료**             | [바로가기]()                                                 |\n| **프로젝트 서비스 UCC**        | [바로가기]()                                                 |\n\n\n\n## 5️⃣ 프로젝트 결과\n\n','ㄷㅜㅋㅗㅇ (Docong)','http://k6c104.p.ssafy.io/images/projectImg/1dd16766-2cd2-49da-a90c-8ac22419933b_KakaoTalk_20220518_141129310.png','두콩 (Docong)','2022-05-19 12:00:00.695680','W7KSeTIbp85TDdfSAWC93bjr+6oocLDaXSvf+6rAzbM='),(4,'특화','2022-05-18 14:13:39.774437','','https://github.com/khyunchoi/Rikey',146,'RIDE + BIKE = RIKEY','# 나의 라이딩 메이트, RIKEY ?\n\n> RIDE + BIKE = RIKEY ?\n\n![rikey_logo](https://github.com//khyunchoi/Rikey/raw/master/README.assets/rikey_logo.png)\n\n\n## 프로젝트 소개\n\n* 프로젝트명: RIKEY\n* 개발 기간: 2022.02.21 ~ 2022.04.08\n* 서비스 특징 및 주요기능\n  - 오늘의 날씨, 라이딩 안전 수칙 등의 정보 제공\n  - 내 위치를 기준으로 가까운 자전거 코스 추천\n  - 주행 시간, 주행 거리, 소모 칼로리 등의 주행 정보 관리 기능\n  - 실시간 주변 편의시설 정보 제공\n  - 라이더 모집, 자유 게시판 등의 커뮤니티 서비스 제공\n* 주요 기술\n  - React Native\n  - Spring boot\n  - JPA\n  - Rest API\n  - MySQL\n\n\n\n\n## 목차 \n\n[**1.팀소개**](#1-팀소개-)\n\n[**2.프로젝트 소개**](#2-프로젝트-소개-)\n\n   - 홈\n   - 프로필\n   - 주행\n   - 코스 추천\n   - 주변 편의시설\n   - 커뮤니티\n\n   \n\n[**3.프로젝트 명세**](#3-프로젝트-명세-)\n\n   - 아키텍처\n   - ERD\n   - UI 프토로타입\n   - API 명세서\n   - 요구사항 명세서   \n\n## 1. 팀소개 ?\n\n> 팀명 : 한사랑개발회?\n\n\n\n\n### ?‍♂️ Front-end\n\n- 김형준: 네이버 소셜 로그인, 회원가입, 홈화면, 사용자 정보 상태관리, 실시간 GPS를 통한 날씨 API 사용, 프로필 구현, 개인정보 변경 페이지 구현\n- 정동균: 커뮤니티 보드 조회, 카테고리별 보드제공, Article CRUD, Comment CRUD, 게시글 검색, 좋아요 로직 구현\n- 정우철: 주행정보 기록, 편의시설 위치 표시, 주행 정보 기반 칼로리 산출, 하버사인 공식을 사용한 주행 거리 산출, 주변 자전거길 표시, 자전거길 리뷰\n\n### ?‍♀️ Back-end\n\n- 김홍중: DB설계, 코스 리뷰 및 커뮤니티 댓글 CRUD API 개발\n- 장영하: 하버사인 공식을 이용한 실시간 편의시설 검색 기능, 게시판 CRUD API 개발, Nginx를 이용한 이미지 저장 기능 구현\n- 최강현: 사용자 인증 및 프로필 관련 API 개발, Hadoop을 이용한 자전거 편의시설 데이터 분산처리, Nginx를 이용한 EC2 서버 배포\n\n\n\n\n## 2. 프로젝트 소개 ?\n\n>라이키와 함께 자전거 여행을 떠나보세요!\n>\n>내 주변 가까운 인기 자전거 코스를 추천받고, 코스를 추천할 수 있습니다! :)\n>\n>실시간 주행정보를 확인하고, 가까운곳의 화장실, 편의점, 자전거 보관소 등의 편의시설 검색도 가능합니다!\n>\n>라이더 모집 게시판을 통해 같이 자전거를 탈 라이더들을 모아 단체 라이딩도 즐겨보세요 ?\n\n\n\n### 2.1 홈\n\n![KakaoTalk_20220406_214343893](https://github.com//khyunchoi/Rikey/raw/master/README.assets/KakaoTalk_20220406_214343893.gif)\n\n- 오늘의 날씨 정보(기온, 습도, 풍속, 날씨)를 제공합니다.\n\n-  매일 새로운 자전거 안전 수칙을 제공해 더 안전하고 올바른 라이딩 생활을 도와줍니다.\n\n  \n\n### 2.2 프로필\n\n![KakaoTalk_20220406_214343893_01](https://github.com//khyunchoi/Rikey/raw/master/README.assets/KakaoTalk_20220406_214343893_01.gif)\n\n- 내 프로필사진과 소개말, 이름과 지역을 보여주고 `편집버튼`을 누르면 개인정보 수정이 가능합니다. 이 페이지에서 로그아웃과 탈퇴가 가능합니다.\n- 지금까지의 라이딩 기록을 기반으로 누적 칼로리, 누적 거리, 누적 시간을 계산해서 보여줍니다.\n- `내가 쓴 글`, `내가 쓴 댓글`, `내가 쓴 코스 후기`, `나의 주행 기록`을 볼 수 있습니다.\n\n\n\n### 2.3 주행\n\n![KakaoTalk_20220406_214343893_02](https://github.com//khyunchoi/Rikey/raw/master/README.assets/KakaoTalk_20220406_214343893_02.gif)\n\n![KakaoTalk_20220407_173143478](https://github.com//khyunchoi/Rikey/raw/master/README.assets/KakaoTalk_20220407_173143478.gif)\n\n- 네비게이션바의 지도 모양의 버튼을 누르면 현재 내 주변의 자전거 코스를 추천해줍니다.\n- 코스를 누르면 해당 코스의 점수, 정보, 설명, 코스 후기들을 볼 수 있고 코스 후기 작성도 가능합니다.\n- `주행 시작` 버튼을 누르면 주행 기록이 시작되고 내가 지나온 길을 트래킹해줍니다.\n\n\n\n### 2.4 주변 편의시설\n\n![KakaoTalk_20220406_214343893_03](https://github.com//khyunchoi/Rikey/raw/master/README.assets/KakaoTalk_20220406_214343893_03.gif)\n\n- 자전거보관소, 편의점, 공공화장실 중 원하는 편의시설을 선택하면 내 주변 반경 10km 이내에 있는 편의시설이 검색됩니다.\n\n- 검색된 편의시설을 누르면 오픈시간, 자전거 공기주입기 여부 등의 상세 정보를 볼 수 있습니다.\n\n  \n\n### 2.5 커뮤니티\n\n![KakaoTalk_20220406_214343893_04](https://github.com//khyunchoi/Rikey/raw/master/README.assets/KakaoTalk_20220406_214343893_04.gif)\n\n- 칼로리별, 누적거리별, 누적시간 별 나의 랭킹을 보여줍니다.\n- 라이키 회원들이 쓴 게시글을 볼 수 있습니다. 가장 위의 3개의 게시글은 가장 조회수가 높은 게시글이 보여지게 됩니다.\n-  필터를 걸면 라이더(같이 자전거 탈 사람) 모집, 자유 게시판으로 나누어서 볼 수 있습니다.\n- 상단의 `돋보기` 버튼을 통해 해당 단어가 들어간 게시글을 검색할 수 있습니다.\n- 게시글을 누르면 해당 게시글의 디테일 페이지로 이동합니다.\n- 디테일 페이지에서는 `하트` 버튼을 통해 좋아요를 등록할 수 있고 댓글도 작성할 수 있습니다.\n- 하단의 `연필` 버튼을 누르면 글작성 페이지로 이동합니다.\n- 제목과 내용, 사진을 첨부해서 게시글을 작성할 수 있습니다.\n\n\n\n## 3. 프로젝트 명세 ?\n\n### 3.1 아키텍처\n\n![서비스_아키텍처](https://github.com//khyunchoi/Rikey/raw/master/README.assets/서비스_아키텍처.png)\n\n\n\n### 3.2 ERD\n\n![erd](https://github.com//khyunchoi/Rikey/raw/master/README.assets/erd.png)\n\n\n\n### 3.3 UI 프로토타입\n\n> [ UI Prototype](https://www.figma.com/file/YZbTWMzc69LeCoL98ZLeix/rikey?node-id=0%3A1)\n\n![프로토타입](https://github.com//khyunchoi/Rikey/raw/master/README.assets/프로토타입.png)\n\n\n\n### 3.4 API 명세서\n\n![api_명세서](https://github.com//khyunchoi/Rikey/raw/master/README.assets/api_명세서.png)\n\n### 3.5 요구사항 명세서\n\n| 순번 | 분류           | 요구사항 코드 | 요구사항명              | 요구사항 설명                                                | 우선순위 |\n| ---- | -------------- | ------------- | ----------------------- | ------------------------------------------------------------ | -------- |\n| 1    | 메인 (F01)     | F01-1         | 메인 화면               | 선택한 지역의 날씨 정보(날씨, 기온, 습도, 풍속, 구름)과 자전거 안전 수칙을 보여 준다. | ⭐⭐⭐      |\n| 2    | 회원 (F02)     | F02-1         | 회원가입                | 닉네임과 지역(전체 시)을 선택한다.                           | ⭐⭐⭐      |\n| 3    |                | F02-2         | 로그인                  | 카카오 소셜 로그인을 통해 간편 로그인을 한다.                | ⭐⭐⭐      |\n| 4    |                | F02-3         | 로그아웃                | 로그아웃을 한다.                                             | ⭐⭐⭐      |\n| 5    |                | F02-4         | 프로필 조회(My)         | 이름, 닉네임, 소개, 지역, 주간 소비 칼로리/주행거리/주행시간, 내가 쓴 글/댓글/코스 후기를 보여 준다. | ⭐⭐⭐      |\n| 6    |                | F02-5         | 프로필 조회(Other)      | 이름, 닉네임, 소개, 지역, 주간 소비 칼로리/주행거리/주행시간, 채팅 초대 버튼을 보여준다. | ⭐⭐⭐      |\n| 7    |                | F02-6         | 주행기록 상세 조회      | 회당 소비 칼로리/주행거리/주행시간 목록을 보여준다.          | ⭐⭐       |\n| 8    |                | F02-6         | 회원 정보 수정/탈퇴     | 프로필 이미지, 닉네임, 소개, 지역을 수정하거나 회원을 탈퇴한다. | ⭐⭐       |\n| 9    | 커뮤니티 (F03) | F03-1         | 프로필 정보             | 주간 랭킹, 주간 소비 칼로리, 주행거리, 주행시간을 보여 준다. | ⭐⭐⭐      |\n| 10   |                | F03-2         | 최근 게시글 조회        | 최근 올라온 게시글 리스트를 보여 준다.                       | ⭐⭐⭐      |\n| 11   |                | F03-3         | 게시글 조회             | 전체/자유/모집 게시판을 선택하면 해당 전체 게시글을 보여 준다. | ⭐⭐⭐      |\n| 12   |                | F03-4         | 게시글 상세 조회        | 게시글을 누르면 게시글 상세 페이지로 이동하고 상세 정보를 보여 준다. | ⭐⭐⭐      |\n| 13   |                | F03-5         | 게시글 작성             | 제목, 내용, 사진을 포함해서 게시글을 작성한다.               | ⭐⭐⭐      |\n| 14   |                | F03-6         | 게시글 수정/삭제        | 게시글을 작성한 작성자 만이 게시글을 수정/삭제할 수 있다.    | ⭐⭐⭐      |\n| 15   |                | F03-7         | 댓글 작성               | 한 게시글에 댓글을 작성한다.                                 | ⭐⭐⭐      |\n| 16   |                | F03-8         | 댓글 수정/삭제          | 댓글을 작성한 작성자 만이 댓글을 수정/삭제할 수 있다.        | ⭐⭐       |\n| 17   |                | F03-9         | 좋아요                  | 한 게시글에 좋아요를 등록하거나 취소한다.                    | ⭐⭐       |\n| 18   | 메신저 (F04)   | F04-1         | 메시지 리스트           | 전체 채팅 리스트를 보여준다.                                 | ⭐        |\n| 19   |                | F04-2         | 1:1 채팅                | 1:1로 메시지를 주고 받을 수 있다.                            | ⭐        |\n| 20   |                | F04-3         | 그룹 채팅               | 그룹으로 메시지를 주고 받을 수 있다.                         | ⭐        |\n| 21   |                | F04-4         | 그룹 채팅 초대          | 그룹에 사용자를 초대 한다.                                   | ⭐        |\n| 22   |                | F04-5         | 채팅 삭제               | 채팅을 나간다.                                               | ⭐        |\n| 23   | 주행 (F05)     | F05-1         | 주행 정보 기록 시작     | 현재 위치에서 주행정보 기록을 시작한다.                      | ⭐⭐⭐      |\n| 24   |                | F05-2         | 주행 정보 기록 일시정지 | 현재 위치에서 주행정보를 일시 정지한다.                      | ⭐⭐⭐      |\n| 25   |                | F05-3         | 주행 정보 기록 재개     | 현재 위치에서 주행정보를 재개한다.                           | ⭐⭐⭐      |\n| 26   |                | F05-4         | 주행 정보 저장          | 현재 위치에서 주행정보를 중단하고 저장한다. (누적 및 DB 저장) | ⭐⭐⭐      |\n| 27   | 코스정보 (F06) | F06-1         | 코스 리스트             | 내 주변에 있는 추천 코스들을 리스트로 보여 준다.             | ⭐⭐⭐      |\n| 28   |                | F06-2         | 코스 상세 정보          | 코스를 누르면 코스 상세 페이지로 이동하고 상세 정보와 후기를 보여 준다. | ⭐⭐⭐      |\n| 29   | 코스후기 (F07) | F07-1         | 코스 후기 작성          | 별점과 함께 후기를 남긴다.                                   | ⭐⭐⭐      |\n| 30   |                | F07-2         | 코스 후기 수정/삭제     | 후기를 작성한 작성자 만이 후기를 수정/삭제 할 수 있다.       | ⭐⭐       |\n| 31   | 편의시설 (F08) | F08-1         | 공공화장실              | 공공 화장실의 정보를 제공한다.                               | ⭐⭐⭐      |\n| 32   |                | F08-2         | 편의점                  | 편의점의 정보를 제공한다.                                    | ⭐⭐⭐      |\n| 33   |                | F08-3         | 자전거보관소            | 자전거 보관소의 정보를 제공한다.                             | ⭐⭐⭐      |\n| 34   |                | F08-4         | 설정                    | 설정에서 제공받을 정보를 선택해서 보여 준다.                 | ⭐⭐⭐      |\n| 35   |                | F08-5         | 상세정보                | 클릭(선택)한 편의시설의 상세정보를 제공한다.                 | ⭐⭐⭐      |\n\n','RIKEY','http://k6c104.p.ssafy.io/images/projectImg/be6f880f-62ea-4f64-9995-00f477338425_211D095054923B4B11.jpg','RIKEY','2022-05-19 12:32:22.245881','hDIZF3paN1HjNuuivtZ9W2bzsYqPa6o8WJQLBEyr2uo='),(5,'관통','2022-05-18 14:15:13.025662','','https://github.com/eunseo130/MovieApp',11,'음식 기반 영화 추천 서비스입니다','# SSAFYATER?\n\n## 팀 소개??‍???‍?\n\n- 프론트엔드 : 정우철(팀장)\n\n- 백엔드 : 김은서\n\n  \n\n## 기술 스택?\n\n![stack](https://github.com//eunseo130/MovieApp/raw/master/README.assets/stack.png)\n\n## 프로젝트 컨셉?\n\n- SSAFYATER = SSAFY + THEATER\n\n- 혼밥족 증가\n\n- 저녁 친구가 되어주는 영화\n\n- 음식에 따른 영화 추천\n\n  \n\n## 기능 구현?\n\n- 반응형 웹\n- 영화 검색\n- 영화 추천 \n- 게시판\n- 평점 및 좋아요\n\n\n\n## 영화 추천 알고리즘?\n\n- 음식 종류 기반 영화 장르 분류\n- 선택한 음식 기반 영화 10개 추천\n\n\n\n## ERD\n\n![ERD](https://github.com//eunseo130/MovieApp/raw/master/README.assets/ERD.png)\n\n\n\n## Flow Diagram\n\n![Flowdiagram](https://github.com//eunseo130/MovieApp/raw/master/README.assets/Flowdiagram.png)\n\n\n\n## UI\n\n![UI](https://github.com//eunseo130/MovieApp/raw/master/README.assets/UI.png)\n','SSAFYATER','http://k6c104.p.ssafy.io/images/projectImg/fd3f53fd-f59e-48b4-94dc-235563692108_001.png','SSAFYATER','2022-05-19 10:39:16.328064','qrdb2PBV/AcIthoFenbgKyoflBSvCPAwb+1JOLyb28k='),(6,'공통','2022-05-18 14:19:00.442869','','https://github.com/khyunchoi/FANTALK',16,'코로나 19로 인해 오프라인 팬미팅을 하지 못하는 기획사와 팬들을 위한 1:1 실시간 팬미팅 서비스','# 웹(웹 기술) 프로젝트\n\n## 카테고리\n\n| Application | Domain | Language | Framework |\n| ---- | ---- | ---- | ---- |\n| :white_check_mark: Desktop Web | :black_square_button: AI | :white_check_mark: JavaScript | :white_check_mark: Vue.js |\n| :black_square_button: Mobile Web | :black_square_button: Big Data | :black_square_button: TypeScript | :black_square_button: React |\n| :black_square_button: Responsive Web | :black_square_button: Blockchain | :black_square_button: C/C++ | :black_square_button: Angular |\n| :black_square_button: Android App | :black_square_button: IoT | :black_square_button: C# | :black_square_button: Node.js |\n| :black_square_button: iOS App | :black_square_button: AR/VR/Metaverse | :black_square_button: Python | :black_square_button: Flask/Django |\n| :black_square_button: Desktop App | :black_square_button: Game | :white_check_mark: Java | :white_check_mark: Spring/Springboot |\n| | | :black_square_button: Kotlin | |\n\n<br>\n\n# ?FANTALK ?(by TIMEROOM)\n> 코로나 19로 인해 오프라인 팬미팅을 하지 못하는 기획사와 팬들을 위한 1:1 실시간 팬미팅 서비스\n>\n> [배포링크](https://i6c105.p.ssafy.io)\n>\n> 2022.01.10 ~ 2022.2.18 (약 6주)\n\n<br>\n\n## ?목차\n\n- [프로젝트 소개](#프로젝트-소개)\n  - [기획 의도](#기획-의도)\n  - [팀원 및 역할](#팀원-및-역할)\n  - [서비스 소개](#서비스-소개)\n  - [개발 그라운드 룰](#개발-그라운드-룰)\n- [프로젝트 디자인](#프로젝트-디자인)\n  - [Service Architecture](#service-architecture)\n  - [UI Design](#ui-design)\n  - [ERD Design](#erd-design)\n  - [REST API](#rest-api)\n- [주요 기능](#주요-기능)\n  - [포팅 매뉴얼](#포팅-매뉴얼)\n  - [주요 기능 목록 및 설명](#주요-기능-목록-및-설명)\n\n<br>\n\n## 프로젝트 소개\n\n### 기획 의도\n\n- **코로나 19 확산으로 인한 오프라인 팬미팅의 대체재로써 온라인 팬미팅이 필요!**\n\n![1](https://github.com//khyunchoi/FANTALK/raw/master/README.assets/1.PNG)\n\n- **팬미팅 니즈를 중심으로한 STP 분석**\n\n![2](https://github.com//khyunchoi/FANTALK/raw/master/README.assets/2-16450736353511.PNG)\n\n<br>\n\n### 팀원 및 역할\n\n![3](https://github.com//khyunchoi/FANTALK/raw/master/README.assets/3.PNG)\n\n<br>\n\n### 서비스 소개\n\n#### ? 연예인과의 \'1:1 실시간 팬미팅\'\n\n- **사전에 부여받은 입장코드를 통해 연예인과 1:1 실시간 팬미팅**\n\n#### ? 팬들끼리의 소통창구 \'팬 커뮤니티\'\n\n- **팬미팅 후기 공유 및 같은 연예인을 좋아하는 팬들을 위한 팬 커뮤니티**\n\n<br>\n\n### 개발 그라운드 룰\n\n#### ? Git branch 전략\n\n- **master** : 라이브 서버에 제품으로 출시되는 브랜치\n- **name** : 현재 작업하고 있는 팀원의 브랜치\n  - ex) hongjung\n- **hotfix** : master 브랜치에서 발생한 버그를 수정하는 브랜치\n- **commit message rule**\n  - \'날짜 기능명-작업종류 [간단한 작업 내용]\'\n    - ex) \'0119 signup-create [...]\'\n    - ex) \'0120 signup-hotfix [...]\'\n- 한번 merge된 브랜치는 삭제하고 재생성해서 작업\n\n#### ? BE\n\n- SOLID를 기반으로 객체 지향 설계 추구\n- DAO는 JPA Repository를 사용, DTO를 만들어 Entity로 직접 API 통신을 송수신 하지 않음\n- 주석을 통해 개발 내용을 공유\n\n#### ? FE\n\n- 사용자 경험을 최우선시함\n- 일관된 색과 디자인을 추구\n\n<br>\n\n## 프로젝트 디자인\n\n### Service Architecture\n\n>주요 기술 스택\n>\n>실시간 영상 서비스의 빠른 구축을 위해 WebRTC, Kurento, Stun, Turn 등이 결집된 오픈소스 플랫폼 \'OpenVidu\'를 이용\n>\n>OpenVidu의 카메라 권한이 Https에서만 허용되기 때문에 \'Nginx\'를 이용하여 SSL 설정\n>\n>개발의 생산성을 위해 \'Jenkins\'를 이용하여 자동 빌드 및 배포를 실행\n>\n>\'Jira\'를 이용하여 애자일 개발을 지향하려고 노력(스프린트 주기 설정, 백로그 관리 등)\n\n![service_architecture](https://github.com//khyunchoi/FANTALK/raw/master/README.assets/service_architecture.PNG)\n\n<br>\n\n### UI Design\n\n#### ? Color Palette\n\n- **22년 올해의 팬톤 컬러인 \'베리 페리\'를 중심으로 Color Palette 설계**\n\n![4](https://github.com//khyunchoi/FANTALK/raw/master/README.assets/4.PNG)\n\n#### ? UI\n\n- **Figma를 이용하여 UI Design**\n\n- **메인 페이지 & 회원 관리 페이지**\n\n![6](https://github.com//khyunchoi/FANTALK/raw/master/README.assets/6-16450746642512.PNG)\n\n- **팬 커뮤니티 페이지**\n\n![7](https://github.com//khyunchoi/FANTALK/raw/master/README.assets/7.PNG)\n\n- **팬미팅 신청 페이지**\n\n![8](https://github.com//khyunchoi/FANTALK/raw/master/README.assets/8.PNG)\n\n- **팬미팅 페이지**\n\n![9](https://github.com//khyunchoi/FANTALK/raw/master/README.assets/9.PNG)\n\n<br>\n\n### ERD Design\n\n- **ERD Cloud를 이용하여 ERD 설계**\n\n![5](https://github.com//khyunchoi/FANTALK/raw/master/README.assets/5.PNG)\n\n<br>\n\n### REST API\n\n- **Swagger을 이용하여 REST API 설계 및 정리**\n\n![10](https://github.com//khyunchoi/FANTALK/raw/master/README.assets/10.png)\n\n<br>\n\n## 주요 기능\n\n### 포팅 매뉴얼\n\n- [포팅 매뉴얼](https://lab.ssafy.com/s06-webmobile1-sub2/S06P12C105/-/tree/master/exec)\n- 설치 가이드\n\n````\n#git clone\n\n#backend\ncd backend-java\nsudo chmod +x ./gradlew\nsudo ./gradlew clean build\ncd ..\nsudo docker run -d --name timeroom-backend --network host timeroom/backend-spring-boot-docker\n\n# openvidu-server\ncd /opt/openvidu\n/sudo openvidu start\n```\n````\n\n- 포트 설정\n\n```\nufw allow ssh\nufw allow 80/tcp\nufw allow 443/tcp\nufw allow 3478/tcp\nufw allow 3478/udp\nufw allow 5044/tcp\nufw allow 9200/tcp\nufw allow 40000:65535/tcp\nufw allow 40000:65535/udp\nufw allow 9090/tcp # 젠킨스\nufw enable\n```\n\n<br>\n\n### 주요 기능 목록 및 설명\n\n#### ? 팬 커뮤니티\n\n- 올바른 팬덤 문화 형성과 기획사의 개입 최소화를 위해 FANTALK 운영진이 생성, 수정, 삭제를 관리\n- 각 게시글과 댓글에 대한 수정, 삭제는 작성한 회원만 보이고 가능\n\n#### ? 1:1 실시간 팬미팅\n\n- 사전에 권한을 받은 기업회원만 팬미팅 신청 가능(FANTALK 운영진이 따로 권한을 부여)\n- 팬미팅은 해당 팬미팅을 신청한 기업회원만 수정, 삭제 가능\n- 팬미팅 신청이 완료되면 기업회원에게 입장 코드 목록을 제공 (FANTALK 운영진이 따로 메일을 통해 전달)\n- 팬미팅은 기업회원이 먼저 입장한 후에 일반회원이 입장 가능\n- 일반회원은 현재 진행 중인 팬미팅에는 입장이 불가능\n- 일반회원은 한번 사용한 입장코드 재사용 불가\n- OpenVidu API(Signal)를 이용하여 실시간 채팅 가능\n\n\n\n\n\n\n\n\n\n','FANTALK','http://k6c104.p.ssafy.io/images/projectImg/f5da4a02-7b45-4144-a415-6ddad8035431_FANTALK (1).png','FANTALK','2022-05-19 10:43:58.490207','hDIZF3paN1HjNuuivtZ9W2bzsYqPa6o8WJQLBEyr2uo='),(7,'공통','2022-05-18 14:23:58.546730','','https://github.com/DongKyunJung/Caffe-in',29,'카페인입니다.','<!-- 필수 항목 -->\n\n## 카테고리\n\n| Application | Domain | Language | Framework |\n| ---- | ---- | ---- | ---- |\n| :white_check_mark: Desktop Web | :black_square_button: AI | :white_check_mark: JavaScript | :black_square_button: Vue.js |\n| :white_check_mark: Mobile Web | :black_square_button: Big Data | :black_square_button: Html | :white_check_mark: React |\n| :white_check_mark: Responsive Web | :black_square_button: Blockchain | :black_square_button: C/C++ | :black_square_button: Angular |\n| :black_square_button: Android App | :black_square_button: IoT | :black_square_button: C# | :black_square_button: Node.js |\n| :black_square_button: iOS App | :black_square_button: AR/VR/Metaverse | :black_square_button: Python | :black_square_button: Flask/Django |\n| :black_square_button: Desktop App | :black_square_button: Game | :white_check_mark: Java | :white_check_mark: Spring/Springboot |\n| | | :black_square_button: Kotlin | |\n\n<!-- 필수 항목 -->\n\n## 프로젝트 소개\n\n* 프로젝트명: 카페(디저트) 큐레이션 기반 SNS\n* 서비스 특징: 웹/모바일(웹 디자인) 스켈레톤 프로젝트\n* 주요 기능\n  - 회원 관리\n  - 관심사로 등록된 피드 확인\n  - SNS 기능 (피드, 팔로우/언팔로우, 댓글, 좋아요)\n  - 지도를 통한 점포 가독성\n* 주요 기술\n  - JPA\n  - React\n  - JWT Authentication\n  - REST API\n  - Jenkins CI/CD\n* [참조 리소스](#참고사이트)\n* 배포 환경\n  - URL: http://i6c104.p.ssafy.io/\n  - 테스트 계정: \n\n<!-- 자유 양식 -->\n\n## 팀 소개\n* 박주한: 팀장, 프론트엔드 개발\n* 이승현: 부팀장, 백엔드 개발\n* 박소희: 백엔드 개발 \n* 서은민: 백엔드 개발\n* 정동균: 프론트엔드 개발\n* 유병재: 프론트엔드 개발\n\n<!-- 자유 양식 -->\n\n## 프로젝트 상세 설명\n### 기획 \n- **회원 가입**\n  - **자체 회원가입**\n    - 회원은 이메일을 입력후 이메일 인증을 한다.\n    - 이메일 중복 불가 \n    - 데이터 입력 후 이메일 인증 완료(이메일, 인증 코드를 서버에 넘겨서 코드가 일치해야함)\n    - 이메일 인증이 완료 되면 추가 데이터(비밀번호, 아이디, 프로필 사진, 관심사)를 입력받는다.\n      - 비밀번호는 영문+숫자+특수문자 모두 포함(최소 8자, 최대 15자)해야 한다.\n      - 비밀번호 확인도 필요 (이중 확인)\n      - 아이디 영문+숫자+특수문자(“_ , -, .”)(최소 4자, 최대 10자)(영문 or 숫자 필수 입력) 여야 한다.(중복 불가)\n      - 프로필 사진을 등록하지 않으면 null이 입력된다. (null일 경우 기본 이미지 제공)\n      - 관심사 카테고리 선택 (최소 0~3개 선택, 분위기/메뉴 상관없음)\n      - 데이터 입력 후 회원 가입 완료\n\n  - **SSO (OAuth. 네이버, 카카오, 구글 로그인)**\n    - 소셜 회원가입 버튼을 누른다.\n    - 해당 네이버,카카오,구글 아이디에서 받은 값을 이메일 값으로 회원가입한다.\n    - 소셜 회원가입을 하면 아이디가 임의로 생성되어 가입된다.\n    - 변경을 원할 시 회원 정보 수정을 이용하면 된다\n\n    <br>\n\n- **로그인**\n  - 이메일, 비밀번호 입력\n  - 이메일 기억하기 기능 존재\n  - 로그인 성공 시 access token과 refresh token이 발급되며, 로그인 이후 요청하는 모든 request의 헤더에 Bearer로 access token을 보내줘야함\n  - access token 만료 시 access token과 refresh token을 서버에 보내서 토큰을 재발급 받아야함\n\n    <br>\n\n- **비밀번호 찾기**\n  - 자제 회원가입을 한 회원만 이용 가능하다.\n  - 이메일 인증 후 임시 비밀번호 발급 후 로그인 후 비밀번호 변경\n\n    <br>\n\n- **계정** \n  - 아이디, 게시물 수 , 팔로워, 팔로잉 수, 소개 , 프로필 사진, 관심사, 본인이 작성한 피드(메인 이미지만 최신순으로) 조회된다.\n  - 로그인 하지 않았을 경우 위의 조회만 가능하다.\n  - 로그인한 회원일 경우 팔로워 / 팔로잉 수 클릭시 각각의 목록이 조회된다.\n    - 본인 계정일 경우\n      - 팔로워 목록 \n        - 아이디, 프로필 사진, 팔로잉 여부(true/false)\n        - 팔로우 / 삭제 (상대방이 나의 계정 언팔로우 시키기) 가능\n      - 팔로잉 목록 \n        - 고유번호,아이디, 프로필 사진\n        - 팔로우 / 언팔로우 \n    - 다른 회원의 계정일 경우\n      - 팔로워 / 팔로잉 목록 조회 시 아이디, 프로필 사진, 팔로잉 여부(true/false)가 조회된다.\n      - 목록에 있는 회원 각각 팔로우 / 언팔로우 할 수 있다.\n      - 다른 회원의 계정에서 해당 회원을 팔로우 / 언팔로우 할 수 있다. \n  - 로그인한 회원의 본인 계정일 경우\n    - 본인의 프로필 상세 조회(아이디, 프로필 사진, 소개 , 이메일)가 가능하다.\n    - 회원 정보 수정도 가능하다. \n\n    <br>\n\n- **회원정보 수정 / 탈퇴**\n  - 아이디, 프로필 사진, 소개, 관심사 수정이 가능하다.\n    - 아이디는 반드시 입력되어야 한다.\n    - 아이디 영문+숫자+특수문자(“_ , -, .”)(최소 4자, 최대 10자)(영문 or 숫자 필수 입력) 여야 한다.(중복 불가)\n    - 프로필 사진은 기본 프로필 사진으로도 변경이 가능하다.\n    - 관심사 카테고리 선택 (최소 0~3개 선택, 분위기/메뉴 상관없음) \n  - 자체 회원가입을 한 회원은 비밀번호 변경이 가능하다.\n    - 비밀번호는 영문+숫자+특수문자 모두 포함(최소 8자, 최대 15자)해야 한다.\n    - 비밀번호 확인도 필요 (이중 확인)\n  - 탈퇴\n\n    <br>\n\n- **피드 - 상세보기**\n  - 조회 : 파일, 작성자 프로필 사진, 아이디, 작성일, 내용, 카테고리, 카페명, 좋아요 수, 북마크 수, 댓글, 회원이 좋아요를 눌렀는지 여부\n    - 좋아요 수 클릭시 좋아요를 누른 회원 목록 조회\n    -   팔로우 목록 조회와 동일\n        - 프로필 사진, 아이디, 팔로우 여부\n        - 팔로우 / 언팔로우 가능\n    - 작성자 클릭시 작성자 계정으로 이동\n    - 카테고리 클릭시 검색 결과로 이동\n    - 카페명 클릭시 카페 검색결과로 이동\n  - 등록\n    - 이미지, 작성자 고유 번호(로그인시 받은 고유 번호), 카테고리, 내용, 카페 명\n      - 카페 정보와 카테고리는 선택\n  - 삭제\n    - 피드 고유번호, 작성자 고유 번호로 삭제\n    - 댓글까지 삭제됨\n  - 수정\n    - 이미지 수정\n      - 삭제된 이미지가 있을 경우 해당 이미지의 번호도 넘겨주어야 함\n    - 내용 수정\n    - 카테고리 수정\n    - 카페 수정\n  - 좋아요 / 좋아요 취소\n  - 북마크 / 북마크 취소\n\n    <br>\n\n* **댓글 (로그인한 회원만 사용 가능)**\n  * 등록\n    * 내용 작성 안 했을 시 등록 불가\n  * 조회\n    * 첫 번째 댓글\n      * 작성자 프로필 사진, 작성자 아이디, 내용, 작성일, 좋아요 수, 로그인한 회원이 좋아요 눌렀는지에 대한 여부 조회\n    * 대댓글\n      * 첫 번째 댓글과 동일하나 부모 댓글 작성자의 아이디가 함께 조회\n    * 좋아요 수 클릭시 좋아요를 누른 회원 목록 조회\n      * 누른 회원의 프로필 사진, 아이디, 로그인한 회원이 해당 회원을 팔로우 했는지에 대한 여부 조회 \n  * 삭제\n    * 첫 번째 댓글 삭제 시 대댓글도 전부 삭제\n    * 대댓글이 삭제됐을 시 해당 댓글만 삭제 \n  * 좋아요 / 좋아요 취소\n    * 빈 하트 클릭시 좋아요\n    * 채워진 하트 클릭시 좋아요 취소\n    \n      <br>\n\n- **메인 화면**\n  - 지도\n    - 내 위치 기반으로 주변 카페 검색\n    - 내 위치 제공 불허용 사용자일 경우 지도 초기 마커 기반으로 카페 검색\n    - 지도에 표시된 카페 선택 시 토글 생성\n      - 카페 정보 (카페 사진, 카페 이름, 카페 주소(위치). 메뉴 정보, 리뷰)\n      - 카페 키워드\n  - 피드\n    - 이미지\n      - 로그인 : 내가 선택한 카테고리 기반 + 내가 팔로우한 사람의 게시글 + 나의 게시글 최신순으로 조회\n      - 그 외 : 랜덤으로 피드가 보여짐\n        - 관심사, 팔로우한 사람, 내가 작성한 글 모두 없으면\n        - 로그인을 하지 않았을 경우 등\n      - 로그인 했을시 좋아요 / 좋아요 취소 가능 (여부 확인) - 로그인한 회원만 가능\n      - 좋아요 수\n    - 블로그\n      - 프로필 사진, 아이디, 카페명, 내용, 이미지, 카테고리, 좋아요 수\n      - 로그인 했을시 좋아요 / 좋아요 취소 가능 (여부 확인) - 로그인한 회원만 가능\n\n    <br>\n\n* **검색 (로그인한 회원만 사용 가능)**\n  * 검색창은 탭\n  * 장소 검색\n    * 검색 기반의 카페가 지도에 표시\n    * 동 검색\n      * 해당 동의 카페가 지도에 표시 및 해당 카페 목록이 노출\n  * 카테고리 검색\n    * 카테고리가 포함된 피드 목록 조회\n    * 정렬 기준은 인기순 / 최신순\n  * 카페 검색\n    * 해당 카페의 위치가 지도에 표시\n    * 카페의 상세 정보 확인 가능\n    * 해당 카페가 등록된 피드 목록 조회 <br>\n\n\n- **북마크 목록**\n  - 메인의 피드 화면과 동일\n\n- **좋아요 목록**\n  - 메인의 피드 화면과 동일\n\n\n\n___\n\n### 와이어프레임\n  ![와이어1](uploads/와이어프레임1.png) \n  ![와이어2](uploads/와이어프레임2.png)\n  ![와이어3](uploads/와이어프레임3.png)\n  ![와이어4](uploads/와이어프레임4.png)\n  ![와이어5](uploads/와이어프레임5.png)\n\n### ERD \n  ![ERD](uploads/caffe_in_erd.png)\n\n___\n\n### 참고사이트\n* 백엔드 [링크 모음 Notion](https://zany-perigee-3ef.notion.site/Backend-05bdeded90ed49098dc7956267d71195)\n\n* 프론트엔드\n  * 무한 스크롤 : https://ghur2002.medium.com/react%EC%97%90%EC%84%9C-infinite-scroll-%EA%B5%AC%ED%98%84%ED%95%98%EA%B8%B0-128d64ea24b5\n  * 스켈레톤 컴포넌트 : https://ui.toast.com/weekly-pick/ko_20201110\n  * axios, fetch : https://studyandwrite.tistory.com/368, https://dream-frontend.tistory.com/383\n  * 게시판 기능 : https://www.youtube.com/watch?v=EDBYFsbjZ9I&list=PLEzWjQvavJSoI1gF7cP-uxFyJQD2l47O3&index=8&ab_channel=%EC%BD%94%EB%94%A9%EA%B2%AC%ED%9E%88%EC%B9%98HeechCoding\n  * \n','CAFFE-IN','http://k6c104.p.ssafy.io/images/projectImg/f8069454-c4d5-41ae-8527-42bb2c219671_따봉.png','CAFFE-IN','2022-05-19 12:00:05.033612','I+if2+xAkX+z+OSbEjOk8ywiJFxLGmT90HYO7XmtnRk='),(9,'관통','2022-05-18 14:35:48.413214','','https://github.com/khyunchoi/MOVIEGG',25,'MOVIE GG는 다양한 방법으로 영화 추천을 제공합니다.','![](https://github.com//khyunchoi/MOVIEGG/raw/master/README.assets/moviegg.png)\n\n\n\n## 목차?\n- [프로젝트 소개](#프로젝트-소개)\n- [Member](#member)\n- [역할](#역할)\n- [개발 가이드라인](#개발-가이드라인)\n- [스타일 가이드라인](#스타일-가이드라인)\n- [Tech Stack](#tech-stack)\n- [주요 기능 목록](#주요-기능-목록)\n- [ERD & UI](#erd-&-ui)\n- [캐릭터 고르기 알고리즘](#캐릭터-고르기-알고리즘)\n- [마무리 소감](#마무리-소감)\n\n<br>\n\n## 프로젝트 소개?\n\n>Welcome to the MOVIE GG <br>\n>MOVIE GG는 다양한 방법으로 영화 추천을 제공합니다. 당신만의 League of Legends 캐릭터를 고르고, 캐릭터에 어울리는 영화 추천을 받아보세요.\n\n<br>\n\n## Member?\n\n<table>\n  <tr>\n    <td align=\"center\"><a href=\"https://github.com/DongKyunJung\"><img src=\"https://avatars.githubusercontent.com/u/87457171?v=4\" width=\"100px;\" alt=\"\"/><br /><sub><b>DONGKYUN</b></sub></a><br /></td>\n    <td align=\"center\"><a href=\"https://github.com/khyunchoi\"><img src=\"https://avatars.githubusercontent.com/u/77478732?v=4\" width=\"100px;\" alt=\"\"/><br /><sub><b>GANGHYEON</b></sub></a><br /></td>\n    <td align=\"center\"><a href=\"https://github.com/HeoBeom\"><img src=\"https://avatars.githubusercontent.com/u/87457226?v=4\" width=\"100px;\" alt=\"\"/><br /><sub><b>HEOBEOM</b></sub></a><br /></td>\n  </tr>\n</table>  \n\n<br>\n\n## 역할?‍♂️\n\n- **정동균** (팀장) : 영화 추천 알고리즘 설계 & 추천 기능 구현\n- **최강현** (기술 고문) : 메인페이지 설계 & 게시판 기능 구현\n- **허범** (PM) : 소셜 로그인 & 사용자 인증 기능 구현\n\n<br>\n\n## 개발 가이드라인?\n\n- 상시 회의를 통해 프로젝트의 완성도를 높입니다.\n  - 평일은 9 to 6까지 필수, 이후 저녁에도 틈틈이 모여서 개발하기\n  - 주말은 하루는 쉬고 하루 열심히 달리기??\n- 정해진 Git branch 전략을 통해 협업의 일관성을 유지합니다.\n\n![image-20211125114828069](https://github.com//khyunchoi/MOVIEGG/raw/master/README.assets/image-20211125114828069.png)\n\n- 개발 일정을 준수하며, 이슈가 있을 시에는 즉각 공유하여 신속하게 해결합니다.\n\n![image-20211125115733717](https://github.com//khyunchoi/MOVIEGG/raw/master/README.assets/image-20211125115733717.png)\n\n<br>\n\n## 스타일 가이드라인?\n\n- CSS 클래스 지정은 App 이름을 포함하여 충돌을 방지합니다.\n- 길이, 높이, 테두리 등 세부 사항은 사전에 만든 UI 프로토 타입을 기준으로 지정합니다.\n- 색은 사전에 만든 컬러 팔레트를 기준으로 지정합니다.\n\n![image-20211125115902511](https://github.com//khyunchoi/MOVIEGG/raw/master/README.assets/image-20211125115902511.png)\n\n<br>\n\n## Tech Stack?\n\n![image-20211125133431987](https://github.com//khyunchoi/MOVIEGG/raw/master/README.assets/image-20211125133431987.png)\n\n<br>\n\n## 주요 기능 목록?\n\n- 네이버, 카카오, 구글, 깃헙 계정과 연동한 소셜 로그인 기능\n- 이메일 인증을 통한 비밀번호 찾기 기능\n- 영화 및 게시판 검색 기능\n- 유저 레벨에 따른 권한 관리 기능\n- 영화진흥위원회 API, TMDB API, 크롤링 등을 이용한 영화 추천 기능\n- 캐릭터 고르기 테스트를 통한 영화 추천 기능\n\n<br>\n\n## ERD & UI✒\n\n- ERD (Erdcloud)\n\n![ERD](https://github.com//khyunchoi/MOVIEGG/raw/master/README.assets/ERD.png)\n\n- UI (Figma)\n\n![UI1](https://github.com//khyunchoi/MOVIEGG/raw/master/README.assets/UI1.png)\n\n![UI2](https://github.com//khyunchoi/MOVIEGG/raw/master/README.assets/UI2.png)\n\n![UI3](https://github.com//khyunchoi/MOVIEGG/raw/master/README.assets/UI3.png)\n\n<br>\n\n## 캐릭터 고르기 알고리즘?\n\n- 영화 추천 알고리즘 계획\n\n![image-20211125140245580](https://github.com//khyunchoi/MOVIEGG/raw/master/README.assets/image-20211125140245580.png)\n\n- 캐릭터 선정 및 장르 부여\n\n![image-20211125140721834](https://github.com//khyunchoi/MOVIEGG/raw/master/README.assets/image-20211125140721834.png)\n\n- 질문 선정\n\n![image-20211125141010035](https://github.com//khyunchoi/MOVIEGG/raw/master/README.assets/image-20211125141010035.png)\n\n- 질문 정리\n\n<img src=\"README.assets/image-20211125140910045.png\" alt=\"image-20211125140910045\" style=\"zoom: 80%;\" />\n\n<br>\n\n## 마무리 소감?\n\n- 정동균 : 하루 종일 즐겁게 이야기하며 재미있게 프로젝트를 진행 하다 보니 프로젝트에도 욕심이 나고 투자하는 시간도 많아 졌던것 같았습니다. 혼자 하는 개발이 아닌 함께 협업하며 발생하는 오류나 시행착오들을 함께 해결해 나가는 과정이 함께 이기 때문에 더 즐겁고 수월 했던 것 같습니다. 아이디어가 많았는데 다 구현하지 못하는 기술적 한계가 아쉬워서 오늘부터 생각한 대로 만들 수 있는 실력을 갖추기 위해 더 정진 해야겠습니다.\n- 최강현 : 좋은 팀원을 만나서 일주일 동안 즐겁게 프로젝트 할 수 있었습니다. 하다보니 자꾸 욕심이 생기는데 구현할 수가 없어서 실력을 더 키워야겠다는 생각을 했습니다.\n- 허범 : 같이 하고 싶은 팀원들과 함께 프로젝트를 할 수 있어서 일주일이 금방 지났습니다. 서로 막히는 부분이 있으면 공유하면서 문제를 해결하는 것이 함께하는 개발임을    느낄 수 있었고, 더욱 개발실력 또한 키워야겠다고 생각이 든 일주일이었습니다.\n','MOVIEGG','http://k6c104.p.ssafy.io/images/projectImg/ddbab2f6-d8a5-4f62-beba-7299198d25fe_moviegg.png','MOVIEGG','2022-05-19 11:59:29.085425','hDIZF3paN1HjNuuivtZ9W2bzsYqPa6o8WJQLBEyr2uo='),(10,'토이','2022-05-18 14:52:17.124017','','https://github.com/khyunchoi/PODO-project',33,'주니어 개발자들을 위한 협업툴','# PODO ? \n주니어 개발자들을 위한 협업툴 `PODO`!  \n생애 첫 개발 프로젝트를 포도와 함께 하세요 ?\n\n</br>\n\n![마스코트](https://github.com//khyunchoi/PODO-project/raw/master/README.assets/마스코트-1637077278149.png)  \n\n## ?‍♂️ 프로젝트 소개 ?‍♀️\n\n>초등학교 첫 여름방학, 포도가 그려진 종이 한 장에 한 알 한 알 스티커를 붙이며 설레는 마음으로 숙제를 제출하던 그 순간을 떠올렸습니다.\n>이제는 혼자가 아닌 주니어 개발자들이 열매를 한 알 한 알 맺을 수 있도록 돕는 프로젝트 협업툴입니다.  \n\n</br>\n\n## ? Member\n\n<table>\n  <tr>\n    <td align=\"center\"><a href=\"https://github.com/woosteelz\"><img src=\"https://avatars.githubusercontent.com/u/48507475?v=4\" width=\"100px;\" alt=\"\"/><br /><sub><b>WOOCHEOL</b></sub></a><br /></td>\n    <td align=\"center\"><a href=\"https://github.com/yeongsummer\"><img src=\"https://avatars.githubusercontent.com/u/87457128?v=4\" width=\"100px;\" alt=\"\"/><br /><sub><b>YEONGHA</b></sub></a><br /></td>\n    <td align=\"center\"><a href=\"https://github.com/DongKyunJung\"><img src=\"https://avatars.githubusercontent.com/u/87457171?v=4\" width=\"100px;\" alt=\"\"/><br /><sub><b>DONGKYUN</b></sub></a><br /></td>\n    <td align=\"center\"><a href=\"https://github.com/khyunchoi\"><img src=\"https://avatars.githubusercontent.com/u/77478732?v=4\" width=\"100px;\" alt=\"\"/><br /><sub><b>GANGHYEON</b></sub></a><br /></td>\n    <td align=\"center\"><a href=\"https://github.com/hongjungkimm\"><img src=\"https://avatars.githubusercontent.com/u/87457152?v=4\" width=\"100px;\" alt=\"\"/><br /><sub><b>HONGJUNG</b></sub></a><br /></td>\n  </tr>\n</table>  \n\n</br>\n\n## ??‍?‍?? 역할\n\n- **정우철** (팀장)  : 채팅 기능 구현\n- **장영하** (부팀장)  : 일정 & 검색 기능 구현\n- **정동균** (UI 디자인 총괄)  : 워크스페이스 & 카테고리 기능 구현\n- **최강현** (기술 고문) : 소셜 로그인 & 사용자 인증 기능 구현\n- **김홍중** (PM) : 칸반 보드 & 게시글 기능 구현  \n\n</br>\n\n## ? 개발 가이드라인\n\n- 정기 및 상시 회의를 통해 프로젝트의 완성도를 높입니다.\n- 개발 일정을 준수하며, 이슈가 있을 시에는 즉각 공유하여 신속하게 해결합니다.\n\n- 상세한 주석을 통해 코드의 이해도를 높입니다.\n- 정해진 Git branch 전략을 통해 협업의 일관성을 유지합니다.  \n\n</br>\n\n## ? 스타일 가이드라인\n\n- `podo`는 사용자가 보고 느끼는 경험을 최우선으로 합니다.\n\n- 클래스 지정은 App 이름을 포함하여 충돌을 방지합니다.\n\n- 길이, 높이, 테두리 등 세부사항은 사전에 만든 UI 프로토 타입을 기준으로 지정합니다.\n\n- 색은 사전에 만든 컬러 팔레트를 기준으로 지정합니다.\n\n- **Color Palette**\n\n<img src=\"README.assets/colors.PNG\" alt=\"colors\"  />  \n\n</br>\n\n## ? Tech Stack\n\n![made_by_woosteelz](https://github.com//khyunchoi/PODO-project/raw/master/README.assets/made_by_woosteelz.jpg)  \n\n</br>\n\n## ? 주요 기능 목록\n\n- 네이버, 카카오, 구글, 깃헙 계정과 연동한 소셜 로그인 기능\n- 이메일 인증을 통한 비밀번호 찾기 기능\n- 비회원 초대 이메일 발송 기능\n- 사용자 그룹 생성 및 초대 기능\n- 워크스페이스별 단체 채팅 기능\n- 드래그 앤 드롭 칸반 보드 기능\n- Summernote 라이브러리 기반 텍스트 편집 기능\n- Calendar 라이브러리 HTML Calendar 기반 일정 기능  \n\n</br>\n\n## ? UI & ERD\n\n- **ERD** **(Erdcloud)**\n\n![image](https://user-images.githubusercontent.com/87457128/141805782-3eae09db-0d80-4f25-a322-28ed8de3ff3b.png)  \n\n\n\n- **UI** **(Figma)**\n\n![UI1](https://github.com//khyunchoi/PODO-project/raw/master/README.assets/UI1.png)\n\n![UI2](https://github.com//khyunchoi/PODO-project/raw/master/README.assets/UI2.png)  \n\n</br>\n\n## ? 프로젝트 마무리 소감\n\n- **정우철** : \n- **장영하** :\n- **정동균** :\n- **최강현** :\n- **김홍중** :\n','PODO','http://k6c104.p.ssafy.io/images/projectImg/6a169ec8-9293-4543-ad63-cccfa6ad3523_Rectangle 32.png','PODO','2022-05-19 11:59:25.886324','hDIZF3paN1HjNuuivtZ9W2bzsYqPa6o8WJQLBEyr2uo='),(14,'공통','2022-05-18 17:46:33.529475','','https://github.com/eunseo130/DeNS',9,'개발자 프로젝트 팀 구성을 위한 페이지입니다','# DeNS\n\n> 개발자 팀 구성을 위한 사이트\n\n1. 일정 : 2021.01.10 - 2021.02.18 (총 7주)\n\n2. 인원 (총 6인)\n\n   - 윤설 : 팀장, Frontend\n   - 김은서 : Backend\n   - 김준우 : Backend\n   - 김형준 : Frontend\n   - 서예진 : Backend\n   - 이승규 : Frontend\n\n3. 기술 스택\n\n   - Frontend : React\n   - Backend : Spring, Java, Redis\n   - Infra : Jenkins\n   - DB : MySQL\n\n4. 아키텍처\n\n   ![dens_architecture](https://github.com//eunseo130/DeNS/raw/master/README.assets/dens_architecture.PNG)\n\n5. 주요 기능\n  ![page1](https://github.com//eunseo130/DeNS/raw/master/README.assets/page1.png)\n\n​	![page2](https://github.com//eunseo130/DeNS/raw/master/README.assets/page2.png)\n\n','DeNS','http://k6c104.p.ssafy.io/images/projectImg/35c31f3a-e905-40ee-9e67-d97b8e4a6036_002 (2).png','DeNS','2022-05-19 11:59:17.895836','qrdb2PBV/AcIthoFenbgKyoflBSvCPAwb+1JOLyb28k='),(16,'관통','2022-05-19 10:33:04.312526','','https://github.com/hyunse0/Mood-of-Movie',13,'당신의 원하는 분위기의 영화를 찾아드립니다!','# ✨ Mood-of-Movie ✨\n? 삼성청년SW아카데미 1학기 관통 프로젝트 최우수상(1등) ?\n\n\n\n## 목차\n- [프로젝트 소개](#프로젝트-소개)\n\n- [프로젝트 명세](#프로젝트-명세)\n  \n  - [개발 환경](#개발-환경)\n  - [개발 일정](#개발-일정)\n  - [ERD](#ERD)\n  - [UI 프로토타입](#UI-프로토타입)\n  - [추천 알고리즘](#추천-알고리즘)\n  \n- [주요 기능](#주요-기능)\n\n  - [accounts](#accounts)\n  - [movies](#movies)\n\n  \n## 프로젝트 소개\n> 코로나때문에 놀러다니지도 못하고... 집에서 힐링할 수 있는 방법 없을까?\n\n\n\n간단하게 힐링하고 싶을 때 영화 감상 어떠세요?\n\n보고 싶은 영화를 찾는데 너무 오래걸린다거나 막상 영화를 본 후 원하던 영화가 아니라서 실망하지 않도록\n\n**Mood of Movie**가 쉽고 빠르게 당신이 원하는 분위기의 영화를 찾아드립니다!\n\n\n\n### 팀원\n\n| <img src=\"https://avatars.githubusercontent.com/u/87457128?v=4\" alt=\"image-yeongha\" style=\"zoom:40%;\" /> | <img src=\"https://avatars.githubusercontent.com/u/78924207?v=4\" alt=\"image-hyunseo\" style=\"zoom:40%;\" /> |\n| :----------------------------------------------------------: | :----------------------------------------------------------: |\n|           [장영하](https://github.com/yeongsummer)           |             [하현서](https://github.com/hyunse0)             |\n|                데이터 수집, movies FE&BE 구현                |                     accounts FE&BE 구현                      |\n\n\n\n## 프로젝트 명세\n### 개발 환경\n\n![image-20211204204920462](https://github.com//hyunse0/Mood-of-Movie/raw/master/README.assets/image-20211204204920462.png)\n\n\n\n### 개발 일정\n\n- 2021.11.16 ~ 2021.11.26 (총 11일간)\n\n![image-20211204205026460](https://github.com//hyunse0/Mood-of-Movie/raw/master/README.assets/image-20211204205026460.png)\n\n\n\n### ERD\n\n![image-20211204205607867](https://github.com//hyunse0/Mood-of-Movie/raw/master/README.assets/image-20211204205607867.png)\n\n\n\n### UI 프로토 타입\n\n![img](https://www.notion.so/image/https%3A%2F%2Fs3-us-west-2.amazonaws.com%2Fsecure.notion-static.com%2Fde58fe2c-9eac-41b2-b16e-4abe07a0b931%2FUntitled.png?table=block&id=40a11754-c6d9-4094-a8f7-ca647ac726c9&spaceId=daa2d103-3ecd-4519-8c30-4f55e74c7ef4&width=2000&userId=15ddc9f1-f55d-4520-a0c8-7e7e99a76dbb&cache=v2)\n\n\n\n### 추천 알고리즘\n\n<img src=\"README.assets/image-20211204210127760.png\" alt=\"image-20211204210127760\" style=\"zoom:80%;\" />\n\n- 코사인 유사도\n  - 1 : 서로 완전히 같은 경우\n  - 0 : 서로 독립적인 경우\n  - -1 : 서로 완전히 반대되는 경우\n  - 크기가 아닌 각도를 사용하여 컬럼 간의 데이터 양이 차이나거나 데이터가 부족한 경우에 유용\n\n![image-20211204210511260](https://github.com//hyunse0/Mood-of-Movie/raw/master/README.assets/image-20211204210511260.png)\n\n\n\n## 주요 기능\n\n### ?‍♀️ accounts\n\n\n\n#### **[로그인 & 로그아웃]**\n\n![login](https://github.com//hyunse0/Mood-of-Movie/raw/master/README.assets/login.gif)\n\n\n\n- 네비게이션 바의 아이콘 누르면 다이얼로그 실행\n- 필수 입력 값이 누락되면 사용자에게 표시\n- 비밀 번호를 텍스트로도 확인 가능\n- 로그인 성공 시 메인페이지 이동\n- 로그인 실패 시 alert 생성\n<br>\n\n\n#### **[회원 가입]**\n\n![signup](https://github.com//hyunse0/Mood-of-Movie/raw/master/README.assets/signup.gif)\n\n- 회원 가입 유효성 검사 구현\n  - 아이디 : 이메일\n  - 닉네임 : 특수문자 불가\n  - 비밀 번호 : 숫자와 영어를 포함한 6-15 글자\n<br>\n\n\n#### **[프로필 페이지]**\n\n![profile_image](https://github.com//hyunse0/Mood-of-Movie/raw/master/README.assets/profile_image.gif)\n\n![follow](https://github.com//hyunse0/Mood-of-Movie/raw/master/README.assets/follow.gif)\n\n- 프로필 사진, 팔로우/팔로잉, 찜한 영화, 작성한 리뷰\n- 본인의 프로필 페이지일 경우, **정보 수정** 가능 (사진 업로드, 비밀번호 변경)\n  - 사진 업로드 : 2MB 이하로 제한\n  - 비밀번호 변경 : 기존 비밀번호 일치 여부 확인, 새 비밀번호 일치 여부 확인\n- 타인의 프로필 페이지일 경우, **팔로우** 가능\n  - 이미 팔로우 되어있다면 언팔로우, 아니라면 팔로우 버튼이 보임\n  - 숫자를 클릭하면 팔로우/팔로잉 리스트 출력\n  - 리스트에서 유저 닉네임을 클릭하면 해당 유저의 프로필 페이지로 이동\n<br>\n\n\n### ? movies\n\n\n\n#### **[인기 영화]**\n\n![ranking](https://github.com//hyunse0/Mood-of-Movie/raw/master/README.assets/ranking.gif)\n\n- 현재 TOP 20 인기 영화 정보 제공 (매일 새로 정보 갱신)\n- 영화 카드를 누르면 해당 영화 상세 정보 다이얼로그 실행\n- 영화 카드에 있는 하트 아이콘을 통해 영화 좋아요 기능 제공\n-  영화 상세 정보 모달의 \'리뷰 보러 가기\' 버튼 누르면 해당 영화의 리뷰 리스트 페이지로 이동\n<br>\n\n\n#### **[추천 & 검색]**\n\n![recommend_3](https://github.com//hyunse0/Mood-of-Movie/raw/master/README.assets/recommend_3.gif)\n\n![recommend_4](https://github.com//hyunse0/Mood-of-Movie/raw/master/README.assets/recommend_4.gif)\n\n- 검색 자동 완성 기능 제공\n- 검색어가 포함된 영화 제목 리스트 제공\n- 인생 영화 제목을 입력하면 유사한 영화 10개 추천\n- 최신 트렌드에 따라 바뀌는 5가지의 카테고리로 영화 추천\n<br>\n\n\n#### **[리뷰 & 댓글]**\n\n![review_list](https://github.com//hyunse0/Mood-of-Movie/raw/master/README.assets/review_list.gif)\n\n![add_review](https://github.com//hyunse0/Mood-of-Movie/raw/master/README.assets/add_review.gif)\n\n- 자동 완성 기능 제공\n- 검색 전에는 모든 리뷰 리스트 제공\n- 검색 후에는 검색한 영화의 리뷰 리스트만 제공\n- 툴 바의 연필 모양 아이콘을 클릭하면 리뷰 작성 폼으로 이동\n- 리뷰의 상세 정보 제공\n- \'작성자의 모든 리뷰 더보기\' 버튼 누르면 작성자의 프로필 페이지로 이동\n- \'수정 & 삭제\' 버튼은 작성자에게만 보임\n- 하트 아이콘을 통해 리뷰 좋아요 기능 제공\n- 댓글 폼 아래의 댓글 리스트가 자동으로 갱신\n','Mood of Movie','http://k6c104.p.ssafy.io/images/projectImg/7aa1ae49-7fd8-4afa-84cc-e01e996f1ef4_main_image.jpg','Mood of Movie','2022-05-19 11:59:12.442450','W7KSeTIbp85TDdfSAWC93bjr+6oocLDaXSvf+6rAzbM='),(17,'공통','2022-05-19 10:36:44.255484','','https://github.com/hyunse0/mogakgong',7,'온라인 독서실 모각공입니다!','# ✏ 모각공\n\nSSAFY 광주 2반 공통 프로젝트 4팀 <br>\n? Notion : https://www.notion.so/12c9091a166744c49b5990a32f56fc78\n<br>\n<br>\n\n### 프로젝트 소개\n\n- **프로젝트 기간**\n  2022.01.10 ~ 2022.02.18\n\n- **기획 의도**\n\n  코로나로 인해 비대면 수업이 증가하고 교육의 양상이 크게 변화하게 되었습니다.\n\n  이에,\n\n  1. 집에서 집중 환경을 만들기 어려운 학생들\n  2. 카페, 독서실로 나가서 공부하기엔 코로나가 걱정되는 학생들\n  3. 혼자 인강을 듣느라 소외감을 느끼는 학생들\n\n  을 타겟으로 <u>코호트 러닝 효과</u>를 통해 스스로 학습 의지를 다잡을 수 있는 서비스를 제공하고자 합니다.\n\n  > 코호트 러닝 효과?\n  >\n  > 공통적인 특성을 가진 사람들이 한데 모여 학습하는 것, 공부 효과와 정서적 안정이 극대화됨\n\n- **기대 효과**\n  1. 이동시간을 줄여 효율적인 공부!\n  2. 비대면 서비스로 코로나 확산 방지\n  3. 공부하는 시간에 따라 돈을 낼 필요가 없음\n  4. 언제 어디서나 시간과 장소에 구애받지 않고 독립적인 공부 습관 형성 가능\n\n<br>\n\n### 팀원 소개\n\n| 前 팀 장 | 팀 장 / BE | 팀 원 / FE | 팀 원 / FE | 팀 원 / BE |\n| :------: | :--------: | :--------: | :--------: | :--------: |\n|  김성현  |   김일환   |   심은조   |   정우철   |   하현서   |\n\n\n\n<details>\n  <summary> 팀규칙 </summary>\n  ?**카메라 항상 켜기**? <br>\n\n  ---\n\n  ?**휴식시간 철저히?** <br>\n  시간은 자유롭게!\n  갈 때, 올 때 채팅 남기기\n\n  ---\n\n  ?**코어 타임 집중하기?** <br>\n  10:00 - 12:00 오전 코어 타임 <br>\n  1:00 - 6:00 오후 코어 타임\n\n  개별 작업을 하게 되면 시간을 정해서 상시 대기해서 언제든지 소통을 할 수 있도록!\n\n  ---\n\n  ?**일일 회고 남기기?** <br>\n\n  5시 30분 회의실에 모여서 다같이 회고하기\n  하루의 소감, 힘들었던 부분, 기술적인 부분 중에서 아무거나!\n\n  ---\n\n  ⚽**트러블 슈팅 남기기**⚽ <br>\n\n  자세한 이슈 내용, 문제 원인, 시행착오 적어두기!\n\n  ---\n\n  ?**잠깨는 시간, 준비시간**? <br>\n\n  09:00- 09:05\n\n  ---\n\n  ?**잡담 시간**? <br>\n  09:05 - 09:30\n\n  - 한 주를 담당할 프로젝트 매니저(이하 PM)를 매주 선정\n  - PM의 역할\n      - PM은 팀원들이 그라운드 룰을 잘 지키는지 확인\n      - 평일 아침 스크럼 및 회의 진행\n\n  ---\n\n  ?**스크럼 시간**? <br>\n  09:30 - 10:00\n\n  ---\n\n  ?**점심 시간**? <br>\n\n  11:00 - 01:00\n\n  - 사이에 알아서 1시간 갖기\n  - 갈 때, 올 때 채팅 남기기\n\n  ---\n\n  ?**회고 시간**? <br>\n\n  05:30 - 6:00\n\n  - 금요일\n      - 한 주를 마무리하고 칭찬 / 아쉬운 점 공유 시간 갖기!\n</details>\n\n<details>\n  <summary> Git </summary>\n  \n  ### 규칙\n\n  - **기능 단위**로 Push → Merge Request 생성\n  - 팀원 모두 다른 사람이 작성한 코드 확인 후 Comment 작성 <br>\n  ‼본인 코드 뿐만 아니라 다른 사람 코드도 이해하기 ‼\n\n\n  ### Flow (Branch)\n\n  - **master** : 제품으로 출시될 수 있는 브랜치\n  - **dev** : 다음 출시 버전을 개발하는 브랜치\n  - **feature** : 기능을 개발하는 브랜치\n  - ex) 로그인 기능 위임 시\n\n       feature/login 브랜치 생성\n\n      ex) 같은 기능을 작업할 때 (로그인) → 이름의 이니셜 약어 이용하여 브랜치 생성\n\n       feature/login/sh\n\n       feature/login/hs\n\n\n  ### Commit Message Convention\n\n  - [https://overcome-the-limits.tistory.com/entry/협업-협업을-위한-기본적인-git-커밋컨벤션-설정하기](https://overcome-the-limits.tistory.com/entry/%ED%98%91%EC%97%85-%ED%98%91%EC%97%85%EC%9D%84-%EC%9C%84%ED%95%9C-%EA%B8%B0%EB%B3%B8%EC%A0%81%EC%9D%B8-git-%EC%BB%A4%EB%B0%8B%EC%BB%A8%EB%B2%A4%EC%85%98-%EC%84%A4%EC%A0%95%ED%95%98%EA%B8%B0)\n  - **태그: 제목** 형태 → ex) Feat: 로그인 기능\n\n  ### 자주 사용하는 명령어\n\n  - git push origin 브랜치명 → 원격 저장소로 해당 브랜치 push\n\n      ex) git push origin login\n\n  - git pull [원격저장소명] [원격저장소 브랜치명] → 원격 저장소에서 local로 pull\n\n      ex) git pull origin feature → 원격 저장소에 있는 feature 브랜치 pull\n\n  - git checkout -b 브랜치명 → 현재 있는 브랜치로부터 새로운 브랜치 생성(-b) 후 이동(checkout)\n\n      ex) git checkout -b login → login 브랜치 생성 후 이동\n</details>\n\n<br>\n\n### 프로젝트 명세\n\n- 기능 명세서\n\n  ![screenshot1](https://github.com//hyunse0/mogakgong/raw/master/README.assets/screenshot1.png)\n\n  개발을 시작하기 전, 개발 목표를 정확하게 팀원들과 공유하기 위해 기능 명세서를 작성하였습니다.\n\n  [기능 명세서 링크](https://docs.google.com/spreadsheets/d/18-CeEBBO8wSRqbJIzstc_J5Cyt1iNi4LRHm5akPiwvw/edit?usp=sharing)\n\n- 유즈케이스\n\n  ![screenshot2](https://github.com//hyunse0/mogakgong/raw/master/README.assets/screenshot2.png)\n\n  시스템이 어떻게 사용되어야 할지 다이어그램으로 가시화하여 이해를 돕도록 했습니다.\n\n  [유즈케이스 링크](https://app.diagrams.net/#G1sagDOmQBDiuSQeBHrKMscmzctqgiRLNo)\n\n- 와이어프레임\n\n  ![screenshot3](https://github.com//hyunse0/mogakgong/raw/master/README.assets/screenshot3.png)\n\n  우리 서비스의 특징과 기능 등을 시작적으로 정확하게 정의하기 위해 와이어프레임을 제작하였습니다.\n\n  [와이어프레임 링크](https://docs.google.com/presentation/d/1yVuQeDnOL--OQ7ABIADai3rTTZEwzWQRAwQoF91Pxrk/edit)\n\n- API 명세서\n\n  ![screenshot4](https://github.com//hyunse0/mogakgong/raw/master/README.assets/screenshot4.png)\n\n  Frontend와 Backend 개발자간 소통을 원활하게 하기 위해 작성했습니다. (swagger 이용)\n\n- 아키텍쳐\n\n  ![architecture.001](https://github.com//hyunse0/mogakgong/raw/master/README.assets/architecture.001.jpeg)\n\n<br>\n\n### 시연 영상\n\n- ##### 회원가입\n\n  이메일과 패스워드 입력 시 입력에 맞추어 즉시 피드백 가능\n\n![signup](https://github.com//hyunse0/mogakgong/raw/master/README.assets/signup.png)\n\n\n\n- ##### 로그인\n\n![login](https://github.com//hyunse0/mogakgong/raw/master/README.assets/login.gif)\n\n\n\n- ##### 로그인 전 메인 페이지\n\n  로그인하지 않아 \'내 스터디\'와 \'추천 스터디\'가 뜨지 않는 메인 페이지\n\n![main_before_login](https://github.com//hyunse0/mogakgong/raw/master/README.assets/main_before_login.gif)\n\n\n\n- ##### 로그인 후 메인 페이지\n\n![main](https://github.com//hyunse0/mogakgong/raw/master/README.assets/main.gif)\n\n\n\n- ##### 프로필 수정\n\n  닉네임과 생일, 목표 및 관심사 설정 가능\n\n![profile](https://github.com//hyunse0/mogakgong/raw/master/README.assets/profile.gif)\n\n\n\n- ##### 스터디룸 생성\n\n  카테고리와 해시태그를 추가할 수 있음\n\n  리뷰 페이지를 통해 입력을 잘못한 부분이 있는지 확인 가능\n\n![create_studyroom](https://github.com//hyunse0/mogakgong/raw/master/README.assets/create_studyroom.gif)\n\n\n\n- ##### 스터디룸 입장\n\n![studyroom](https://github.com//hyunse0/mogakgong/raw/master/README.assets/studyroom.gif)\n\n\n\n- ##### 채팅 기능\n\n![chatting](https://github.com//hyunse0/mogakgong/raw/master/README.assets/chatting.gif)\n','ㅁㅗㄱㅏㄱㄱㅗㅇ','http://k6c104.p.ssafy.io/images/projectImg/12939a30-8dff-4552-9252-92fcb5ffd363_KakaoTalk_20220519_103630081.png','모각공','2022-05-19 11:59:07.855183','W7KSeTIbp85TDdfSAWC93bjr+6oocLDaXSvf+6rAzbM='),(18,'관통','2022-05-19 11:53:45.702056','https://github.com/kimhyeongjun95/Navie','https://github.com/kimhyeongjun95/Navie',4,'당신의 인생영화를 찾아드리겠습니다. 우리는 \'Navie\' 입니다.','## ? 영화 커뮤니티 & 영화 추천 서비스 \'Navie\' ?\n\n>당신의 인생영화를 찾아드리겠습니다. 우리는 \'Navie\' 입니다.\n\n- 삼성청년SW아카데미 1학기 프로젝트 우수상 수상 프로젝트\n\n<br>\n\n##  ? 목차\n\n- [프로젝트 소개](#프로젝트-소개)\n  - [기획의도](#기획의도)\n  - [팀원](#팀원)\n  - [주요 역할](#주요-역할)\n  - [What is Navie?](#what-is-navie)\n  - [개발 규칙](#개발-규칙)\n\n- [프로젝트 디자인](#프로젝트-디자인)\n  - [Tech Stack](#tech-stack)\n  - [UI Design](#ui-design)\n  - [ERD Design](#erd-design)\n- [주요 기능](#주요-기능)\n  - [주요 기능 목록 및 설명](#주요-기능-목록-및-설명)\n\n<br>\n\n## 프로젝트 소개\n\n### 기획의도\n\n- **브레인 스토밍을 기반으로 한 기획 회의**를 통해 **\'사용자의 인생영화를 찾아주는 영화 커뮤니티를 만들어 보자!\'** 라는 기획의도를 도출하였습니다.\n\n![캡처](https://github.com//kimhyeongjun95/Navie/raw/master/README.assets/캡처.PNG)\n\n<br>\n\n### 팀원\n\n<table>\n  <tr>\n    <td align=\"center\"><a href=\"https://github.com/hongjungkimm\"><img src=\"https://avatars.githubusercontent.com/u/87457152?v=4\" width=\"200px;\" alt=\"\"/><br /><sub><b>HONGJUNG</b></sub></a><br /></td>\n    <td align=\"center\"><a href=\"https://github.com/kimhyeongjun95\"><img src=\"https://avatars.githubusercontent.com/u/86656921?v=4\" width=\"200px;\" alt=\"\"/><br /><sub><b>HYEONGJUN</b></sub></a><br /></td>\n  </tr>\n</table>\n\n\n<br>\n\n### 주요 역할\n\n- **HONGJUNG**: ? **Back-End**\n- **HYEONGJUN**: ? **Front-End**\n\n![캡처](https://github.com//kimhyeongjun95/Navie/raw/master/README.assets/캡처-1638673830734.PNG)\n\n<br>\n\n### What is Navie?\n\n- **\'Navie\'** 는 **\'Navigator**\' 와 **\'Movie\'** 를 합친 서비스명으로써 사용자의 인생영화를 찾아주겠다는 의미를 내포하고 있습니다.\n\n![캡처](https://github.com//kimhyeongjun95/Navie/raw/master/README.assets/캡처-1638682938864.PNG)\n\n<br>\n\n### 개발 규칙\n\n- **협업**\n  - **개발 일지**를 꾸준하게 작성하여, 서로의 개발 현황을 공유합니다.\n  - 이슈가 발생하면, **즉시 공유하여 함께 해결**하기 위해 노력합니다.\n  - **Git Commit message 규칙**을 지킵니다. ex) <날짜> <변경유형> [<변경사항>]\n- **디자인**\n  - **Look & Feel**, 사용자가 보고 느끼는 것을 최우선으로 생각합니다.\n  - **일관된 디자인 컨셉**을 유지합니다.\n\n<br>\n\n## 프로젝트 디자인\n\n### Tech Stack\n\n![캡처](https://github.com//kimhyeongjun95/Navie/raw/master/README.assets/캡처-1638684333815.PNG)\n\n<br>\n\n### Ui Design\n\n- **기존 영화 사이트들의 UI를 참고**하였습니다.\n- **Figma의 Community**에 있는 **여러 템플릿을 재가공하여 제작**하였습니다.\n\n![캡처](https://github.com//kimhyeongjun95/Navie/raw/master/README.assets/캡처-1638684509593.PNG)\n\n![캡처](https://github.com//kimhyeongjun95/Navie/raw/master/README.assets/캡처-1638684543760.PNG)\n\n<br>\n\n### ERD Design\n\n- **ERD cloud**를 사용하여 제작하였습니다.\n- **연계 테이블은 노란색으로 표시**하였습니다.\n- 기능 구현을 하는 중에 필요한 필드나 테이블을 추가하면서 **지속적으로 수정**하였습니다.\n\n![캡처](https://github.com//kimhyeongjun95/Navie/raw/master/README.assets/캡처-1638684705197.PNG)\n\n<br>\n\n## 주요 기능\n\n### 주요 기능 목록 및 설명\n\n? **회원가입 시연 영상** ?\n\n![signup](https://github.com//kimhyeongjun95/Navie/raw/master/README.assets/signup.gif)\n\n- **회원가입**\n  - 이름/아이디/비밀번호/비밀번호 확인/이메일을 입력하면 회원가입 되도록 구현하였습니다.\n  - **기존 아이디와 중복, 비밀번호 불일치시에는 다시 입력하도록 구현**하였습니다.\n  - **정보를 다 입력하지 않는다면 회원가입을 하지 못하도록 버튼을 비활성화**하였습니다.\n  - **CSS \'transition\' 을 적용하여 UI를 보강**하였습니다.\n\n<br>\n\n? **로그인 & 로그아웃 시연 영상** ?\n\n![login](https://github.com//kimhyeongjun95/Navie/raw/master/README.assets/login-1638789125263.gif)\n\n- **로그인 & 로그아웃**\n  - **아이디와 비밀번호를 입력하지 않으면 로그인하지 못하도록 로그인 버튼을 비활성화**하였습니다.\n  - 로그아웃은 버튼은 로그인한 회원만 보이도록 설정하였습니다.\n\n<br>\n\n? **아이디 찾기 & 로그아웃 시연 영상** ?\n\n![search](https://github.com//kimhyeongjun95/Navie/raw/master/README.assets/search.gif)\n\n- **아이디 찾기 & 비밀번호 찾기**\n  - **아이디 찾기**는 가입한 이름과 이메일 일치하면 아이디를 알려주도록 구현하였습니다.\n  - **비밀번호 찾기**는 **\'all auth\' 라이브러리를 이용**하여 사용자가 이메일 주소를 입력하면 그 이메일로 변경 url을 전송하도록 구현하였습니다.\n\n<br>\n\n? **C R U D 시연 영상** ?\n\n![crud](https://github.com//kimhyeongjun95/Navie/raw/master/README.assets/crud.gif)\n\n- **C R U D (영화 정보 조회, 영화 리뷰 작성/수정/삭제, 리뷰 댓글 작성/삭제)**\n  - **TMDB Movie Video API를 통해 가져온 유튜브 영상 Key를 활용하여 영화 예고편을 음소거 자동재생하도록 구현**하였습니다.\n  - **\'좋아요\' 기능을 구현**하였습니다.\n  - 로그인한 회원만 리뷰나 댓글을 작성할 수 있으며, 해당 리뷰 혹은 댓글을 작성자만 수정/삭제할 수 있도록 구현하였습니다.\n\n<br>\n\n? **회원정보 수정 시연 영상** ?\n\n![update](https://github.com//kimhyeongjun95/Navie/raw/master/README.assets/update.gif)\n\n- **회원정보 수정**\n  - 이름과 이메일만 변경 가능하도록 구현하였습니다.\n  - **프로필 이미지를 설정할 수 있도록 구현**하였습니다.\n  - 회원이 원하면 탈퇴를 할 수 있도록 구현하였습니다.\n\n<br>\n\n? **검색 & 프로필 시연 영상** ?\n\n![search_movie](https://github.com//kimhyeongjun95/Navie/raw/master/README.assets/search_movie.gif)\n\n- **검색 & 프로필**\n  - **검색**은 **영화, 리뷰, 장르, 배우, 키워드별 검색 결과를 조회 가능하도록 구현**하였습니다.\n  - **프로필에서는 페이지를 이동하지 않고 \'나의 관심 영화\', \'내가 쓴 리뷰\', 추천 인생영화\' 를 조회할 수 있도록 구현**하였습니다.\n\n<br>\n\n? **영화 월드컵을 통한 영화 추천 시연 영상** ?\n\n![worldcup](https://github.com//kimhyeongjun95/Navie/raw/master/README.assets/worldcup-1638789963409.gif)\n\n- **영화 월드컵을 통한 영화 추천**\n  - **TMDB에서 가져온 약 1000개의 영화 데이터를 통해 액션, 로맨스, 범죄, 공포, 코미디, SF, 가족, 음악 총 8개 장르의 대표 영화를 도출**하였습니다.\n  - **각 장르의 대표 영화**는 **장르 별로 TMDB 평점이 높은 순 그리고 최신 순으로 정렬한 후 랜덤으로 지정**하였습니다.\n  - 회원에게 각 장르의 대표 영화를 통한 **영화 월드컵을 진행하도로 구현**하였습니다.\n  - 최종 결승까지 올라간 2개의 영화는 공동 우승 처리되며, 그 **2개의 영화 장르를 기반으로 총 4개의 영화를 회원에게 추천하도록 구현**하였습니다.\n  - 회원이 인생영화 추천을 횟수 제한없이 받을 수 있도록 구현하였습니다.\n\n','Navie','http://k6c104.p.ssafy.io/images/projectImg/04ae9b00-af9e-403b-a0ee-fb4e86804f00_캡처.png','Navie','2022-05-19 11:59:02.067578','IzzmOoB/HjrBwcUoZh7QujzlwL599HKblA6CPvD+n68=');
/*!40000 ALTER TABLE `project` ENABLE KEYS */;
UNLOCK TABLES;

--
-- Table structure for table `project_comment`
--

DROP TABLE IF EXISTS `project_comment`;
/*!40101 SET @saved_cs_client     = @@character_set_client */;
/*!50503 SET character_set_client = utf8mb4 */;
CREATE TABLE `project_comment` (
  `comment_id` bigint NOT NULL AUTO_INCREMENT,
  `content` varchar(255) COLLATE utf8mb4_general_ci DEFAULT NULL,
  `created_at` datetime(6) DEFAULT NULL,
  `updated_at` datetime(6) DEFAULT NULL,
  `project_id` bigint DEFAULT NULL,
  `user_id` varchar(255) COLLATE utf8mb4_general_ci DEFAULT NULL,
  PRIMARY KEY (`comment_id`),
  KEY `FKhy2fe6ijy5r12lam8wvq4cfn4` (`project_id`),
  KEY `FKr05u4qh59s4fli6q86oa3716c` (`user_id`),
  CONSTRAINT `FKhy2fe6ijy5r12lam8wvq4cfn4` FOREIGN KEY (`project_id`) REFERENCES `project` (`project_id`),
  CONSTRAINT `FKr05u4qh59s4fli6q86oa3716c` FOREIGN KEY (`user_id`) REFERENCES `user` (`user_id`)
) ENGINE=InnoDB AUTO_INCREMENT=4 DEFAULT CHARSET=utf8mb4 COLLATE=utf8mb4_general_ci;
/*!40101 SET character_set_client = @saved_cs_client */;

--
-- Dumping data for table `project_comment`
--

LOCK TABLES `project_comment` WRITE;
/*!40000 ALTER TABLE `project_comment` DISABLE KEYS */;
INSERT INTO `project_comment` VALUES (1,'우와 정말 사용해보고 싶어요! @장영하[광주_2반_C208]팀원 추천 알고리즘은 어떻게 구현되었나요?','2022-05-18 14:19:20.279576','2022-05-18 14:19:20.279576',4,'W7KSeTIbp85TDdfSAWC93bjr+6oocLDaXSvf+6rAzbM='),(2,'자전거 탈 때 꼭 필요한 어플인 거 같아요!! 추천코스로 라이딩하러 갑니다~~','2022-05-18 14:22:49.518303','2022-05-18 14:22:49.518303',4,'qrdb2PBV/AcIthoFenbgKyoflBSvCPAwb+1JOLyb28k='),(3,'설렌다미 라이키 @김홍중[광주_2반_C208]팀원 홍중 ㅎㅇ~','2022-05-18 14:25:54.545654','2022-05-18 14:25:54.545654',4,'hDIZF3paN1HjNuuivtZ9W2bzsYqPa6o8WJQLBEyr2uo=');
/*!40000 ALTER TABLE `project_comment` ENABLE KEYS */;
UNLOCK TABLES;

--
-- Table structure for table `project_member`
--

DROP TABLE IF EXISTS `project_member`;
/*!40101 SET @saved_cs_client     = @@character_set_client */;
/*!50503 SET character_set_client = utf8mb4 */;
CREATE TABLE `project_member` (
  `member_id` bigint NOT NULL AUTO_INCREMENT,
  `project_id` bigint DEFAULT NULL,
  `user_id` varchar(255) COLLATE utf8mb4_general_ci DEFAULT NULL,
  PRIMARY KEY (`member_id`),
  KEY `FK103dwxad12nbaxtmnwus4eft2` (`project_id`),
  KEY `FK6s59w9jalg0dperffu3ri91or` (`user_id`),
  CONSTRAINT `FK103dwxad12nbaxtmnwus4eft2` FOREIGN KEY (`project_id`) REFERENCES `project` (`project_id`),
  CONSTRAINT `FK6s59w9jalg0dperffu3ri91or` FOREIGN KEY (`user_id`) REFERENCES `user` (`user_id`)
) ENGINE=InnoDB AUTO_INCREMENT=67 DEFAULT CHARSET=utf8mb4 COLLATE=utf8mb4_general_ci;
/*!40101 SET character_set_client = @saved_cs_client */;

--
-- Dumping data for table `project_member`
--

LOCK TABLES `project_member` WRITE;
/*!40000 ALTER TABLE `project_member` DISABLE KEYS */;
INSERT INTO `project_member` VALUES (2,2,'qrdb2PBV/AcIthoFenbgKyoflBSvCPAwb+1JOLyb28k='),(15,6,'hDIZF3paN1HjNuuivtZ9W2bzsYqPa6o8WJQLBEyr2uo='),(28,10,'hDIZF3paN1HjNuuivtZ9W2bzsYqPa6o8WJQLBEyr2uo='),(29,10,'I+if2+xAkX+z+OSbEjOk8ywiJFxLGmT90HYO7XmtnRk='),(41,14,'qrdb2PBV/AcIthoFenbgKyoflBSvCPAwb+1JOLyb28k='),(42,14,'IzzmOoB/HjrBwcUoZh7QujzlwL599HKblA6CPvD+n68='),(48,16,'W7KSeTIbp85TDdfSAWC93bjr+6oocLDaXSvf+6rAzbM='),(51,17,'W7KSeTIbp85TDdfSAWC93bjr+6oocLDaXSvf+6rAzbM='),(52,5,'qrdb2PBV/AcIthoFenbgKyoflBSvCPAwb+1JOLyb28k='),(57,4,'I+if2+xAkX+z+OSbEjOk8ywiJFxLGmT90HYO7XmtnRk='),(58,4,'hDIZF3paN1HjNuuivtZ9W2bzsYqPa6o8WJQLBEyr2uo='),(59,9,'hDIZF3paN1HjNuuivtZ9W2bzsYqPa6o8WJQLBEyr2uo='),(60,9,'I+if2+xAkX+z+OSbEjOk8ywiJFxLGmT90HYO7XmtnRk='),(61,3,'W7KSeTIbp85TDdfSAWC93bjr+6oocLDaXSvf+6rAzbM='),(63,7,'I+if2+xAkX+z+OSbEjOk8ywiJFxLGmT90HYO7XmtnRk='),(64,18,'IzzmOoB/HjrBwcUoZh7QujzlwL599HKblA6CPvD+n68=');
/*!40000 ALTER TABLE `project_member` ENABLE KEYS */;
UNLOCK TABLES;

--
-- Table structure for table `project_recomment`
--

DROP TABLE IF EXISTS `project_recomment`;
/*!40101 SET @saved_cs_client     = @@character_set_client */;
/*!50503 SET character_set_client = utf8mb4 */;
CREATE TABLE `project_recomment` (
  `recomment_id` bigint NOT NULL AUTO_INCREMENT,
  `content` varchar(255) COLLATE utf8mb4_general_ci DEFAULT NULL,
  `created_at` datetime(6) DEFAULT NULL,
  `updated_at` datetime(6) DEFAULT NULL,
  `comment_id` bigint DEFAULT NULL,
  PRIMARY KEY (`recomment_id`),
  KEY `FK2wxxi9a4aeovhw0y4n2lbcmpr` (`comment_id`),
  CONSTRAINT `FK2wxxi9a4aeovhw0y4n2lbcmpr` FOREIGN KEY (`comment_id`) REFERENCES `project_comment` (`comment_id`)
) ENGINE=InnoDB DEFAULT CHARSET=utf8mb4 COLLATE=utf8mb4_general_ci;
/*!40101 SET character_set_client = @saved_cs_client */;

--
-- Dumping data for table `project_recomment`
--

LOCK TABLES `project_recomment` WRITE;
/*!40000 ALTER TABLE `project_recomment` DISABLE KEYS */;
/*!40000 ALTER TABLE `project_recomment` ENABLE KEYS */;
UNLOCK TABLES;

--
-- Table structure for table `project_stack`
--

DROP TABLE IF EXISTS `project_stack`;
/*!40101 SET @saved_cs_client     = @@character_set_client */;
/*!50503 SET character_set_client = utf8mb4 */;
CREATE TABLE `project_stack` (
  `project_stack_id` bigint NOT NULL AUTO_INCREMENT,
  `project_id` bigint DEFAULT NULL,
  `stack_id` bigint DEFAULT NULL,
  PRIMARY KEY (`project_stack_id`),
  KEY `FK6q1ecgdyoqdf8mbgagxuasvu1` (`project_id`),
  KEY `FKlg5d9pegmwrd4gm9rv032pr1l` (`stack_id`),
  CONSTRAINT `FK6q1ecgdyoqdf8mbgagxuasvu1` FOREIGN KEY (`project_id`) REFERENCES `project` (`project_id`),
  CONSTRAINT `FKlg5d9pegmwrd4gm9rv032pr1l` FOREIGN KEY (`stack_id`) REFERENCES `tech_stack` (`stack_id`)
) ENGINE=InnoDB AUTO_INCREMENT=146 DEFAULT CHARSET=utf8mb4 COLLATE=utf8mb4_general_ci;
/*!40101 SET character_set_client = @saved_cs_client */;

--
-- Dumping data for table `project_stack`
--

LOCK TABLES `project_stack` WRITE;
/*!40000 ALTER TABLE `project_stack` DISABLE KEYS */;
INSERT INTO `project_stack` VALUES (6,2,2),(7,2,1),(8,2,6),(9,2,7),(36,6,8),(37,6,15),(56,10,1),(57,10,2),(74,14,14),(75,14,22),(76,14,6),(77,14,18),(78,14,23),(81,16,1),(82,16,15),(83,16,24),(84,16,2),(90,17,6),(91,17,8),(92,17,18),(93,17,9),(94,17,10),(95,17,25),(96,5,2),(97,5,1),(98,5,15),(109,4,14),(110,4,16),(111,4,17),(112,4,9),(113,4,18),(114,9,1),(115,9,2),(116,9,4),(117,9,5),(118,9,3),(119,3,6),(120,3,8),(121,3,9),(122,3,10),(123,3,9),(124,3,2),(125,3,11),(126,3,12),(127,3,13),(131,7,6),(132,7,14),(133,7,10),(134,7,3),(135,7,5),(136,18,6),(137,18,16),(138,18,3),(139,18,4),(140,18,5),(141,18,22),(142,18,8);
/*!40000 ALTER TABLE `project_stack` ENABLE KEYS */;
UNLOCK TABLES;

--
-- Table structure for table `report_comment`
--

DROP TABLE IF EXISTS `report_comment`;
/*!40101 SET @saved_cs_client     = @@character_set_client */;
/*!50503 SET character_set_client = utf8mb4 */;
CREATE TABLE `report_comment` (
  `bugco_id` bigint NOT NULL AUTO_INCREMENT,
  `content` varchar(255) COLLATE utf8mb4_general_ci DEFAULT NULL,
  `created_at` datetime(6) DEFAULT NULL,
  `updated_at` datetime(6) DEFAULT NULL,
  `bug_id` bigint DEFAULT NULL,
  `user_id` varchar(255) COLLATE utf8mb4_general_ci DEFAULT NULL,
  PRIMARY KEY (`bugco_id`),
  KEY `FK4ihgycg1u4gky4pcnnt047on3` (`bug_id`),
  KEY `FKis0gtk48kla9g7m7nmj31noh5` (`user_id`),
  CONSTRAINT `FK4ihgycg1u4gky4pcnnt047on3` FOREIGN KEY (`bug_id`) REFERENCES `bug_report` (`bug_id`),
  CONSTRAINT `FKis0gtk48kla9g7m7nmj31noh5` FOREIGN KEY (`user_id`) REFERENCES `user` (`user_id`)
) ENGINE=InnoDB AUTO_INCREMENT=2 DEFAULT CHARSET=utf8mb4 COLLATE=utf8mb4_general_ci;
/*!40101 SET character_set_client = @saved_cs_client */;

--
-- Dumping data for table `report_comment`
--

LOCK TABLES `report_comment` WRITE;
/*!40000 ALTER TABLE `report_comment` DISABLE KEYS */;
INSERT INTO `report_comment` VALUES (1,'@하현서[광주_1반_C104]팀장  제보 감사합니다 수정했습니다!!','2022-05-18 14:37:07.219745','2022-05-18 14:37:07.219745',1,'hDIZF3paN1HjNuuivtZ9W2bzsYqPa6o8WJQLBEyr2uo=');
/*!40000 ALTER TABLE `report_comment` ENABLE KEYS */;
UNLOCK TABLES;

--
-- Table structure for table `tech_stack`
--

DROP TABLE IF EXISTS `tech_stack`;
/*!40101 SET @saved_cs_client     = @@character_set_client */;
/*!50503 SET character_set_client = utf8mb4 */;
CREATE TABLE `tech_stack` (
  `stack_id` bigint NOT NULL AUTO_INCREMENT,
  `name` varchar(255) COLLATE utf8mb4_general_ci DEFAULT NULL,
  PRIMARY KEY (`stack_id`)
) ENGINE=InnoDB AUTO_INCREMENT=26 DEFAULT CHARSET=utf8mb4 COLLATE=utf8mb4_general_ci;
/*!40101 SET character_set_client = @saved_cs_client */;

--
-- Dumping data for table `tech_stack`
--

LOCK TABLES `tech_stack` WRITE;
/*!40000 ALTER TABLE `tech_stack` DISABLE KEYS */;
INSERT INTO `tech_stack` VALUES (1,'Django'),(2,'Python'),(3,'JavaScript'),(4,'HTML5'),(5,'CSS3'),(6,'React'),(7,'Pytorch'),(8,'Spring Boot'),(9,'EC2'),(10,'NginX'),(11,'Flask'),(12,'Pandas'),(13,'Scikit Learn'),(14,'Spring'),(15,'Vue.js'),(16,'React-Native'),(17,'Hadoop'),(18,'MySQL'),(19,'MongoDB'),(20,'124134'),(21,'Mongo DB'),(22,'Java'),(23,'Redis'),(24,'SQLite3'),(25,'Openvidu');
/*!40000 ALTER TABLE `tech_stack` ENABLE KEYS */;
UNLOCK TABLES;

--
-- Table structure for table `user`
--

DROP TABLE IF EXISTS `user`;
/*!40101 SET @saved_cs_client     = @@character_set_client */;
/*!50503 SET character_set_client = utf8mb4 */;
CREATE TABLE `user` (
  `user_id` varchar(255) COLLATE utf8mb4_general_ci NOT NULL,
  `email` varchar(255) COLLATE utf8mb4_general_ci DEFAULT NULL,
  `github` varchar(255) COLLATE utf8mb4_general_ci DEFAULT NULL,
  `greeting` varchar(255) COLLATE utf8mb4_general_ci DEFAULT NULL,
  `image` varchar(255) COLLATE utf8mb4_general_ci DEFAULT NULL,
  `likes` int NOT NULL,
  `nickname` varchar(255) COLLATE utf8mb4_general_ci DEFAULT NULL,
  `password` varchar(255) COLLATE utf8mb4_general_ci DEFAULT NULL,
  `refresh_token` varchar(255) COLLATE utf8mb4_general_ci DEFAULT NULL,
  `user_identity` varchar(255) COLLATE utf8mb4_general_ci DEFAULT NULL,
  `username` varchar(255) COLLATE utf8mb4_general_ci DEFAULT NULL,
  PRIMARY KEY (`user_id`)
) ENGINE=InnoDB DEFAULT CHARSET=utf8mb4 COLLATE=utf8mb4_general_ci;
/*!40101 SET character_set_client = @saved_cs_client */;

--
-- Dumping data for table `user`
--

LOCK TABLES `user` WRITE;
/*!40000 ALTER TABLE `user` DISABLE KEYS */;
INSERT INTO `user` VALUES ('hDIZF3paN1HjNuuivtZ9W2bzsYqPa6o8WJQLBEyr2uo=','khyunchoi@naver.com','https://github.com/khyunchoi','반갑습니다 ssafy 6기 입니다','http://k6c104.p.ssafy.io/images/profileImg/5be31add-10a1-495b-adf4-7b98f88ffe51_바다.JPG',4,'최강현[광주_1반_C104]팀원','{bcrypt}$2a$10$mLGyQwPY9Y9EwL6bKCpVfObKFteB3SC8psnHmgl5ny7dicQ9gKGGe','eyJhbGciOiJIUzI1NiJ9.eyJzdWIiOiJraHl1bmNob2lAbmF2ZXIuY29tIiwiaWF0IjoxNjUyOTI5MTI2LCJleHAiOjE2NTM1MzM5MjZ9.FZee4FhSeKR-zj6A2pwDMpsC7lH732rPkKlauAMI8Yw','ROLE_USER','khyunchoi'),('I+if2+xAkX+z+OSbEjOk8ywiJFxLGmT90HYO7XmtnRk=','strawberry01128@gmail.com','https://github.com/DongKyunJung','호호아줌마',NULL,0,'정동균[광주_1반_C104]팀원','{bcrypt}$2a$10$oYAH1yF90VoHGEUn1C5gC.xdVASitPD.uPIRNDJZ92JlHMRNFUeCu','eyJhbGciOiJIUzI1NiJ9.eyJzdWIiOiJzdHJhd2JlcnJ5MDExMjhAZ21haWwuY29tIiwiaWF0IjoxNjUyOTI3MjM0LCJleHAiOjE2NTM1MzIwMzR9.7pOaXg4b1hufW3P1VR4cN2tkJ_2lnikMlQz7-P4Qhvc','ROLE_USER','strawberry01128'),('IzzmOoB/HjrBwcUoZh7QujzlwL599HKblA6CPvD+n68=','hjthelegend@naver.com','3123123','12312','http://k6c104.p.ssafy.io/images/profileImg/0ea65bc0-558b-4aa1-803f-c5530e1c267a_Sonic.png',0,'김형준[광주_1반_C104]팀원','{bcrypt}$2a$10$ILYFbyRjOrBUd/MRnptoD.g.OGDkfhi6WXO3s7NhjvHXmZ5yd5f.a','eyJhbGciOiJIUzI1NiJ9.eyJzdWIiOiJoanRoZWxlZ2VuZEBuYXZlci5jb20iLCJpYXQiOjE2NTI4NTcyNDIsImV4cCI6MTY1MzQ2MjA0Mn0.ZvhVYhE22TsD0x-73jSuTpFdlAalYX8KV340LCIoiR8','ROLE_USER','hjthelegend'),('qrdb2PBV/AcIthoFenbgKyoflBSvCPAwb+1JOLyb28k=','kys980130@naver.com','eunseo130','안녕하세요!','http://k6c104.p.ssafy.io/images/profileImg/91b76aee-853e-4c57-9f39-46139c486d9f_20190123_5c4826a4d49fa.jpg',2,'김은서[광주_1반_C104]팀원','{bcrypt}$2a$10$4WFgSxlU3ncHZY.2IaCWROibdoOYRTterXoy2ptmTje38ZT2t.GDm','eyJhbGciOiJIUzI1NiJ9.eyJzdWIiOiJreXM5ODAxMzBAbmF2ZXIuY29tIiwiaWF0IjoxNjUyOTI0MzE4LCJleHAiOjE2NTM1MjkxMTh9.U8EbjLUQlde4pjOZpZpDiDBDpzutJEwztJifV9EknoQ','ROLE_USER','kys980130'),('W7KSeTIbp85TDdfSAWC93bjr+6oocLDaXSvf+6rAzbM=','gkgustj@naver.com','https://github.com/hyunse0','현서짱','http://k6c104.p.ssafy.io/images/profileImg/0621a8f8-a205-4d49-b505-5287498b8632_images.png',1,'하현서[광주_1반_C104]팀장','{bcrypt}$2a$10$QP7QzwHa45jXPOlD.6Gco.sgoJZ8gbTSv3q.iA5HmqKXUAvJLagIu','eyJhbGciOiJIUzI1NiJ9.eyJzdWIiOiJna2d1c3RqQG5hdmVyLmNvbSIsImlhdCI6MTY1MjkzMDk0MiwiZXhwIjoxNjUzNTM1NzQyfQ.L7XYDg9cdTfVuPTLEzSNMu_ts6gw872GIyOZJxkGQu0','ROLE_USER','gkgustj');
/*!40000 ALTER TABLE `user` ENABLE KEYS */;
UNLOCK TABLES;

--
-- Table structure for table `user_info`
--

DROP TABLE IF EXISTS `user_info`;
/*!40101 SET @saved_cs_client     = @@character_set_client */;
/*!50503 SET character_set_client = utf8mb4 */;
CREATE TABLE `user_info` (
  `user_id` varchar(255) COLLATE utf8mb4_general_ci NOT NULL,
  `nickname` varchar(255) COLLATE utf8mb4_general_ci NOT NULL,
  `username` varchar(255) COLLATE utf8mb4_general_ci NOT NULL,
  PRIMARY KEY (`user_id`)
) ENGINE=InnoDB DEFAULT CHARSET=utf8mb4 COLLATE=utf8mb4_general_ci;
/*!40101 SET character_set_client = @saved_cs_client */;

--
-- Dumping data for table `user_info`
--

LOCK TABLES `user_info` WRITE;
/*!40000 ALTER TABLE `user_info` DISABLE KEYS */;
INSERT INTO `user_info` VALUES ('+6Jnhzk/A1LBOaZNPjE0SMZMqD0uKhqolEekyXI19N0=','강광은[부울경_2반_E203] 팀장','rhkddms3501'),('+cOMOAv8Cerq8X1zpc1c3V9LdWjr1iJOt1JgM3/91Dk=','서성수(Consultunt)','cjakma9422'),('+cOQKN3zuscz/vSvyCSfxacuoGZshg853Cbp9noSisY=','김덕규[구미_S1반_S105]팀원','kdk2990'),('+D2P9+GwrajUhxUcPuhJMsP4wnOIROLjeTVYS43MyN4=','이호진[서울_2반_A201]팀원','roycmlhj'),('+JEzDiisOTCUC9SN7yvvlLCZ66whtfDePm6KajktL7c=','이호성[서울_2반_A206]팀원','leeho_'),('+Jq9ca318f7U4Rpk9t/95AUGsCiuEGiG2yOaao5GuFo=','안희경(교육프로)','heekyoung.an'),('+MD+gGB+it+OIsSR8jwduclu8P//qaoSswMOUwQ0nbo=','광주_5반_심규연','znq0123'),('+Nrn7OXPdmX3mT7dDoLUeSlv7h1/ZXfI6hgudFTFNjc=','윤수현[구미_2반_D206]팀원','rnfmal0301'),('+nwNbf5La9WdBl+5VKV/IbjG1Iom5zy/6cNQRI+oN9k=','장세영[구미_1반_D107]팀원','cwan13'),('+T/gF0FIwVZNt2abHAbB43yUnO3xXDKDAq6rYGAJnuk=','이승윤(컨설턴트)','samsee'),('+TQW8LDOXbgBWUKFHY5nouIOkve8/jSby9gbPjn7FnI=','백철연[대전_오픈소스_S205]팀원','backcy1'),('+vCVG73dHA8sU9A7MlHh0uIW6SyS5E+Mubj6VuyHGvk=','홍석준[대전_오픈소스_S203]팀원','hyg4779'),('+wkj8RUfMOY7c9iaDCH0YB8KsV4CLe0Vjr89ji3S/4c=','정홍진[서울_4반_A402]팀원','mistake9518'),('+WvPVSW8oVBTwK175wUx3oudzHDphuELsWxKuBRfl/g=','우동진[구미_1반_D105]팀원','jin'),('/bVlY9370AnHzX+u4dBZyUO17D4PDsgP/+0R7RsOelA=','임경훈[부울경_1반_E105]팀원','mogies'),('/Cdl+6a9yPyrp1OQ3qJxj1f29/9YgVLP/r2MQy3tIyY=','곽동현[부울경_1반_E101] 팀원','rhkrehd619'),('/dvbEuiIwoU7Q053GXovFBxdcQFN3qKXVV6kRvb2xNI=','임재현[서울_4반_A406]팀원','keejj9292'),('/eGBu6j03ECG/QeFanTXpa8SAiguP8F0K7MftPCY7x0=','안세연[대전_2반_B201]팀원','ansse17'),('/iDQjWqJPUcpOfInn12HsYKgWbWKVp9TxWwAfTb2psg=','최호준[부울경_1반_E101] 팀원','matt9504'),('/iHwJvghFPXIvNKRYjXVTKgeWf9HjCj4/ez/1z0yCik=','김정혁[서울_2반_A202]팀장','wjdgur778'),('/NFznU83dLglqostkxbyZw8dvGcJb8uB9heBN+HpEAY=','박동진[구미_2반_D201]팀원','pdj1649'),('/s7Z3bzMJct9yw+MBoHbDMhosLC0IhcZE4+QtsvbJy0=','김승환[광주_2반_C203]팀장','jodie9596'),('/TCKtU3LaYls7Tb2T/lDbgOL3C33oOMqW7R4l8CwvYU=','황연주','vmfpdla0'),('/Z7hFE3fKFNot2LKC4rhJS0HEZuQkX13xCKvQto0c1w=','최광호[서울_3반_A301]팀원','chlrhkdgh624'),('009UgC4foSSmg+I6A/kOBftCZk28yhg2FNjY12tytcs=','박영찬[부울경_1반_E102] 팀원','wkdwls1004'),('01yEaEAC6zCmmOcnjlEm7WuSzR/ez3ruG1zlM+95Wlc=','이승현[광주_1반_C104]팀원','nwlee7950'),('04WNawSzBjXcU6uRiGxgV7mdpnxNDtAdjRO3rBvgD+k=','공영화(교육프로)','yh8779.kong'),('07p6/J1ULK0rKvqj8GhTYtJesU42ZCQYYWFu+VxMI34=','조영현[부울경_2반_E205] 팀장','loveyh95'),('0DkpNdvYqb0R/tdvZSJ8l4oObBNAAO/hEPsXrurk/vw=','우정연[대전_2반_B203]팀원','woo9515jy'),('0DoEctkgWiUnVFmrEwYt5ihJTqeCTpV2JhPqN80eUAk=','박찬국(담당교수)','ckpark.ssafy'),('0FsXCNgMIYh8VYwuCCM3hEUb5B893EP7xoO0QHXTtCw=','구미_5반_한종헌','jhh527'),('0gdTuyvi9508bSM7fPWKLaIdVegEjwj7RfSTQf/YxM8=','손한기[부울경_2반_E202]팀원','wwenxt'),('0GK3C6BXS1ZqiPU0Gyl3ChgZw/qH/YfYKApYEEwb2Q4=','정재윤(교육프로)','jwoody.jeong'),('0ITZH2pK6k9zUDDQKZDBQuYF2J5kGqbHyTjX0H9h8xM=','이윤준[광주_2반_c203]팀원','dldbswns71'),('0jNPvocqtbehvRkKLL98cQyAEu8RwuXUhaoDh8uT1x8=','대전_3반_김대호','dhkim7302'),('0phSW/G+VzhYLeSCO9DSHEHJ7jrKhdlMGn0ejezq5OY=','윤지영[대전_2반_B203]팀원','yun22287'),('0SsDwTN1azI7FFWPlSK9dSm7SsQHOq0VtY8X/fqCBOs=','서울_11반_이동곤','dle0129'),('0tpqJhjfdX7NVjEG3ee7K57BSCsKZjpMfxj44ebo/JY=','허범[대전_1반_B104]팀원','elston0425'),('0vbNPG9HsyFHWkXczfRWj5YyhVGfDdS1/UpQm3eciYI=','허유진[구미_2반_D205]팀장','laura707'),('0YdMurMQ9NsD8p0bXDHcR0/REplkIFgLloBSYtJJCjE=','황이레[광주_2반_C201]팀원','gadkham'),('12fjWcUIkWCXGTqueD0FAG17RoaJb/uTDLFUpyU0yBo=','조영운[서울_3반_A304]팀원','dnsldnsl07'),('15RHr6ln9ghj4JDBVZ8ujWsSeEuW/CbfPcWNHrJ4Fko=','오희정 교육프로[취업]','heejeong.oh'),('1aWoCTKllAG9wMMiy+B0ruYAe0R69tfow67VwPYjH1c=','박주윤[광주_2반_C202]팀원','pjyc17'),('1dBoRfquSjXxYC/4RLT5BmAtvMoUfLBbFZ+TmuVWNfQ=','홍지원[구미_2반_D207]팀원','hhongjj'),('1kJOCAUj/CDUGh+V1ruodbC9zjhS3hgsYa/Tv19sUmw=','전슬민[서울_3반_A304]팀원','j103607'),('1MzWt9F18jD7Ie8PvTccJTd0n7oGHyJB07p+2e69a18=','이지연[구미_2반_D204]팀원','jylady0325'),('1n5VNSq5KKDLXENwril4G2nd9RHIbJobO6Cpzp4mv4g=','정지민[서울_2반_A205]팀원','jeomn9'),('1oHsNLDSVOqAhVsQTYH0xpftIePDUHFRbeU8D+5fPDU=','김한나[서울_2반_A204]팀장','o3ohanas'),('1oLr5eFH4LQIBoTu40c/ZztwcebGYAyynOpmXuZKiQQ=','박지수[대전]실습코치','ssafy_coach_71'),('1vlfmbAWHAKQlumNcWAdrLHVrcWCNf71UkW4NfK85DE=','이동호[대전_오픈소스_S205]팀장','edh1021'),('1z8egWHW1IgOjo26m41zN0gNgYy5T1P9CD0BpzWNmvw=','송민수[서울_4반_A402]팀원','thdalstn6352'),('2/cXMClYTy8NO03WHtspLEp1HJeDjpBKnt/1qulDwQ0=','이상현[구미_1반_D102]팀원','h983019'),('20YRGqRKe22+JFlQp3AdlUlk6vt7iQWCcWpXjRpPHY0=','방수영[구미_2반_D207]팀원','qtd5079'),('21NR8A252fC0B8Ns98xylsSbdLXnc6FZBdjaNXPiAj8=','이상원[서울_2반_A202]팀원','sw200662'),('23MJBV9wO0lRlrXq8OP6I2IcvWX5yw45w8nGGHEz3+s=','김동주[부울경_1반_E103] 팀장','rlaehdwn23'),('24JvBO34otkBMVghYlCznq1/+6OA5vkfyc7zuHnuqa8=','심은조[광주_2반_C201]팀원','eunjoshim'),('28CiOfwuGq1Gpi3oC4o2n6TFNojc7AxLjQf8MnM6pto=','이우철[부울경_2반_E202] 팀원','dncjf1969'),('2FTizEow97ZMg1KVAwuHwSe4MquhaASYKDaHrvak9kw=','서울_13반_장원경','julia7895'),('2FXxFARjDGQ+RfvJCjwI9VSKFgSYy1VQPR9rz03qETY=','부울경_2반_황보창','hbc443'),('2h0mSIsgFtoq9Y7kZ6lexmUJN5ljaUymu6KZ1plGzgc=','이주형[대전_2반_B204]팀원','ssrcus27'),('2hhPf5AYBfCVlEJalbmsJEOpzyFvxltY/fGjBbn4pw8=','정정채[광주_오픈소스반_S206]팀원','jeong_3150'),('2hSB2lbfI0Rmcm+3mTvHl+Q8oADRpyRy/ElVY0YgDos=','최소희[부울경_기업연계_S107] 팀원','chosohi'),('2oAx/vwamCRZ65B5B21CFTmr3lSU3d324nsZlETfdZ4=','구미_4반_권도연','aprixis'),('2TR4VneMxfYJOyOHdMe3xHcXtb6hmFCHB9NhcgS25iM=','지수연[구미_1반_D101]팀원','zzzxxzxz'),('2WM+YIjz8E6Vq6wjOszuna4lv78F7PJqkN+R8f8ZmrA=','남근호[구미_1반_D108]팀원','skynam522'),('32bKFhAGp9nsdn/5/aMuLIb2sa6NkrGtuLgjiLEJQuk=','곽은경(교육프로)','eunkyung.kwak'),('35gOrq5eIs5h2QX6IcZjsq/S6yzGVOVtatwRFEawBY8=','광주_5반_김형규','khg6160'),('37zLrdh4ghfgea10072QLOf2iEUnpbpVRoXchMpiN+k=','구련아[서울_3반_A303]팀장','anottrx'),('3dF5yvEoEqCqvVda6OQdkG9mhBxNwcgyz9i6oQuBEsc=','서우림[서울_2반_A207]팀원','rain7633'),('3esXQbRy2FXNK0SEHOzd0KLJ7LofY4JwISU1YH3ii4c=','윤지영[광주_1반_C105]팀원','mer.toonine'),('3gYs1sUGOObuHdptniBA47XQij8cSGDPzpEcOtubDMk=','권오우[서울_2반]실습코치','ssafy_coach_64'),('3Hjt5vD+7Z04Nyppnk8uLouVUhfA/5PedJByGIsRUPU=','선민기[서울_기업연계_S101]팀원','suns1502'),('3IzpvBND1hCfPe1XDHCJFV1/kMjQKxCPdE06xqSwlT8=','광주_3반_강인선','sunink1'),('3jAxqVGgprrSidzNDb20GDMJbOSiiK8TViK2a5DDcMM=','대전_3반_박종대','asdfg9377'),('3JBHj/b391A4xA9ElUPsTMNye/lPGh2PybekSoD/5jQ=','한승훈[대전_2반_B206]팀원','gkstmdgns422'),('3KcsnBsNJrM7Rg9AITko8RgUW70Uz+pP5uExzSMFEYc=','남정현[서울_1반_A104]팀장','chance213213'),('3kJ31bYiSIznJyXlyuApYW2ZSzK+X3tIgebCOKyvh98=','이소라[대전_오픈소스_S205]팀원','chalrysr'),('3M0ahu8hFqslQ5AyBcfohTEQYAxMPt2cEsRonKZcvdM=','장성태[대전_2반_B204]팀장','jst1365'),('3mJbhyCFQ+VqHlhq9qs42SRx651Pdvs9GbTRU+NfJAw=','김도연[광주_기업연계_S104]팀원','kiixdox'),('3Nf/UuErbIS7J7wXBQZkChtHCtbtM5Y97Eve4SklEv0=','이상우[서울_2반_A203]팀원?','okqwaszx12'),('3qx9VI4gb+qJj+I0WqvTDPI+VQHGsJJSw44+F/oDMBw=','오현지[광주_2반_C209]팀원','ohj4312'),('3r/iDVoQaw/dvr0r0XhlhSDEAuI6CqV6WI8AGxMBQtA=','이수진[구미_1반_D110]팀원','whdlsj98'),('3RFRoqvhCkZHz0S5+ua5W3KRsqMirUvy3hUHTzhGl9w=','대전_1반_권순창','comingo1'),('3sRDbWeLbUjdnyPq1c93c+k3fRnpoUrCSxJnqs1CvAI=','김경한[서울_1반_A104]팀원','rudgks8092'),('3TJ4jhdusyg15MckEE7kr3YtkZDMg1BP7jtVKaZm+vs=','허영민[광주_1반_C103]팀장','kgjdudals'),('3TrWJGCKpAzrQrR7rWZTkOzQxC53OJMxOPp7AkPLm+4=','김준하[구미_기업연계_S105]팀원','kjhkjs93'),('3vT8BqLKCEqzzvCM4zFnn2WhX1oQ/fY6XJLwfLsR5HE=','김경현[서울_3반_A306]팀원','kyoung1548'),('3wKFDf6Scas8CS6KHUoRg+4/tZXNKJM+bf5Jq9xLvtI=','맹동열[서울_2반]','mdy0411'),('3YZdfoRSV1IjlGcahrjNXy5jG7Qirl1+2nAB9tq9gkI=','장소라[부울경_1,2반]교육프로','sora00.jang'),('3zleJFm6usm7B4IeOYhewnXH0J2+1xeJuMnSYrkq3bg=','피준범(교육프로)','junbum.pi'),('4++OAizA1y6OWibbXgCl4ZU8v8XRV8lG0nkDHwHY8gk=','손은성[부울경_2반_E201] 팀원','dmstjd3256'),('406k2+2whcNvap8eBX0E8L1dX5X5+gjtXKA7vaYWX7I=','최영진[부울경_1반_E103]팀원','cyjcmb98'),('411EOBzZlxoS3t/+Ogd3g9CPcrmqXZg5eqDaMw38z38=','김지원[광주_2반_C203]팀원','flykimjiwun'),('41RxE44JWs70YR4Ztm0TJRD0OlOoQMyG3Lz/WWf2IaY=','임지환[서울_4반_A403]팀원','top1h'),('462UdL66KhBQyxueipR6q44W7P7o7N2jgm+VgDAgx9g=','김보민[서울_4반_A403]팀원','bomin2641'),('46uBUHTFii7a3AaAwnd85S6CLAVYg4S5OacYDinEi00=','박소희[광주_1반_C106]팀원','sohee'),('47xm9E+qsva2hSWc2GfMEu/YHqD7Fix1tsJh/y5LqrE=','서울_15반_전민식','wjsalstlr11'),('4BFgdGj0sRVx6xhGDvdK1VZwOsli8rQCDObmQTq89QM=','서요셉[오픈소스반]실습코치','ssafy_coach_85'),('4BHcy76Orq+Y9J9hsc0tZ5YF4Aca1BV1U9ftVUtSzqQ=','이준영[구미_1반_D107]팀원','jylee9603'),('4BptrBLGosHHSKVLGGzzX8CoDS5iNbXtsmXxMzU6aLE=','이준형[대전_2반_B202]팀원','junh9547'),('4DAVwwBfRo+LasOX6kDgV459JNX7RdVUz6H9kD8N4QA=','김민정[구미_1반_D108]팀장','lona573'),('4dQ4D5kWSSC7qPiv0WMOEUky31oWDxNKtaTEQV7oR+c=','박건형[구미_1반]','pgh94a'),('4iHR0xENFyoa4wGIs5Y3hI4/ujK4rGXsEwVnzE2bJ+I=','김수연[서울_4반_A407]팀장','lovesu5632'),('4Jx3GAU563a0C8Hq97CiJ1cHOqa5QbcT2pdknM9m2xo=','서울_6반_나준엽','jynah92'),('4LrpKK18ICrWAz71hBE1Q7vD5L6U7E0AoRix3lyu5JM=','장수원[구미_1반_D108]팀원','aceg1541'),('4MwrpW4hf+ccfbnJnnVwzPDOfEVxnFyEgVbqM5OhmSw=','이원우[구미_1반]실습코치','ssafy_coach_80'),('4x8RgYt4P7VEQjQYrExJov2ISIEs7gcPk3hnHQqyxBA=','노문택[서울_4반_A403]팀장','tekies0909'),('4XOYV3I6j52rdsdr9Pvgfe3IZgFjDNuVWTbP/S7tCoE=','손모은[대전_2반_B201]팀원','mo_ah'),('4ZagHRYE/2L+bbOW2g/x6zxCrroUESFan38L/rUWLZQ=','정찬[서울_4반_A401]팀원','cjung0418'),('58SQKAa7v0YaK6OeKIgoKuiaWbW4QU0iJUaFQ9Yswqs=','조가예[구미_2반_D202]팀원','enfnql'),('5D02QAWkxnCTCZicrMUZdb5DUzrXJ8iEbcCfGaI9cxY=','전희수','heesu723'),('5gz0ygLaYn/l4SM4tW5/Uwbr15zp53uTxLBGxFOL8rU=','김규성[광주_오픈소스_S206]팀장','sweet_smell'),('5hqdOzKrAsW6wI9LZldItQAWnM+EXmRm3Ld0WdK3MdI=','김승수[대전_기업연계_S103]팀장','supermen703'),('5J1AYWSraZUZypmQ65CDv6X1a689vhvaXRMnGoIZY5k=','서울_6반_송경용','thdruddyd21'),('5kdRTZF1bJlmCn2tuqn+eeXC0hLC4MpN4jy6knwFWKM=','전영서[대전_2반_ B205]팀원','32154068'),('5kOpitHIRgPKgxuoMO6+X7A418tPWSRvhveBYqChaAA=','김현수[구미_2반_D205]팀원','hskim9706'),('5ljr++9ebLbUeumvSulIRMVjHJ63nqCIugtqrZyER2c=','김나영[광주_1반_C106]팀원','ny3021'),('5O4Zp4loQfoDL5xOPZwBE/nUDy4qkk8P0ktMq0KDt3k=','김성우[구미_1반_D102]팀원','swkim0128'),('5OI6TbmJKkJr5oWj96r6ZTOAzkYzhVoE3DjJ+jFM5hg=','임혁[광주_1반_C103]팀원','skdltm117'),('5q8bRoXObIeL/VvTiG//2I1GMpa817jasGA11EoqSJ8=','이정길(교육프로)','goodroad.lee'),('5R8EPfkaLSIKX9IbjBk3OdZJVU9tLln97qAFev4U/NI=','김명섭[서울_2반_A203]팀원','kimms4142'),('5rBA8WTArAouKs/j1PfFC9tFKLI0LzLwHozxoAbmCak=','이동철[대전_2반_B205]팀원','sok8079'),('5RFfbEgfe8/bZhiPAawFUsr5U43TteWo+2PM7OOUB1w=','이재근[서울_1반_A104]팀원1','gm5567'),('5rpSf03B+TFGe+LD9kXY/PZx534KR1rUcQ5uSzjt+UI=','박명우[구미_2반_D203]팀원','pmw7130'),('5xAPCCR+JX4x8T5bK0Us+5a7rvt6WzCmFxGuNvrj3qs=','주지환[서울_ 2반_ A203]팀원','meanstrike'),('6+zff6LpaAeUhAPRw9OOA5DZD+1lsb+OVkvHqd0dUaE=','박종선[서울_1반_A103]팀원','shw2'),('63vT7OU8M9mOx3wSKYB62RmW0bx4BzJRIOGx659pKQQ=','신인호[구미_1반_D104]팀원','adiens916'),('68bXB0W+N4ZXFA7cYliqNjdQWMpzLlzqJroojeH2hCA=','최유미[대전_2반_B203]팀원','yumichoi0921'),('6bl6y1eFElBDqvo3pOpSNb6LW9EXXmkgzmgWLhOKgfc=','김광희[부울경_1반_E103] 팀원','hgi7201'),('6bUdl5Z2a+vy+GHygqEmEQRkYfYmEKIV6yALJRtpkB8=','강진[서울_4반_A406]팀장','kjin4_1'),('6Cr/EjRscXhuLOiBUmZHa7aKBIsVFvNxAEWylymyEL0=','이제민[광주_1반_C106]팀원','jemmm12'),('6ERee8AnXMROJaUIca0316B6iIL84JS884B6cSMkMrA=','이선구[대전_1반]','sungu1516'),('6etnuxmfo5GkyuGU8RTGc2E1YBS2r0XV9WktZZMKD24=','허범[광주_1반_C105]팀원','habem3618'),('6H7qzjfik5rx+SjrM01bvD4oqGuRk723X0PpMf95qjk=','부울경_2반_문찬솔','csmoong'),('6K+uWj3GSs+1UfSs2134b1pDbYa4eA4NaBCHTmncEHI=','박현우[서울_2반_A203]팀장','qweadzs'),('6moS0tIiFwx6KC5g6vStUPVc2B6EQ/2b8WmQIsb8mUA=','민성재[서울_5반_A502]팀원','alstjdwo1601'),('6N9RZNIbjFg597n8tlfsOyEqnzEq34eO+U0TExonPB8=','강수현[서울_4반_A405]팀원','kangsu02'),('6r7qS7E5siTrRwfkMrlqh6QKkpgKh83qD3YafWSlfis=','제진명[서울_4반_A402]팀원','1995jjm'),('6XIbUFjYnSbFmlojOuEaOxe3K5/EmnYEJBO6dEWh8YM=','박근석_2반_대전','pgs3858'),('702FnwEfi+8ZugZ9XISOSDCgaDyORZylAO8Vs7B1RTo=','광주_1반_이지환','kyem0910'),('79OieCDKXas/rKxD+2uSlmCArE6LLM0PfEUXhUr4kCI=','오진선[서울_16,17반]교육프로','jinsun.oh'),('7BWpXvIJUZ6w8ebTBma6c/wv+4+sCJoeZXCAwvyTGIY=','조여래[구미_2반]실습코치','ssafy_coach_81'),('7GDqK2Rxse1wpkRor0uTYvswINWpaVlPZ4mN//2PWto=','노건우[광주_2반_C204]팀원','ironylovely'),('7gExe/P45G1AIZ+CmzC8J20E5toId4qUH7d1oHuWfao=','서울 10반 이호진','leehojin0719'),('7H3z6i8HsizYpW/OP1W16b2dHpiVTcIB7WzXGRZ/Tes=','이소영[대전_기업연계반_S103]팀원','th42500'),('7J37snEhsJM4r0YimyYs7CNLBtu8bs+wGVdGN592gTM=','황수진[서울_1반_A104]팀원','blue8959'),('7lNJpV3DfuLDhiwbVDop8lRSbHDcmpqJKw2Tpnlx7DA=','김용희[서울_4반_A406]팀원','kimyh2725'),('7ObAtr8OlzAJ0uLzZT+bRRmKMKUdRH/1WBOui2/LgBc=','서울_15반_김주희','juheegjgj'),('7OlXpdu5LJC2sAoSw5uE8eL4eJB48IdkBd7bNm8W/pY=','부울경_3반_김승철','another0430'),('7PK829cHWP2BkxuunwCpI9aYwXftpd9ZuCMxi3AxxyA=','박진성[부울경_2반_E203] 팀원','gh0jhs'),('7TNIn4zQNYfjGviC3vE5cg13ZqD3yjHMYpNKwosUIvU=','임형준[서울_2반_A204]팀원','gudwnsrh'),('7vx1PeoKHTvpw1EsWKunwWO+fQ/ctzl99IUza/FPdg4=','홍승기[서울_2반_A203]팀원','tmdrl5661'),('801LQVfRmxhY7K5tRP1kWwBWGDjjv8p7PDxaVnjUK28=','오용록[대전_1반_B102]팀원','ohyr9685'),('80mHpzhsrUN/gv0cZ4CfTopXGaaDV+lHyWvllVokL64=','이민정[서울_4반_A408]팀원','3sally'),('82ArJOcN3MlGHEqB8+d+56l/ahF0BTn+IsB1d1f3F5g=','김나윤[서울_5반]','belloyv'),('846vpaq4uBuV7hDdn4vay+u6VsOftd7FEQ9cRJ1rNEw=','정산하[서울_2반_A207]팀원','jsh9723'),('84ZkDW+UiVeLsJOxq7bMuX+wihWYc5BTEyX8G7LgBPs=','전양희[부울경_1반_E102] 팀원','yanghee6549'),('8C+C7d5bHALUxr7tL/xBh/XgOQcozALlVtGzDZZVJbs=','신유진','note1_2'),('8cB1MV7HsyuCG2Jed0s36bOkV0aJ2oxmUQ8jhXSBuKk=','박소율[서울_2반_A204]팀원','psa9456'),('8eW08v+F8MDYCoknNqCaD0JAKsAXAnf0l0O4TpN6WU8=','손상준[서울_1반_A105]팀원','sangjoon1019'),('8h+tUJ5bE9RSVtgE+wv41aq3PSxP44sgkAaE9K8HRM0=','최윤희[부울경_2반]','dbsgnl1021'),('8jaAnMC9bcxW2Qgp0pJqiLU9+Q465mvJR+pVatdAkNY=','한지윤[서울_3반_A302]팀원','jiyoonhan12'),('8lVt9Q0LRbp7prV6XoK4d1JfqSO+Io+ODjCHQDRauWw=','권오철(시스템PM)','koc057'),('8Q1rvko/rdNJ4jKh2au0Sc/IOzumXyQu9hrzmt9gMCY=','이건희[대전_2반_B206]팀원','gkuer95'),('8Q2aeFbh9MEp9uwp3VfN29jEalsYV1/QqaVZXh1K3WI=','윤여창_2반_대전','ron2003'),('8sJQ0OQyL/hlvX4lyfNHOtfJd7/qi+ip+9ZKizbjImk=','김민수[구미_2반_D206]팀원','ms001118'),('8VWv3FDVjnz4NgOfbUaPVcZDV+3PWjZgU91HO0QW0mE=','김유진[서울_1반]','best5537'),('8xYY4WuKFgi3GgV2sHY5TrhB3b8YSMJFJEJpZxIVj/o=','남궁휘[대전_2반_B202]팀원','glowforever42'),('90XcVIz0L7XH0rB9D3AThqGPkyTlgw9hhigiCx8aGHY=','소정은[서울_2반_A205]팀원','tip9004'),('99zFR4RHnkYBXjlYJr7F6vbkBvDEq1MEbM8Pj9qhTks=','안광식[구미]실습코치','ssafy_coach_87'),('9A3ZHYnDL5uFyplRLssIAhJNXvyBv9Bd581ktrp7Za4=','김경민[광주_2반_C206]팀원','nutmy52'),('9AyAtyC8ikIS9xZEScTRXJFbjvLy7wDevXDp6Ebhodw=','장용준_8반_서울','yongjun'),('9btvNdvRl6JxVn8YYRj4AQOANMvNFazsd/sfDDBfKE4=','박상훈[광주_2반_C202]팀원','dannyp0930'),('9Dw6djI9lqVMDbtoEFsRCDCd/3qWABaoCZRgXzTYvDs=','지현배[구미_기업연계_S106]팀원','gusqo327'),('9E3c+EiMJ7SX7JLVncx+5oGQq2/6xUg1cXwDLmTDnec=','최나현[서울_4반]실습코치','ssafy_coach_59'),('9L9deJ34FRJZxo2laEk82gevFFJaj3gCPx2rKKEDv+U=','소석진[서울_1반]','seokzin'),('9LBTfbzn6sSDPO/8UGjo//rrc5VJUFdYpPSTSL5cxuo=','최정민[서울_2반_A204]팀원','chlwjdals98'),('9OMaI2zon/L9Kp5Tsr8ETFf/X28gnq9dTaY/iTuaLuk=','홍태균[구미_기업연계_S106]팀원','xorbs016'),('9TJyUNU+u3muDaRU16oN0uf3ih32bSMknAByAkrNVJ8=','강동석[서울_2반_A204]팀장','kds2048'),('9toJGa566J+wqqMPQ0a0rAIsM32mfUfbBWntlI5i9Ho=','이영준[구미_기업연계_S106]팀장','jun2korea'),('9uFDI9NAI9dpP4+phyXqVIKt1WH8/UNeDT2lyZyrFwU=','서울_6반_신홍철','gooder'),('9YEM+qPzRhNldS6mtA1tspcFjzxydkOfokuTUNq8GMk=','이우영[구미_1반_D104]팀원','amethyst270'),('9YnSw4ODFuwT0KzK0ghfSPnNZV8b+KufMngyt6EqOcA=','정주헌[서울_3반_A308]팀원','cherish8513'),('9ZqbJ3MQUmMRztrXOn08Xp9CEswBXuO/AZjVx8G3YOY=','최시열[대전_1반_B105]팀원','continue75'),('A/ZPajQGPYaPG/bF/v51wjM7dM/IfhFc2echmYpBrrQ=','김현수[광주_1반_C102]팀장','tomy9729'),('A7NCRPaYG4YshTNB7LjDaGMmVZsZ/oRFmR6hJF+YGjI=','배하은[서울_2반_A203]팀원','amlwq'),('a8p3F1a2qArSmUhVuVXs85Mltm37J3CjeFKyOnTTDO0=','조원빈[서울_오픈소스_S201]팀원','jwb7214'),('AA1zuvuKSMnO2g3ZPKYPcsjhcg2WwcElsvK4X+CD5+s=','이지우[서울_2반_A205]팀원','ckdn9595'),('aaaY7gMgtMsUYjxP2Uxc3JtHKmuJw3FHFzyqh00Jbgk=','서울_5반_염지혜','jihae_96'),('AAOTcLRuaBafiQicXERqQzC17LiPbjroC8cblBZvLX8=','구미_5반_구보미','kbm0652'),('aC/Jw6hHOp9buVpQ+fAVevPdObSxsS4RTIsF6mbaDh0=','홍령기[구미_1반_D107]팀원','ghdfudrl8'),('ad/OIUzQidA/sMBaGS0fHV71o4yb/QIg6qv8/dBIQUE=','이정원[부울경_2반_E202]팀장','sorrow4468'),('aDn5LjMgo7b/4Hc+Y8qAaziJbjwYreDXb8soBkiBrLg=','한슬기[서울_2반_A207]팀원','han9506'),('adotGmaommynn+ltk8b//RsSLhOZLRL/05HhFy/k7UI=','광주_5반_김예원','ywkim0822'),('aedXTKM6n++KyrTOgIaay35Cx56/6uj3gWR+3Khbi80=','손현주[구미_2반]실습코치','ssafy_coach_78'),('aGEKmFh4oZAy7PalQwPWFxe2c1rARX65AdSF6xJTffY=','이유현[대전_2반]','julie.lee0919'),('aJ2EvWX0CceCp8dU57x86sFnah4Pkl9WgImIRtqvVa8=','김소희[광주_1반_C107]팀원','sopee814'),('Ak434OTblBX6cVHG4ulnLtqNY74YBYhZpsxjXFXya3o=','김홍중[광주_2반_C208]팀원','hong267'),('aK6cBG6aknAuOPApEr8IbnVNa40m/WpYEhcdDrU4fzQ=','naea.kim','naea.kim'),('AliI1BqoOMXvHqOUgKZSUrZlxPCBB4J8aUIc+DFb37g=','이재권[광주_1반_C102]팀장','ljk1256'),('ancn6JPv9IufbFYHOeGwCk1IWSVuMeNa/BcYIoxkl3k=','김기솔[서울_4반_A406]팀원','kimkisol'),('AnorlmQ19albOWrlCFnwA7z1HDjrF5/HVBigWFRETuA=','이광진[서울_2반_A204]팀원','lee_10_'),('aObioDUPAVCuLY6BvzqjoCBBhbW6C1GbzRE32P4jtms=','정현수[광주_1반_C101]팀원','wjdgustn15'),('AQiXI4m4L1Sg3VZD9Y9RGaaUJm5gVxdwEe2eEU+oyOI=','안동준[서울_2반_A205]팀원','adj5672'),('AsVO96jFYpUe/1b5uMya5UDQbCG1ka0SWRdEZcMHMks=','이규은[서울_2반_A206]팀원','draxler9909'),('AT7pOy3EqK6vzBhMhQtjCCcQsF7/LZAI3m4HO3KxcIk=','이은성[광주_1반_C103]팀원','silvermaking'),('AtkhFuVEu9uNq/7TrIPcrdnLG+9o63SbNNbDn4j6v0A=','박소진[광주_2반_C206]팀원','sojin0706'),('auCD3g2uXAz0etlzxuwQaeDmFPlvxJ4yhAEtU1F2CzU=','정인수[부울경_1반_E102] 팀원','ygc8257'),('aYVZYKBQ3RNt8Ljlj4QnAW00LcIjj2Zr9LP9f3SU5iI=','김길웅[구미_1반_D106]팀원','kgw012'),('Az4gcRUtEhBPqlFxCUwTRj5M2k97q5ds4+ovm3rPDGU=','서울_7반_송예진','yjs0672'),('AZL4xNOhM6gPv4oBFvsh3t7O3c9ISFXKzjrn0JZ3kY0=','김준형[광주_기업연계_S104]팀원','2456542'),('AZyebRCDZzEtmvGR9kDasu6LlJyBatG6Ze54FuZ7hfA=','김태호[대전_오픈소스_S204]팀장','thkim2017'),('b1fJ2FhRUxt9wtIBMk4gBVSe7IRMSLYTvwKK56Rh49c=','이상윤[대전_1반_B102]팀원','zlflshdh84'),('b1S3s1bDec58cHf8mF+ZIAxIMmDJnVKinnZ6vOr155A=','대전_2반_박기웅','pgw10243'),('B2yZJLvxqDJX164OJjn0SW/i0y7T/6zGqhEiZKh4xns=','최명재[부울경_2반_E204] 팀장','chlaudwo930'),('B3coglsGC/tj+Uf0MTakOdW3bteg7kSZsHeSjp6fCRc=','황소현[서울_4반_A405]팀원','t01081418141'),('b6q6AQ+pwgUWyqR4u2m9zUAz0O3A1UYXDF6W0P//J4w=','승나연[서울_4반_A405]팀원','sny'),('b7gpx3dEackbjVC3Wiaf74DPZfUnvXDagc/YAEHfFRQ=','오제노[부울경_오픈소스_S207]팀장','strengthpy'),('b7yom62OxTXd9KIx5KbnN20n6oavupHO9CVoAFpaIsI=','장다빈[광주_1반_C107]팀원','jdb4497'),('b8CASzYxiYr8xwQ4uxg0vPM3gQlQO40xaMM7YO/WpdU=','곽명필[대전_2반_B202]팀원','07___28'),('b91U4Yn+dDt4N7Hkpw1qdhSxmHYNGZvu4kks7pq/PYA=','서울_6반_김다빈','ekqls6876'),('bc/V+pOF5gb80idSjuHiesW4S7nZeSqLkulypiYWLEw=','진민규[서울_1반_A106]팀원','gksrnrdmlsk'),('BGoM/VLjjbruwmqvLJ9KrNwU1LO/AopVG881pP31dYg=','한상우[대전_2반_B201]팀원','hanomon'),('Bi/y/8/g7isKhsIKTqd//tjLCc10OpX9wMG8DCyzGAM=','진유미[부울경_3,4반]교육프로','yumi.jin'),('BjR2RpzYwxKeR4zBs45XfTAUlgsxco+1hWiMJ9eO9Mk=','싸피레이스운영4','sangoh.hong'),('bJWJpQTma5KPcBsp+rZDngNhGS8xUQq5ITDlAO2jtNQ=','서울_2반_이륜기','rklee92'),('bkHzMzqun1XdgVBBpLPZSKMKZKjwi/yzjua18HkIs0Q=','윤혜윤[구미_1반_D106]팀원','yhyh0918'),('BKVmn6iTtHQGM8zwanqXnEZTbnUV034N/9wflJJ2k90=','이언호[서울_3반_A302]팀원','djsgh94'),('blb76PgOlLIC7BuBM8VfaS+0f9pvGpG7D1WH8TdgUfk=','홍승영[서울_3반]','tmddud123456'),('BMcoEWZyTBfi00hkX/NqV0s/MUNxN67x3RzMUCx2HTE=','윤숙[대전_1반_B102]팀원','dbstnr2146'),('Bn+CgB8+VFnYj1iB/1Sj/1eHiDVqGuWpS7ORTGQOxrE=','김세진_14반_서울','sejin'),('bNhzrW6rddA6PYtLMO7sYzpnGX6U4CBhwJJkUJF03tY=','김형우[구미_2반_D207]팀원','ksd5653'),('BoAkP3DkDcZC6ctavG0hF6ZV5S0wq3ZA7joHdsGFZ7w=','이진호','jinho333.lee'),('bw0rvXmkYmVhjfSTZ+Ziyo26Ees1PRFswbFgJ3ZoMbM=','안예지[대전_1반_B106]팀원','an7188'),('BwBXerx8puiKEJHuKyrVQqJsP26TOThNDSmDH1FSrV4=','서형준[서울_4반_A404]팀원','seohj109'),('bwf/dxuMujxM2FPRKtppUZIdPjyDSSDtMh5HKDmUElg=','구미_6반_윤상일','sangilyoon.dev'),('BxkMMyhUCDuXdYhPmCavXxj+66bedmaQRePlcIxd9t8=','한상길[서울_3반]실습코치','ssafy_coach_69'),('bz9C9xujSFSOaeFqaG3D/b+QEe14WOrF/h3o+SFgSjQ=','채연희[서울_2반_A206]팀원','chaeyeonhee'),('BZc5qkegY/RL7AZKJJQjLJpiHfdZz0UGLbomgsfY7o8=','장영하[광주_2반_C208]팀원','duddud0108'),('c2fRU2nNm3mT7IsqkqqtdOrOZqXNtsOPAeI72oUrBhg=','김응주[서울_3반_A107]팀원','dmdwn3979'),('cbdpg08pdDpzo3vBBFZTzYFtjzMx/uOUYi9o7S8Orn0=','김주환[구미_2반_D206]팀원','mdown'),('cBRnseNqCQ5c5EFBmyIZxYOVSKWta+qa2MtVZhT6Xbw=','최재훈[서울_2반_A203]팀원','sksmslsm1'),('CcwAFFFRIhAIqiZYQFuLjK7RhEHyoUcZn7A846SJ7yM=','최수한[광주_1반_C102]팀원','suhan9603'),('cEB9NByQGintTQCVF8IGzHWQrGH4T6zgUPQdO/Ca/Gw=','이효림[서울_3반_A302]팀원','hl1046'),('cffTvX0/kp0h00vc8OtsNQ0oU5PZaGbNbPjowvjAe6o=','김두회[대전_1반_B102]팀원','style9604'),('cfwdVNzwEypdStClDhq71n1HUSKrA8PBpNAntphSrkk=','박성건[광주_2반_C203]팀원','qs2720'),('cgkzoCsuvf0kGhJW1OyDDnKgDMXtjC4ymGg554cX9j4=','육현동[구미_1반_D106]팀원','gusehd520'),('cIrUEgeosEMZhXJOSAC1veQ967/4kUHaaMivXFhHj+8=','한채은[대전_기업연계_S103]팀원','hanchaeeun'),('cjbNbzGj0rhw4PPQMIghniY1JHnQyPzfgHq7gVPOZk8=','유재룡[서울_1반_A107]팀원','dbwofyd1'),('CjurMwpElCEDN1pEhK9hQOk1DP/DC/2racVONVLI3fc=','박홍규[서울_3반_A305]팀원','supermas712'),('CKC6VmZBEdt0t8gquUvejoZREz0y/K0QtCVICO16GMs=','우윤식[부울경_오픈소스_S207] 팀원','yun0522v'),('ClD+d7rPJhXgFw7YBssN2iYrqieWIMlJeDpJ8L/UyRE=','대전_3반_김수연','tnehd158'),('CMiQApw9DVnj4HNmQ16ROeBDkvoW3EoaF3xvbtykd/E=','이보연[구미_2반_D201]팀원','qhdus101'),('cMWskV5eDgHvO92YL34+0R2hcIctFaE4C0LCDaeLCTI=','강진구[구미_1반_D107]팀장','zkgkthsus'),('cnu0vbnIhsvHWn2BzI5yA5EFRNVGxst77/MWIvLdE1Y=','황은빈[광주_1반]','e_bin1996'),('Cp5qONo+sd3JQx8rx0XxiWgCw2EjAvrKSDv6gMykifU=','임영택[서울_3반_A305]팀원','dam45'),('cRIbCs8bT6hO7RfpeSRxgRkpB2N7JmzEfQWCOKHJOkg=','최대호[구미_1반_D102]팀원','cdh6006'),('croRSeVMgKFezVdkS/AuboBg2O6u4bhygORG2m2jYI0=','정순일[부울경_오픈소스_S207]팀원','soonil0119'),('CSuSVsD9utkXMffYchq8lHpVS5+sAHc/iKrvE1e81xk=','배지환[서울_3반_A308]팀장','bgh1906'),('Ct9laE8CdAH2jckW2cRr+lE/b7KzMDH+aRB3rGjU1gg=','박기범[서울_3반_A306]팀원','kibum414'),('CTGYZsOM8LuA8DKrcaTe9yjv7AF8AnyCO05AgSEcad0=','서울 1반 조건우','yesorno36'),('cvtadW9Gcl8XX8DsDzmm6EWnY6g4hPvzcAF/6w5dgHg=','오장훈[서울_4반]','oojh95'),('CW3s4JZ08qtrN76z9yH6rPa9FJrG/2jsPFJUAwoopBo=','최성석[구미_2반_D205]팀원','tjdtjr234'),('CW6qCAfegMugR1G3yKyIfUvtjVCh36QXpy6pUY1B9Ko=','최광호(담당교수)','hibuz'),('CwYMMW4jxlwmbvj1BiRRgLzw9jDw9DTGAz8Mih7ZA1w=','정재현[광주1반_C103]팀원','jungjh122'),('cXKHP5K+b5fULGBsu9hpNFIshTA1p0TnvmaG5jPUs9M=','김수호[구미_2반_D201]팀장','is_null'),('cy+FQDyWOSZpnuNeiKQIIBRw7gmBFVAeB5Bczk2N3+A=','구미 5반 박덕원','ejrdnjs96'),('CYnR+tyFI+7RuVR3ZEY+6iqSFWpvnGCCAc10GhZ/5aM=','박준영[부울경_1반_E106]팀장','roywnsdud'),('czY/ywpSEZVzIvOJvG80WNmqwg+pQVNetOWimDnNbuI=','조은솔[서울_1반_A101]팀원','koren2696'),('d2+JGpFqT9R0bKDrDbRxTXzHKZLZDS4ycDO9XmFvoWc=','김민준[서울_4반_A401]팀원','kwwoo516'),('d2UUI43irWrvi8bf/IBcU83pIJGCjsh/GJzcFBV8duU=','김경수[서울_6반]','kkk'),('D5SDVsuv1dQ0ctNE7/0PJfXJaCr3X895X4+KPNohElI=','진형준[서울_1반_A105]팀원','jjj03231'),('daefsYXPvYNvMyVFcPRCk0SWrIckjsdfJxQjvY/vYOs=','조준영[구미_2반_D204]팀장','qres3408'),('dBj/uADjdhaXcDvm+9srDdcFsXf/0r1/y2NlRhanmbc=','윤승일[구미_2반_D205]팀장','liqurtjob'),('DdS0El1VdUBCNgadCXpNt1zwaGTDbTcS8wffHPhmxXE=','대전_3반_최호연','chy1995'),('dE6dvhuXrfgDe/oIC+Qtp8x4BU7XPTN26SMZLn0a7ro=','이세림[광주_1반]','serim1213'),('deWsQ64mOJe5ZMLLsOCnEE3CzZKAxUUyD9/qEWS7ShM=','서울_15반_양진혁','alxn8329'),('DiAszdMLJ1EpdXr/svhyT5W9BCKU1aKTm8MeN7cr+ng=','정언용[서울_2반_ A204]팀원','unjoo94'),('DiMBRK8SfyQw5UT0bo50BHPwjQNVK43uEqioI+sOP8E=','김종현[구미_2반_D203]팀원','dhkdhd123'),('dk2+7sdzd6k/n16mWZHNph4OkoFir5QK3DtDcvuF3hw=','최다연[서울_5반_A502]팀원','dianarock'),('dkwrK9I0XyPDU8tNPfTcNTLhDbanm+LN8wXtiFGjyHQ=','김나경[서울_기업연계_ S101]팀원','skruddl50'),('dl0yki0J50TjnG5sqh679EhlApFGHUASVfzoXNCuNPI=','손창현[서울_4반_A402]팀장','gganzii1215'),('DMnc9QhGZgBReF95iuD6HkNqOJkteqkLtgnpZ0ANYhM=','이예나[대전_1반_B106]팀원','cathy192'),('Dos5TVY9ILbFmLAFlZXyWq2OD6gIJJkwi+mRPf4/v+o=','서울 4반 김현석','island3213'),('dPKy/mQ9Csdi/aUyjCJ5B37TSgYwJAtGn1VxlhLolKw=','박설[광주_오픈소스_S206]팀원','ooodraft_'),('dpV38ioS6p2BskoeU9FKnCC/Kh4/obS3cxQQOCEPQcM=','광주_5반_김민찬','alscksdl6491'),('dq/aROCGJEZQWibQTwRuvBxG5XPNq98yfyuxWg7SDEs=','최일권[서울_2반_A203]팀원','dlfrnjs3456'),('DQ3MaOtLN96LkH53W8DNpOWmAXNytld2oLe7ARsY8GU=','서울_B-6_최연두','mania01234'),('DtxgLZRz596EPbmfBpKZpOWu0K8YXiFYBeTIdqA9L/A=','광주_3반_최현준','chlguswns95'),('dUMRI3z6my2YRoSq8niMpRYosp9rcr1Av2vHTMpX5fQ=','이건[서울_2반_A206]팀장','akstp88'),('DvdrnNZRG28KYInKBuH/loUQAAXO2TeKCcj5tvSJR0c=','박종철(담당교수)','fedora'),('DveN6VzrddSgc9xr57nwxKEwr62v/uhu8C0w7YL3rtg=','박소미[대전_1반_B105]팀원','psomi0114'),('Dx/GgMW6IlVCLEZpg6B8P4f0gram56FRxkzo08gqfLs=','윤혜원[서울_3반_A304]팀원','hyeppy'),('DysCX37IxeVGIaYKdE3Ybm0S2Stf94Jibpf8mO8WG1Q=','오민수','minsuu.oh'),('Dz5PaMA4NjbzNQ8iE4db+NT7fBmqY3vOaGZUK4DadXA=','문성환[서울_5반]','legoracer110'),('DzfeXL88Yh98ZaofHjO5nFiE6vj3T/lBcCxSonBNE3w=','박경민 컨설턴트','kmpak.sfy'),('E4i++PTZ7rlNyHjpVGBf/Ty9AAYCcQPTdt2nqKghl/g=','광주_1반_서재필','seojp8833'),('e6/is+zCHLfD1TX/iL1iCI/p24gIJUvWpGMjOWwuSZE=','백지영[광주_1반_C106]팀원','bjyoung0'),('E8xAw9NEyE9jvjtru8naFCDvGlAJJsM+1Ol4moEi4zA=','장영남[부울경_1반_E101]팀장','ggpp0909'),('e8xY03xxQs+EPC8xTTAj+Tq8wrvZHxMCEJTRByK1Z+4=','문찬송[광주_2반_C206]팀원','exit200'),('E9KuQxEMRLYGc/pcUSL333zLp4z4HL4jPg5tx8yOXcw=','윤찬호[부울경_2반_E204]팀장','cmsj72'),('EAFiauutcYbmqpbmFQsbhBpLeGkT8B2y/zxUziKnVYA=','이지순[대전_2반_B203]팀원','jisoon806'),('EAnxf7B/JrxMhe66N94cbJjcOOFCAOWIZdAvbEYQtmA=','이정환[서울_4반_A403]팀원','ready2start'),('eAquDnIf6IgOjffGSgKn7T9O2JPh++ClMkljP9teSOc=','김현민[부울경_2반_E205] 팀원','ml2439'),('eawScKwzqxTC7kj6FEKz5GSgD9StAiHL830zwoXKLTs=','김선민[서울_1반_A101]팀원','smkim0903'),('ECaN/rVJ1nRBxNjBpRCQIthbQM2RgCplpYGl0wciiZE=','연진우[서울_기업연계_S101]팀원','2dwd10'),('EcW92HQjkpxizI0N/myoeSwHSba8vWc0k+kX53hU8IY=','조은지[광주_1반_C105]팀원','dmswl_0311'),('edFpG5W4nCL+eWMDxnpNLXz2bT/HtvMzRD4XTMxp4To=','서울 13반 김찬호','kch6111'),('EDMl/dihUzl7nrpbNgIVAhfi3HZ3co2nCxT303ao1ds=','서울_4반_정지웅','j2woong1'),('EEujtueoXh3ObVcS04uSm1rq/vmhRvohWzRzFJQI+xI=','유진주[광주_2반_C207]팀원','jinju6288'),('eG0kTJGtwnhG2+p1KAJIbfq7T7f5e70Tr10M2SI9Tpk=','윤홍림[서울_4반_A403]팀원','honglim99'),('eg1FzI5YcfgbvPnszIsDOU3mUDGvhZoFZwNKldKS9bg=','김근태[광주_2반_C203]팀원','dsw00513'),('EGbpADBH8kFPLOeAwYjJkpdJL43WzMD5/ax9cohhXM0=','오재우[서울_1반_A103]팀원','prkg7341'),('EgCHmTnwwq/94fpXOqEJA00nexU79IMjAgT5iNlgWRk=','오지훈[광주_1반_C106]팀원','dhwlgns7028'),('eh5btO6jurMSL+N+2M4c4eCGWvsOoW0XwvnsOWFwiN4=','황현승(교육프로)','hs12.hwang'),('eHhSD8k4CGJiD5MxhfwVlNFTv0FFzPLet4yrmel8ZFM=','서울_2반_김나정','atpeoe1023'),('EHMMBOtJZ19qRDU+DGQoU6YPrdPKVTvOl0LZL5r9Vl0=','염형덕[서울_3반_A306]팀장','gud_ejr'),('EJULup+4LpAZfIM3G3LIB+Bm7J43sw2hzKqDjXlQx3w=','현병주 교육프로 [취업]','bj12.hyun'),('ekCfxhoTbiFf9mIFpUufXvdkY7N8TM9XyTuGDF5go7s=','이정필[대전_2반]','ijpsm9'),('EKlh9V+t7P8QCRoQJCpYQ2YIuiq7HYf+L/jndqsc9gE=','최현석[구미_2반_D202]팀원','hs7720'),('eLzKT7UVEdmrLQwLDiJ4whd/q54fR/+wP+3/dyXTSM8=','장재영[서울_1,2반]교육프로','jay912.jang'),('emj0OZWaK4JYrtMCeliiotJHBzIKtbf1HbIv/YIFKnI=','김효균[서울_2반]','khman119'),('Emk2/igHSkKhnNNsMpL+5hjT3onHahOcP/cASB10qcU=','김도연[구미_2반_D206]팀원','vlxjdus'),('emY1sJQBhHMtJCiyMx08jKnMIO/zEkZLsmc2v3/EvZo=','김희섭[광주_1반_C103]팀장','aff4110'),('enbK+JfeUJbxx3ujU0zJ9371PMrXx/oeOV64QGs3aaE=','천민우[서울_4반_A405]팀장','ffing3'),('eO2yAtIo3CziAGly0PdG72S4YwgCILa2fA9hGgiZIzw=','이호형[서울_3반_A305]팀장','leeho'),('eoauSQtYc2GCZXRUcY+8GvtFZtIrL5X37gmZS98V5xg=','최인국(담당교수)','crazygun22'),('ePTISK6tzsi9+kzphBBVk/7L0ua1fiUWCNP8jRrcuNg=','정은이[대전_2반_B206]팀원','chungee375'),('evGlbwgSBC0/3uL6uh0wzqRyArbD7CbkZPkabyzoboM=','양준영[광주_2반]실습코치','ssafy_coach_77'),('Ewyl81PAU6Zo/bkuGP22Yr8AopMkMRbJNpfAM1npwOs=','노태현[서울_3반_A307]팀원','godandme'),('eZUDra5L8li2X6iQkwml98/rg8jY6Si3otgy8xlALuw=','부울경_3반_강수빈','tnqls7579'),('F/eJGJwVImNOXDHMVtS0H7heGzlIRm1i0C4A65hr1Dg=','대전_1반_금경한','kum0621'),('f0cBmNcuqfA8x1u5wEq6XDXn1SJDlrP5osmx3rsiCLM=','전영선','youngseon.chun'),('F0lE9yLqBsmf4sVn8wLHN9c8c7wLxOA2G42pjUaM2fw=','김현규[서울_2반_A207]팀원','hyunkyu001'),('F1EeZ4nHgAZG8nVjM8d2lUf/pXignEmKhPFgIMdcp2o=','정지욱[대전_2반_B202]팀원','doksakim77'),('F33t3o7H+mAxbNu5J4EsYRYHmV6st3p4MFygJH1wJco=','유혜승[서울_4반_A405]팀원','hyeseung0124'),('f63h9KsrZDn9ALJ20kkIvfWqB8gvxPpu1NpjCoQnzjs=','김한길[서울_1반_A102]팀원','nuclear0789'),('F6Roe7HJ6LfDME48aaS4QF9+V10z6CTC6WQcglE2uII=','고재현[광주_2반_C203]팀원','joali9807'),('f7bTyfiCIDw/0+VaWl21Q5/VysXHfZTUfIfAogri+tM=','안현호[대전_2반_B206]팀장','ahndding'),('FA0Rt7y2ofTcMmWhxOWij+To1msLEZByYWvbX3Z2nfc=','장소명[광주_1반_C107]팀원','somyeong3'),('fBjNflPmz+Z/94yvx7+ScArqpwRyt2U0mcmZ2raUd4I=','김민성[구미_2반_D204]팀원','now20412041'),('fbvIhROYCWkDrc2sxK44zP2oveg/oih3U5VCSoRv09o=','싸피레이스운영2','jaeyeol.choi'),('fbZMXly3840cegfuHF35QmT34yk5iuhIQkXu8Yw86kc=','서울_6반_김현준','hyunjun86120'),('Fd9lGTn+x4BeuN4eb6V3qgWppy+qBQ/M7NHdEDkEwKM=','문경찬','kchan.mun'),('FdDHB7hO5vM48HM0LvdtrXqpg4QAjAIx/ZJ73biQo6E=','오재문[대전_2반_B205]팀원','tph01198'),('fFej2eSzW4EeA5RTKN383AAwDIxuswIugA3+l41MCYo=','권도혁[서울_4반_A404]팀원','fsa3806'),('fFIuoTjx7QjOx0Ku6jtQejcED3708SeX3/mhGhpB8aQ=','이윤우[광주_1반_C102]팀원','deu03093'),('ffyIT7BSZWmGE1icpofeB61Zt9eO5cBEIeQrPhovcPI=','한원종(교육프로)','wonjong.han'),('fgPJyfdB6RLufylYgQLSpfxC4+ylJZuFYMSHsDEvMiw=','김은송[서울_3반_A304]팀장','eunsong'),('fgSDyHCysRk4eEvJvTRaNnoxs6DrK3iPUUwaHoKF6hQ=','오현범(교육프로)','hyunbum.oh'),('Fizhps25rM8xpOmzT+pYlt3W9iMfMW1m6BMdmgv3I6M=','광주_4반_김상훈','kls6221'),('fJmNKaPnNO7pRVt1/V9znORM2JWcGP/f+ZGBtM3zew8=','김혜리[구미_2반_D201]팀원','khr6572'),('FJO6om6LPrsW9rTiTVGEP9CAH1UJpFyqZKTY/edvjs0=','부울경_4반_이동광','kingkingkkkk'),('fLfzwle+YVqj6B2vwqkKUR7fG34mx+GBGAdzCeEMbZY=','이태희(담당교수)','fusanova'),('Fm2ieE5e3/HOlf729xCkBN3LOTX0OMsjTW1LouyrSC0=','이경헌[부울경_2반]','typhoon33759'),('FnbCBDXxPI7rBKdMgw6e0ZpOmHb4Sn/oJtW8FdlvXZA=','윤희영[서울_4반_A404]팀장','yunhy96'),('FNM6EyDVBqriNRHoYJr6OfuO43I5E/JINxdR6caYCNI=','송지호[서울_기업연계_S102]팀원','hahhaah'),('FnoqXcp9/q5acRV0nJQvXNfTD/HxmhiHc7tmrIf/oUw=','채성원[광주_2반_C205]팀원','swchae516'),('fos2rvxBNNy6jHiev0i5A4tQnAScB2NKG6dSGbTozq8=','박성호[서울_3반]팀원','sungho0830'),('Fp9zd4Hk0NWYXYauMUZCHKZTV3CGnqNTK4qBjySTz8k=','김도형','kdh1121.kim'),('fRI7SsTJBDg5Jiie98s3cCOXy8hG4LZW7UWEU+ztWV4=','황상필 교육프로','sp0210.hwang'),('FRmmUP1PM5f+xSG3wwfbdARXJNAq9JcMRwuc9gtTkCw=','김형준[서울_기업연계_S101]팀장','ninini6630'),('ftD3RbW8qRZbEW0EzdBpqnXLYuiop+j+GzoGoetqGSw=','반형동[부울경_2반_E202]팀원','bandong92'),('FTUr8oTXuZfL+pHcQRhy2xzBJfXLvjT/Ip1xtkYKq70=','조성현[부울경_2반_E204]팀원','shcho2112'),('fXJKM1Fku9z5yelYllhOxUZF8iieoCGAsrzFK8+vbrc=','유민상[서울_1반_A104]팀원','yminsang96'),('fzWWNNovuq8OZY9ke+Q8KaXIlp6kXg0wi3uN4dr+w/c=','양우현[서울_20,21반]교육프로','whyun.yang'),('g06piOGbKQEzzqKferHrnPXM6IYj1mHBq0Y+lPuwI3k=','서재경[광주_4,5,6반]교육프로','stzlove1.seo'),('G4OKEcWilj91muJ0LWt/OUwGU2PqBXim44t1UToYJnQ=','최형오[구미_2반_D207]팀원','chlguddh23'),('GavIQr50lX468tWUukK7n70FfYD4liZxr6QsR75Atvk=','박대언[부울경_1반_E102] 팀장','mem29238'),('gbQ83YiYiCBDKA9TNBlMuKIJGb5H9y+6QvQsSNMoByA=','백승윤[서울_1반_A103]팀원','royal729'),('GFlqvIF65iIcNry7l+xuIEf0NxrCpNl2WOsP6mhXpks=','정우영[부울경]실습코치','ssafy_coach_84'),('GIZCxhGwTto5Qjkf/tHC68oB94LY+ula/AwqhbJqv7o=','박성일[서울_2반]','sungil9561'),('gK98Fy24CCe+a5KkQx5yfn3RqWtRWixifDIoUTnHk0Q=','신동호[대전_오픈소스_S204]팀원','sdh98429'),('GkyOLU1vz8qqgr57fTwKcsHATc3gx8dp77OCAaBM4xk=','서울_5반_이진수','ysgr7364'),('gljeg+4WggPbw8BzIzn4EwdXJJ6DLkKZWnvSFew5org=','서울_12반_이효진','billion109'),('GmQFBih5v0VP35iFmf9jzqeuidl+JvoWz3c+er1px+I=','오윤택[서울_2반_A201]팀원','xoem00'),('gNL4370+CRTEium5lyYa7Rb7jiJD+uoOyM0s92WQBAE=','김태균[서울_2반_A207]팀원','teqn99'),('gNQEvDtRn2oySPM2kD1Pwkl6xdcS5euQ4WuW2lFVvDQ=','이제훈[대전_1반_B103]팀원','jerry704'),('goK5TrNvd6/jeMGoPbZfkyair+HiLUgwoyKIfJRPax0=','정채은[대전_1반_B104]팀원','ddj03340'),('gOzzi9lHZf7g+P6WfTNl0c9qBcIrhRsrbUb+PL7WhPI=','김수민[서울_ 3반_ A306]팀원','jamie1541'),('gPI24ZcmpYnlbaslfadRYzmWKykdam2Yig15BEjtdBU=','대전 1반 이금성','cybqeuqe'),('gpxaQrxthSHcgarbN98E2eOoyF5MdQBiIRvrmsw7Xio=','정재호[부울경_2반_E205] 팀원','jaho901'),('Gs/OqXFwpiCSJrzxlbJfvKsDF4dg39wkeoGdgFI9V34=','원유진[대전_1반_B105]팀원','won_yujin'),('GTrAfCv0EglpsbutPWaj8R821Hxa/3Eik28bZ7GyOQQ=','서울_2반_유동완','applyoo'),('gtSnQQHkTIzOodO2bVNb4AliMrGbsp4nPb23b8/Eoa4=','연승은[서울_3반_A301]팀원','sseyeon956'),('GvPvd3KpAlZpeVhwThWkWVWgMHa6iZk2+DoBI/Jxlg4=','김지언[대전_2반_B209]팀원','rlajiun'),('GXFo68DOQmod2MC6QhsoYmvOhp4MsQfpqDyQKCD550U=','손영배[서울_1반_A101]팀원','dudqo225'),('Gy1i5MHDPJ8JkLZswbsGgWi7qsOoZyRoUUdSPHzxvSs=','이현우[서울_3반_A308]팀원','chichyun92'),('GZgUjSwqo/KgQiFnTNyaaSGiLXbRcpB5QWOZ3Fn7IQY=','김도현[광주_오픈소스반_S206]팀원','dodohyun0807'),('H2mLiQvW0M6d36L/O85nn5jVkkRyKG7aD8hoGZXPvF8=','류현진[광주_1반]','h14cdp'),('h8iSS5AbWYwEi6QzJjNdvCGH16SsiSbg79h0jIcbIQU=','김태연[구미_1,2,3반]교육프로','taeyeonn.kim'),('hbeiQLU5PipNHHn2ZT/J8aQfARx52JUpMvMgS1XmxNs=','손동우[서울]실습코치','ssafy_coach_67'),('Hcs4jlmnN6Z2tlvLmjypJIGmR3mld4eLrloe3DEx0ks=','서울_6반_유경원','ykwon3357'),('hDIZF3paN1HjNuuivtZ9W2bzsYqPa6o8WJQLBEyr2uo=','최강현[광주_1반_C104]팀원','khyunchoi'),('hg1z7q/s6RcMpAsPGzv9aN66FWL6CZ0VUqDmdsY9OrA=','한기철(담당교수)','asya390'),('HINQZIG/xXzB2Fy432gB0AA4H4KP1DcPgGBzovoM29w=','홍성원[광주_2반]','ghdtjddnjs99'),('HJjD9WEKTT2PotsD6CnEObTxsTgcgmx5LKMmn9u43yk=','김병완[광주_2반_C202]팀장','quddhs4694'),('hjxyzS+3ThmuKRj6R/4olTN6mzrUu7pgr83pk0ILDxU=','이진석[대전_1반_B103]팀원','asooso1'),('hkyk9VV5ds/dgvitng9iR51SE84eLm/7hK/VfKnEi1Y=','장현진[부울경_1반_E102] 팀원','winckey3'),('hLFg53XSFrSM5oS8A1/u0UcvvbeUpQNPAJz7g21yn34=','박혜준[대전_1반_B101]팀원','leen6225'),('hNUEK+e3Stk7x9U3NNMCngFgPA6g5HWDQ+EGwiZoCfs=','강소현[부울경_2반_E201] 팀원','jayy_z'),('HnVBpijjEWxOINvbe04l0jxeczs0JRnzs6Jqy8+Td5s=','부울경_4반_박민흠','minheum'),('HO53aHnhvjHwoaISz0zcZlPE5LgfsyUaUxtwtc2gRUE=','이재경[서울_2반_A207]팀장','aletsire'),('hOJ8ReD8c8nxeLqS+BdAI34SZ/kl30TsO8ZWPH/EqnQ=','안진흥[구미]실습코치','ssafy_coach_79'),('HoqlqXIakatvBjt/kDZutJrdI+nzJLci8KBm2oRXlGY=','김우찬[서울_5반_A507]팀원','woot5785'),('hqNUxt0etCyySFSATDyCqek/GDaMS9YMNqkDkgvcZYE=','신형식[대전_2반]실습코치','ssafy_coach_72'),('hQyqCK+cOlN9rDkpaKR05QOwTByhsuR/GU8NcnM9sA8=','이다예[광주_1반_C106]팀원','helen121027'),('HR9+5U+2ZGVBP8uu8KNUwi9vtdAwOpkKdXmkpyOfhhs=','서울_14반_장진영','4uhmj'),('hrHlrSlxgnRwCJX3E0RaWbeZjH8RBMk0yKd1qgPmSAU=','부울경_2반_조명근','whaudrms123'),('hUEN2n811zv3Z20HU+3Ychzqtjhl80y/nbf+HOjWbfM=','권연주[구미_1반_D105]팀원','loling3'),('HUVWMav75QI5/ZsgxqW08ERevDdA6pZXXAOdcUDbUac=','강승수[광주_2반_C207]팀원','tmdtn0312'),('HVjldATC7uU5vP/cuNhLoGLxxbl2+bQCsT74+Xyksc0=','임재진[대전_1반]','wowls147'),('hvPYbT5DJyuQgetReN9HQVlIn3cNU7714L3J3uvalNQ=','이정훈[서울_오픈소스_S201]팀장','person00333'),('hW5uHFts06VTNLObPncPql5aMAMfVmAlm4GSoZ+A4mc=','서울_3반_김지호','jhkimnav'),('hWUmF15LUrzCPLDH6SQ3wz0FL6aoDcLeaicQZ42JEGw=','권도형[구미_기업연계_S106]팀원','dohyung102'),('HYaak0bi+ot2juP4PgNjmZWH9jo4XvUkuRI8XkOnnaQ=','대전_1반_윤건호','geonho0378'),('hYcMQ9GIAfYyYMzSfemSdLfbijfr8fdrbLJuYhOM514=','허건영[서울_4반_A403]팀원','gyheo'),('hYGMNbc+oNwN0GuOIA0b9QYAJ7mB/RjHvLllPiKiO2k=','배문규[서울_4반]','anvo930524'),('hz+m9kupWimFfmFHC2UWpr47thlnHetAYRhrJ3F4Pss=','서민기[서울_1반_A107]팀원','zcvn12345'),('hZHz1vihXCg3nbEB7WJ6MurJGLJZCSBsZjtfidcjaNg=','강용수[서울]실습코치','ssafy_coach_63'),('hZvPS9H6GzKQs1nsx/hz2xZeb3ad5M7stgGf+jzTOdg=','윤창목[서울_3반_A307]팀원','all.eviate'),('I+if2+xAkX+z+OSbEjOk8ywiJFxLGmT90HYO7XmtnRk=','정동균[광주_1반_C104]팀원','strawberry01128'),('I/mMYCPw/gEiiGtyjwtlk0tciiHPyU72qsAYPacgSwg=','서울_15반_윤지은','yjeka'),('I0TUwe+zoyN9fb3eCoeUru/e7YgcbXFhyzmMd7qIKKA=','2-4. 민재홍','mjh2903'),('I17Tk7oKE4KLF2BHWZaBEBuwCHDfScenREA/BksvcWo=','류기탁[부울경_오픈소스_S207]팀원','zagring'),('I3luICoXNWz9acNxGfgtH0bR5mrk/QZ/ruJBAtKeDXk=','최소원[서울_2반_A201]팀원','sowonwow2'),('i7M1ff3gI/35YK1y+DGI7cQ9BYbJpAfN/ScPlXpaHpA=','주영호[서울_5반_A504]팀원','jyh3797'),('i9xcgpTbEqKTzGVTWCx9mJCUf4MGOoAFp+scCzVkQdc=','부울경_A_2반_조승희','sa02045'),('ia8SnFpQP3MIA/98qJVcw/ZipaTkjBw3Bk/nfuV4i0A=','안지애[서울_1반_A107]팀원','asj8839'),('IbiYcnKj58XkiWeDbn/NbwFE8G7qg6Mc1htEN75bpNg=','시승우[부울경_2반_E205] 팀원','tltmddn96'),('IbOp7b8aDTZVM5PxfTgdZFwxH/o78tLfJVrTiZkKHcM=','이홍준[구미_2반_D204]팀원','zunza96'),('Id8D023VWTnN3agVeyetgzOj+SoR29lPtYkw5dIw8r0=','우윤석[서울_4반 A401]팀장','wysf1994'),('ifrG28YsiDS6TdSmVveFG4zUDalIIS62Zf90fLTrAAU=','황선주[광주_기업연계_S104]팀원','tjswn0425'),('iJJn1T3HhKkAxrQEBDOCof87pz3xMlrX3/tXzmG8inA=','이소현[대전_오픈소스_S202]팀원','shl128'),('Ijql47nHxGNt9KMPGKHqdDtfZm8tPivQChoqIXSk5T0=','장성호[부울경_1반]','wkdtjdgh1191'),('Ijr15oSHSdk005SddGW9j1dvLGmuvQDE5Z0aGgcpCiY=','이인섭[구미_2반_D207]팀원','inseob135'),('iK7vG2wmw00YM4Lf7u8CchhC0uuhGIJ1Ci7SEM8mUzk=','김성준[광주_1반_C103]팀원','jesonk3'),('IKhgYNPiR5fpYHmle9CTy4XdZ4Q8KBlLLWJOSUDwuf4=','정종우[대전]실습코치','ssafy_coach_73'),('ILQ0i7gTHiED4VuydEm+D2aXhV6YNhEUPpFY+nFa25k=','김윤지[부울경_2반_E203]팀원','yoonjigim0.0'),('ImECG8D5Pd/2P+Pt6KjWZO6AvVen4Ccnhunb25owCnU=','광주_6반_김영주','dudwn2104'),('IN+dnLv1skcoB+o//f0/4EJxqEQCZRK1yZmvhFx+JVY=','이혜민[서울_2반_A205]팀원','viphyemin'),('iNbpJRwXjQlqYgk1ou/RNbgdAX9k171h9hS33ZXADDE=','조항준[서울_기업연계_S101]팀원','wngkd441'),('iNjQKhVkBnp/zd6E/ArP4tzN0pGOYaeGIEO2tgBQgMo=','김영기[부울경_2반_E202]팀원','dudrl0944'),('INv5Rry3gEyEDQCKe5LZwy12r1bihaWTMBWKnv5mEQM=','김성현[광주_2반_C204]팀장','dqq9744'),('iNwUqgxSq4G9Hfb6E9vltsaS1waYDWgyUsMD+U/ZjUE=','홍종규[서울_2반_A206]팀원','kongi4289'),('IoX33CiOUVAi+O/PcmDtpCrjoSg/+lomgktrddubm5w=','안영진[서울_1반_A106]팀장','fufru'),('iPQFZ0I/VifFfblk0Mpy58zlBcaCAfTTmAzShc4774I=','최현규[서울_3반_A302]','choifrance'),('iq1Mh2f4sKiu32SrO48cE2nbv9ChcdXYGmCxkC/B4jU=','김병준[구미_2반_D209]팀원','tkrhrrlaqudw'),('irjb1kzGanaNHHi/ynpYKqu14c4HDv/dVo/6dqXTSBM=','김남훈[서울_4반_A404]팀원','nh21kim'),('isvYHMWkHDJUE2s09TfJNHUbb3WmJ5FZSPSFR417cxg=','성아영[부울경_1반_E106]팀원','hablobien'),('IxaRPd2Yjy8Kf2G/i0HJ/8G4kVQY/kDrSg9Ip3TLQHI=','김지슬[부울경_2반_E201] 팀원','wltmfdl123'),('iz/itGbkS4ytvQqgwJ+0yeCyBGB/BJGDyh/jHZBMj8A=','서울_15반_김해선','khs51777'),('IzQaFPj7cRCcZL9qwP/4eWUSaEDp1XTGEatjFjovbBg=','서울_14반_이지아','como3732'),('IzzmOoB/HjrBwcUoZh7QujzlwL599HKblA6CPvD+n68=','김형준[광주_1반_C104]팀원','hjthelegend'),('J3VHjJXBBrCD6tWpiE7eCsdFla89F2Cscu1GSFANpRY=','이정은[광주_1반]','wwjddms2'),('j7QHyx5eZ9eZL3MBVojqinUSTQJx+3/2s9ZLbaZSMW4=','최지수[광주_1반_C107]팀장','jisu'),('J90NCV9ODUD5EPbuhZ8sIiYWnrgSLy1N5nGN4LpCRRY=','오은진[대전_2반_B204]팀원','oeunj08'),('JAgpewuwKjCMvXxfEnQJuoPMOKJOOWLhsQvne7HlvrE=','김두회[대전_2반_B202]팀원','dh73111'),('JAJjj8GPULJ8t++0C59tH77BHtDoMKlEF8KlpeU+jAQ=','서지원[구미_1반_D104]팀장','seojiwon335'),('jD3gwypvJIgQOM0922LfNjgUsvjh91KIYaFaXj84ri4=','황보라[대전_2반_B201]팀장','bora6031'),('jD63Q9kSt+wY9hVmB1VNJ6Q8oGXFdV3JOG+yRHI+DLc=','곽현준[대전_1반_B101]팀장','kwak0568'),('JdHqrfBvnn6FLqk9GN/PXairkCU7fB0xqmtzQ3FJECA=','천재원[서울_5반_A503]팀원','jawon'),('jF+bOUBjbOVPsczyECVlS/6cqNBQZEVvEOKxwsDvSH4=','한지희[서울_4반_A407]팀원','g2hhh2ee'),('JFVMtELocCki8nyKtuN8vitM6nGTowgxILMPOvp6ows=','이수림[서울_2반_A205]팀장','tnfla9689'),('JgJq27RvWJOLa1A9MFKnZFg0oW3BgrRqrwRTUWRLL/A=','구미_3반_김현주','kwj12177'),('jo/CZIiFQgUGsqR/awY1EeaUlj/8mYTP5+9ixznhBHE=','박다원[대전_2반_B202]팀장','dawon950'),('jq99saTOjSJUIkvLAweYXCIgNjPweul6j9diwYhLRQM=','최주은[구미_2반_D201]','jueun_choi'),('jr3oQTx9xAT8nHUrPE88WWKkv48zRg/sbxZs/TfOyvU=','조은누리[부울경_2반_E204]팀원','jounuli'),('jTWh4H4JjMxRbX0nWpWY+OryxYFOlazm3HMcxUeN54A=','방의진[서울_1반_A101]팀원','euijin.bang'),('jUlaYNThVgkRjch+YeyPy9Ajt1DZDtqBAxyldeK5qIU=','권영현[대전_1반_B102]팀원','yunghun97'),('jv2lxQuE+yvDDdDKc5aUVId2qKH4r2ZySOXejeMZs6I=','김민관[서울_3반_A301]팀원','zoog15'),('JwNc2c7JcZe1eUFP2FoS98MCMt3BI/gnE+njnoFuk1E=','이정수[서울_2반]','jeongsoo.lee7420'),('jwpbHx9a9fRcdZzJA7wHlx+2fqLC1tya6HuVAPWkMNI=','김유진[서울_6반]','yjkim0122'),('Jx9WdSPdNcDnnfA8LiXUvPBMQu0TMXydkqRYwOZ5dQw=','나우진(시스템운영자)','woojean.na'),('JzKBurXXDqio/3lhxfVZV29cqbueL6/e9dTGGKaJb38=','강준석','kjssag'),('JzKepT83bz3LYP4k2XmiPP5Gn0HcsS4LXOU5Lp4s0RE=','지수민[부울경_2반_E201]팀원','wltn1873'),('jZoFCOzyLueSzgUOeL9QOjq2QRaAFAVz8QTtJNhvzq8=','길기호[대전_1반_B104]팀원','kgh01509'),('k/mglYftthN73rIpsPRKzaNChlSZB+dT9IVFzcga9eM=','강연정 교육프로[취업]','yj93.kang'),('K0YORKG1WKQ4GjnUBCADKoFSRRz5ahJAwvs24MwWs9E=','김동유[광주_2반_C202]팀원','ehddb2252'),('K25oUVmZJu4/3K+fVJkB8qMXeYIMsNy+Jv/zPUxPyHU=','김동영[서울_4반_A404]팀원','kdyddd'),('kA3ytWczfsUlDlRgwsoHPTh9Ej7GM62Xmcuu08IDQYs=','김종우[서울_2반_A204]팀원','jwkim.ap'),('kAncDoR8Kkl64dQjXap0QRE9fWl/5D8wh2z1UTkwS2E=','박신영[부울경_1반_E102]팀원','sin5015243'),('KAtquTlgLWXUnwUXNt1dzJHT1MGzc1XNzKPcd6bYbxY=','임다훈[서울_1반_A102]팀원','dahontop'),('kBQUhFR/Qvzs2nw6P0W7WuaFMB3xKFfgR3tzVXYNr+0=','오현정[대전2반_B207]팀원','guswjd3927'),('KC+CSSzG52gQkI7/8BHh2THyDVkm8dKA66e8/YxLBYA=','윤재성[구미_2반_D203]팀원','wotjd4725'),('KEr6KB8u+kyiACRr/6rndH23YVu9T2Wybm6/RyBaPDw=','이혜진[부울경_1반_E104] 팀원','hy2jinl22'),('KEtXXiVzs28wEj6a54U+/M6x/EnlJTxd9+V+lyAZnlo=','정하은[대전_1반_B101]팀원','gkdms7070'),('kgrTeYenWWVVrqsRJKibYy1EhJCTVIbDXfjRMYrunrU=','박해인[대전_1반_B102]팀원','haein.hannah.park'),('KnEWyLltTgN32slW57FNU8eu0nMWbZVANy0FJLaXn94=','김도원_3반_대전','cocov2222'),('KoBtI6U/Rc6fmShGaL0ZwP+bVkgtXQvEKWX8Xd6LSjI=','김태민[광주_1반_C103]팀원','ktaemin13'),('KPDZkz+XjYy1Ct+LTWdfk1k8IUqhXpgpvWH1ay26smA=','서울_6반_김현지','khyunjiee'),('kPENpbILFrBaWcsopBCapCnpUci5jsu8iNQT65vTqHg=','김태훈[서울_4반_A401]팀원','gift2barry'),('kpmqf36nlSxRLlqGdXATKXv4x1jCodO5kR+yjKKVeT4=','서울_3반_정미소','jms9400'),('Kqs9GlNpZrZfKEjMHZSDecz8qElj8jJdpYh4SM848wA=','이재만[대전_오픈소스_S203]팀원','lbefull'),('kSiqZPAxANlbMqSkgH7jJhr2OS/ilhZi7j2JEuRBEPA=','배소원[부울경_2반_E205]팀원','engel5526'),('KtOx5Cycg/TEdnM80n7lLjZM/krU03c1FbNmzf1NM94=','이정현[부울경_1반_E105]팀원','simba155korea'),('kVFaQ87PECh08cQK/90D3eVl/RuwXFKcpTDxy0aEUgs=','박상일[서울_5반]','sangil9117'),('kVnoWkBhXmbDooJHcsPG0f8evVRBjQ+YD/WBv37zaBw=','이예원[서울_1반_A105]팀원','lyw0192'),('kYTB2+ZzCBriWc2PJz9MiKCQ0fGzC1Ovy59BLyVj0mc=','박현정[부울경] 교육프로','hj510.park'),('L0/nC/G3GER7l6Y9EejnQsdgz8+gdHqQo04bb0cqnW8=','최다운[광주_1반_C106]팀장','choidawoon96'),('l1Gu/oW/liLRU41H3g7knWmsH4C+U5sgB+Ljav22G1Q=','이명주[서울_3반_A307]팀원','myungju25'),('l1XNj/kOG0DBhTg7qmpJT5tshjqWi+vhYP7oBuqO3oY=','김수용[대전_기업연계_S103]팀원','kst2575'),('L2Oi1qqXxic46gDtYv4uxZYWckMeeYY3T3IML40xFtM=','이다은[부울경_1반]실습코치','ssafy_coach_83'),('l4vMlLU2HRQuaIHwhjxrCaZdV79icBCTOm9nCKD8O+w=','최대치[서울_5반_A506]팀원','eocl777'),('l5xpcOA+y3IL8k4OwIIaYpNNcTjhBN4PQV+uzynULQU=','박수아[부울경_1반_E105]팀원','tndk4997'),('l83mTmcO2bTk9AzrGHYEoejtfioANN/PdxaFHgkRz28=','유민정(교육프로)','m0325.yoo'),('L8SrXl8limFrtjW6j354a0Ai6zjo0JeoRp3r6FsO8rY=','김단이(교육프로)','dani.kim'),('l9fTIu33NFfezgrBsRaFYmzApLABBVtWtkcRyeDlmWw=','이아현[대전_1반_B102]팀장','uiyn'),('LAigCVsiy0SmiA5AHLrinhkmnCKiMbxSlgOfRmMjdPY=','박종훈[서울_3반_A303]팀원','pjhq2'),('LB8RzMAO160/h3vL9MTjL5ceAhaUXoSKpHiVeeSk8Ig=','SSAFY사무국','ssafy'),('LBq9Kyr9tXsLNiJZErQhMP1lAUl0qn+zvtWUQyqUjDY=','장효정[서울_기업연계_S102]팀원','ase0574'),('lBso3GX1yCoK9iuArJ0FVoLR2cl6nXmXrY2EGA0wQS8=','이병석[광주_1반]','s2_go'),('LC7tStqYztZ6ZojUwm7uiMF2T1v0xWVIicsSL8tL2xk=','홍지범[부울경_1반_S107]팀원','aaa'),('ldw7dTL8zNLzpnWAzKgTtBMU2rlZzEc++N1XMscprRE=','이상현(담당교수)','megahawk88'),('lef+KHqCCO/lsrrGEkFiq/mdZSjzMVlEo48YNmpGbwU=','유상진(담당교수)','etnlwind'),('leKc4L/siyknGQnWYeybjnQzxPhNBNOxRNUKPm98q3Y=','오나연[서울_기업연계_S101]팀원','cjcm1525'),('lEKN4volLT8g1f8oYffl+/kQSwkBGmGdt9KWLgjLrLI=','이은영[구미_4,5반]교육프로','eyl.lee'),('LEYvhDEYyIFUqCYy7XAQ2cRuVzystbCe3xDIAtyGjtE=','이승기[구미_1반_D105]팀원','tmdrl0160'),('LF79agtSisbfkHTs3rakGd0vEOp56c1kn7RQSJFaOTQ=','권우성[서울_1반]','djr53rt'),('lF7G+E+d2lO+jpfZyOn5ghrysTdGH1KDVHUAHJeWwJ8=','광주_1반_노한나','hee_hannah'),('lfWD8x4ftRDYGsGRXcWeDVH6bfeMaIozT2nR3VknLig=','박주빈[광주_1반_C101]팀원','dpfmal55'),('lG3M487Uw7jUAjqeL77qim8Kwwd+mO+kYvNXjDWf04s=','오윤진[광주_2반_C206]팀원','funnyjin710'),('lj2ca6dAsT6J82AKY6+3V5RxK4UVB5vhpzprlKOFl0g=','이가은[대전_기업연계_S103]팀원','rkdms0116'),('lJA9gQCa9RgAi7fzVG6zTCCpvSorvtxCS3kFxJKits8=','문관필[구미_2반_D206]팀원','rhksvlf0704'),('LjhuNSGwxaWQcZeXm01+WlGcVrtloQsqjTPpyw1FiVc=','서울_3반_황상필','hsp1128'),('LKmZIMkDUZFd0kFzSAjCBEyYUcUT8fP5rkWxTQYFsk8=','송예인[대전_1반_B110]팀원','songye620'),('lKPZqfkwsdZTw7yXeWy0Z3ANahOaFo1mbB6liRsnCuc=','최승연[대전_1반_B105]팀장','syc1008'),('LlEUFe0VR0VvkvKsYqit6/31JgbejH5BbszDlztU56I=','김유민[서울_3반_A306]팀원','elin0225'),('lmlzVPQIR5UlVVcNxpyJQTckFRGXVZH4eJPU11pSUMY=','김현성 교육프로','hs924.kim'),('LqgJwNarcKEK3FhDFpnoKGe1kxLFN5r05B7VScoKvHw=','김다예[구미_1반_D102]팀원','ek03147'),('lSlPx5dK0APrSY/A5G1t2g8on/Ud5F1MZacZQ0iwB34=','김다영[서울_3반_A303]팀원','kp03'),('lSnOD2sqt6kge8uQ1qOUVQGpuge6p+Fy4WjlCWw5WjY=','노하람','moey920'),('LsYC3bcTQiaa15xg0ea5eoY5GY/eVNbTP0Kuzcqnmfk=','양석조[부울경_1반_E105] 팀원','upgrademarine5'),('lW76iR5JtdPaMOT4qXCvvLPjXyjrL0jy123QRKHJp1w=','서울_15반_최희란','heira96'),('lwfuA0NlflhwjLRbez3bNvDjzKmiEnbKVLdDsjnBcL0=','이정민[서울_3반_A304]팀원','jmlee1025'),('Lz30MTRUtUtp5fDEmhQoW4PQUqemUZ2hjhXL7o9+OH8=','정성우[부울경_1반_E106] 팀원','jsw3788'),('lZUgJ5stg157/PNor+M7OcGUyrxggm1604Q1tJW6Ctg=','이재영[서울_4_A403]팀원','aao95'),('LZzXXFs0FuX8nE4meS9KAgxpOiya6uj/ZwTZv8jF4Ww=','김진용[대전_오픈소스_S202]팀장','zhaqh146'),('M2DBJP2xoiXIVQmLeBDcv681jwWMutaW6EEw5nundB0=','이유진(서울6반)','96uzz'),('M3GD0fCvlbXzxTKhozVD9AbMJ8HkmsYXs00DZ3N4zVg=','구미_5반_최두나','doooonachoi'),('m41ADqC36RS6QYOap4cQsPIy5UvOkxWMyDSTlU70R3s=','문준호[서울_2반_A202]팀원','junhomoon224'),('m6/1CIDgy9FRwNmM3KkJO911nm+KbzbSLPxvvpEeI10=','김순요[대전_오픈소스_S203]팀장','rlatnsdy125'),('m6qgC8Pfy88SfdTVb3CDnAgCaR2FYC1Sr2NpHzKUmH8=','이승호[구미_2반_D208]팀원','seung7642'),('M9Fa6l39Thtwd/XaNv3EzswNkBYjyyGqtxVhpmt++Fk=','서울_11반_전대영','eodudsla10'),('M9lLbhoXWr0v229hxDco2LMRfETfsovJgd0asB96huU=','최하영[서울_1반_A102]팀원','devhapeng'),('mAkfXDEn4sxy7cYcfAHA9GXHtWhydrNJKug7Eeqvr6c=','강민구[서울_1반_A102]팀장','mingu4969'),('ME9jDCjfhx9iiX70Q3zIcofQhHhhuIuN6NpiGDLqqCE=','최종현[서울_6반_A603]팀원','jonghyun2016'),('MElog1xsco13DTO0Du0gDo0zHbQy50gTnYB5LyDfE6o=','서울_6반_김희영','mnkl1225'),('mGMxa57hYm9E92k0p3QHqYm44b476MMauGJtin4II8A=','김성준[담당교수]','armitage'),('mGQLIhMsGCn3inQfVB+fjRAASsVmDjGfwC8iIE9D68g=','부울경_3반_서형선','tgt10'),('MkyVZ9o5Z4tWIK/llu3s9WvtJBwb961r8jUDJVPSQf4=','조정제_1반_서울','emoralvisionary'),('mL0nChxI8BcT6xIxZW7fQd2GVNCcHvsMbGi+Wu+KRmc=','서울_6반_김경준','lksa4e'),('mLnuiqtCa+hh9vpSjRnYED3LXVdgVZAaWYiQ+U1Bkcs=','배용렬(교육프로)','yr.bae'),('mmooyMbVKCBrbY7gryBc934TD0gStR132L3oJyoInr8=','이현홍[광주_1반]','s_1012'),('MMPxyT4S9CSbAHpvHHAG+g8sd/QmjLvNnv+8xDV9jN0=','김경협[서울_3반_A304]팀원','rudguq439'),('mOJ4rxFKU5Ano2JNx5ViniRRS4oE+t5MJ2dxrbyhkzQ=','김동현[서울_5반_A503]팀원','budkim1124'),('MOtl1KCRclH2TeSzLSQGoc3eOKTwXi+2Xhv5DD7wEcM=','광주_6반_전웅재','sinsa0719'),('MPmm6iAfygq3wnULbcvJlVqgzKbIyH+Fu0E3pN35hdU=','신다빈[서울_5,6반]교육프로','dabin.shin'),('Ms9ya9pB4L2y9mU/MM6F5BPC2BzjYTqKTHwY59viYE8=','이승훈[부울경_1반_E106] 팀원','bgd02013'),('MSTbrFpJksLrU8MWP2c18c7AgR+o1aEOLXPcEt3R1gU=','서울_13반_김배승','baebaeseun'),('MSW1717d+q4DHQhAtDNHw6lgyFtfW8YmwKIiXmyafWM=','박지유[구미_기업연계_S105]팀원','wldb0208'),('MwAhjODZ9hq9U/6fXSWSf4YZ3fztEz7SmHnJ9hiqVSA=','이정아[서울_2반_A201]팀장','wjddk7507'),('mWIn0ncktIQEblYDlavLzI1/blbMcG6Jfrdiqc87hvs=','이은택[서울]실습코치','ssafy_coach_47'),('MwNP7DE5cBkI43rw7Hgs/DwCBmB5gr0RKr0TpG8G+Jc=','김동익[광주_1반_C106]팀장','diakes'),('Mxm3PNzAHXFIjVyGruMMD060wUqn0xLmsnfHM1KnFPQ=','임현모[구미_1반_D102]팀장','gusah34'),('mxoo9e6d9N0Bj0ECzLirUaqkCAgh20qlPbQD6Tfl0yo=','김창민[부울경_2반_E202]팀원','sky6min'),('mye5y/z18hJjlPpNx0k7qg3s/3ncCaVcZCsQz5cEmZY=','광주_1반_이성근','tjdrms1115'),('N/07QnHCCLDFi7yfIEvJPN9UQoFvCmQnn6tzBtTaYtg=','윤효전[구미_기업연계_S106]팀원','se1620236'),('N3CTpq9iumYp2gJKQs5okwIskB8oQv/fNGOKLdV9YZk=','권오범[대전_1반_B101]팀원','xpzmfhf'),('n4vG4TD3C3Gp5RyZaHbbY5T7PIPiomHGZdSJRHYP4vA=','서울_15반_권민지','vmdzl'),('n73cHT8ZpoKTfR/dBJ2nzqFsUP/JpZaFa3e7DaojpSM=','최범규[광주_1반_C108_팀원]','cbq3737'),('N8kV/RGuN/a57tdHUOZRzBSDFDl/XJrWczJVpEQIDZo=','고우영[구미_2반_D202]팀원','wooyeongs2'),('nAGG8FeSO6SjCK6ROBT7DAogbvDQq7NztQ2gAsMSr2Q=','이정민[구미_1반]','jungmin2539'),('NBbNvo+wAHkZQkakInCN8I8gq9PKgahMcSVKzuIQxY0=','배나영 [대전_1반_B104] 팀원','qoskdud15'),('ncV84IY1SIAeKLxDc89bbG3wGZrWXRY50GMT6dGEdhQ=','김경원[대전_1반]실습코치','ssafy_coach_70'),('nGpWSqW8EdKvicRX0tehka9XBw8dVDiWR67ZMXbYS98=','김준석[광주_1반_C101]팀원','jor9511'),('nI72f78uynXSv/Ad1c9jTq9jAqPjYFocbxaEX/Uq9Qo=','김석원[대전_1반_B103]팀원','seokworking1609'),('nJ0I9T4RBSB4kiHM6Ll20Dwa7Kz+65hnF3Q1rDZ+Qcg=','양원동[서울_5반_A503]팀장','ehd8331'),('NKTxClWfdeqTZpqmChXP5ML51EPPb6Qv9u0oJnPBJDs=','신지우[서울_1반_A103]팀원','ziu974'),('nna/DvwfMLyY2rYS7q/QX1DOUlwM/o7valJ1vAKMnqA=','명석현','myu1231'),('nnGd2d70q9nxIJbbXc8XJva5fZnmmZ4lrNjaoVSgpzk=','윤기재[구미_1반_D108]팀원','dbsrlwo1'),('nNRJhfWhrfr3dgSh/KT1Ee70O7cgYwIpQL+X1aJXjgY=','김준석(PJT 연구팀)','lab1.ssafy'),('noO/UrjLGYO1EaXMvslVj4VELBRK3ax6z4Yr/xzoHMM=','정인하[구미_2반_D202]팀원','jih_319'),('norQbDkgJjFntV9atUzT3Xl/GFg2JQletX/U5W4po0E=','박승원[구미_1반_D101]팀장','p9a3r5k0'),('NoruwKfMSnKXFiws876LoKaaytzVcLYK3ViHzsqOM0s=','양승우[광주_2반_C201]팀장','aquageek94'),('NPAzmNuzp1EWIE71yvWpAGMkGnNve7yWVMJRtWS5VFo=','김민우[서울_5반]','m3nukim'),('NpvRzAa805irG8+V8iBUAzEKMOGYHpc9wJ9SorMZJMg=','서울_2반_김태연','kty6278'),('nqh42H2pFTti5FEqgaigmaqHrQ/M74+zxRJks24u7xU=','정구아[서울_3반_A308]팀원','wjdrndk96'),('NSIqd0/ReS0bMx7SNQ9Vbd5L5RuX+dzjWrrqIrcvmtw=','사연진','yeunjin1'),('nspM9uoykB3tH980t1V0pw8K1Mn8fpUlb4NNYprbWwQ=','김중우[서울_3반_A307]팀원','tirkffus'),('ntuci1rUxzC61xRhFRgRKtWMcw8twwguMArxrAoLwRU=','김민현[대전_오픈소스_S205]팀원','rlaalsgus17'),('nWW3ehILHPXB4IPOUtx7ZqsqAB5cx9Kp201ZURSNMFk=','박윤지[대전_오픈소스_S204]팀원','shaian2'),('nwywB7LAjPxsSMBrvtElcN/NxRExX0SjdllyWW83k9g=','장원종[부울경_기업연계_S107]팀원','bjlaancgk'),('NXgrc/gmB8Z6A873r4Yr4yHBnAByCL1MqomOUpJEEh4=','오수경[대전_2반_B204]팀원','ohsg97'),('nzj0Lf/Lceqo1Z8uXSkhDXR7N7sBM+4nlwYh3XoCg6o=','박창현[대전_오픈소스_S203]팀원','pch1656'),('o0mEYKfqW7MyuoJ9i+UU4P/04PU093W/Mx3eSMuLte8=','송민주 [서울_4반_A403]','dbfm2222'),('o0qK6+fLLZuLn2BiLdnBR3sl4oShRGdPctpox9+Mllw=','이현정[광주_2반_C205]팀원','h.jung0409'),('o1xKJ9DwJ3/6sfDJeqB4SOL7fn6q5I/6Gg0q7rfUIMc=','박기성[구미_1반_D109]팀원','abc1242'),('o3cG1eYdM5di/bVxtyxU6FuJy0SV+36iPYsjjiY5d00=','왕수련[서울_1반_A105]팀장','wsr5683'),('o3G0ohQgWniVImkIcm2BwWKbpwrZD8DSmVgGNXDSXbc=','김태현[서울]실습코치','ssafy_coach_65'),('O4qumMkBaVv4gIT2hijrAnjGzmuXpBwczsTz8aEvFnA=','서승원[서울_3반_A308]팀원','bruno95'),('o50ZP9rgTO9r2qQ2U02dZeEnhESmuMfutoSGwSF52pk=','최상후[부울경_오픈소스_S207]팀원','1525434'),('O6JcOuylrG+emFbsoI4bOkma5xgq/aUlsCeXsmIZRN4=','이다예[서울_4반_A402]팀원','ldy1853'),('oajAeymhFuJtGb+GK0IOJp4+M/wwHa8P119S+iw6Oc0=','김윤하[서울_2반_A202]','a41212a'),('ob+KGim4x571rV/XhmsBnL8dmS9jex3z/E2A4btR4CM=','김동현[부울경_1반_E103] 팀원','zlewns'),('OCOiawmhlseuBECTLvIUpUbKKY5m8Wu5tjvfOiqDU60=','김지수[대전_2반_B203]팀장','luky0628'),('oCyn0xRwm+f/1PAVi7ID4JkRC0pxbGg10wqxtqzAXu0=','김채련[광주_2반_C201]팀원','kimchaeryun'),('oE2aFiLuAkQLaiD0glJ+3abPGRIJ7vdlA0xCG4pwGpY=','서울 1반 홍채원','chmono'),('oE6fdIbjnn3D/b4StOy0G+FBlf7Zv56m9ZZJNmOuYzU=','임채은[대전_1반_B103]팀원','collcr'),('OF4t60IvlAl7NsJkJnboOhMtKVRu7QntbWd5XZ36FAQ=','현종일[대전_오픈소스_S204]팀원','guswhddlf11'),('OFSjE/bzR7chDEFsB4AXO6dUDjMvkDiAwW4Qnu5VcJw=','임혜영[구미_2반_D202]팀원','dlagpdud7830'),('OG1BoJq5Y54GTrIy1su3M3MSIp8ZQ2xd3H5KJlaw0Ks=','윤태성[서울_1반]','dbsxotjd55'),('OGVhw6CSWt6B0al37+07tAE6DUXu1usNWSkGXifRDwk=','서울_15반_장동권','spurgear777'),('ohyFrwe6cKqR1UzO858y7b5DrhBTVKdxFLQduk9z+vw=','한정섭[서울_4반_A404]팀원','wjdtjq1121'),('OIyYV31RI+Wq4csApfZOwR5pJ5wJeu4nS5VCl/qjJ68=','구미_4반_심현준','hjshims2'),('OjEFlNEuQUfPFLFXG+POmvVcPGt05Bzv1xx+h0BCsFU=','오윤기[대전_오픈소스_S204]팀원','orobot13'),('ojh+hkjJOUBLioV07biZoVr7wrVhGZy+swbg5Ktni74=','이동준[서울_2반_A201]팀원','dorororodong'),('oLDOH+aGC4eDFwcXFCvmmuogCeZiQxKdtTVArbnQwPY=','이윤기[서울_1반_A106]팀원','luk951202'),('olJmCqTtW7UFL18hd8vpf5bSpwUQVYKw+d7Pa/aj6m0=','박지후[서울_기업연계_S102]팀장','jihoo'),('omWRjfF2V3sywSoBf2GbohLw2z8zJ/oNzqrOpA8eTLw=','안재현[대전_오픈소스_S202]팀원','sevct'),('OP5UP+HXzjohbneTiZemV9ypyHXkZeqnlNoeGi/RUCA=','이인규[서울_1반_A101]팀원','gincheong2'),('OPkAbmc+zqCmE/ZVe4y3J7csxsHSweLo5uJWntxnx6c=','강동원[서울_4반_A408]팀원','dw3624'),('OsKK5vySKBOoSwKC90G7EZYn3kJhwPVBE6/h5CCWR1c=','윤동희[대전_오픈소스_S205]팀원','dyun022'),('oSsy/7Rb9cgEky5EONfh5AeoebAO7Cvy+LpufLdd0no=','박아영(교육프로)','ayoung.park'),('oUFcG4ZVZyiOy1Z4gFD9ZaOYBELg4ktcBnfeKLRegFQ=','정인석[구미_2반_D204]팀원','kxv1031'),('OyoUg8Ovt8nvuiuHurtbPqu+qdZFu5y4lbUbIqDrM/w=','장정훈[광주_기업연계_S104]팀장','chlj1101'),('oZi2i2qVdfVQTThcvoUnuW2FUMVe9XHHzW4vtJ2aujc=','서울_14반_최혜진','hyejinzzzang'),('p+cgWg4dfB57zXlAGREOigQQH4Wla3bscdV9SOYokcA=','김성재(담당교수)','tbja'),('p/5K1Qy7ThC+eza1e6tvyAvWxHXfQzLUhOPIU3MkxqU=','마수연 교육프로[취업]','suyeon.ma'),('P/dFMj4rYoDAAmgDErfNYOYVAigAYxw7ADsA00QBjD4=','광주_A-1_남준호','nwnsgh163'),('P0HhqDuI3mdNdXcxS7dZ+xdmzxb26SQ6eaysGs0kdI8=','전호정[부울경_ 1반_E101]팀원','jhj20071'),('P6upeztJ6Fn7F1LlyuEtEdYAaUGkxRTqpRqwY8eE+2c=','나지엽[서울_3반_A305]팀원','qmfptldk'),('P9HtEjcLxoMrbTDXETDwBV5PNOWNMPlhz01vKs3aKBY=','김치우[대전_오픈소스_S203]팀원','kcw0360'),('PA6naoccfRWEPTXZi++4kA10jYI0sz+ncj9V+uQfUDQ=','김동현[구미_1반_D103]팀원','dtc03003'),('pajiYh/jA27Gb4mF0f5PA2O7sBOagsBspMFfzk/KgPM=','최재진[서울_3반_ A302]팀원','svstar94'),('pdDR9fdwoO/f474Yv4aaAzfdxqBR01aWvpn9LkGDBRc=','김민채[서울_3반_A302]팀장','itzmeee'),('PDrQdK5NRIKFdUy32FxhXoLJxO2bNxAeK/lhZaJMRzw=','김윤빈[광주_1반]실습코치','ssafy_coach_74'),('Pdzhha9RG4v5Qvy0ZBdI2Lsd4td5MegHuNUjfoVaTa0=','장지빈[대전_오픈소스_S202]팀원','jb9992'),('pEqQnDGfTZMcv0JNd90nNLuMSnkWOfX6P9AY8+A69iA=','손민기[광주_2반_C206]팀장','smg8932'),('PEQyNe3DoChxnEN1drT2oQ8JZ0q94lSPD9kJoumZLoU=','윤성빈[광주_1반_C105]팀원','sbsb7247'),('PGqQW774nYdfgbHECYLRbA79V23zF8r11Z4ttrLzfXE=','황정준[서울_3반_A303]팀원','hsk2454'),('ph4Bhiz/TJwKSkwwd+0T4ufJKvsDgvWud3HmhHlcOy8=','배용한[서울_오픈소스_S201]팀원','byh5112'),('PH4PhzZMFhoOFDDaA86GWHtD2oxK1fH3L4/TqOQ5Gu4=','조현아[부울경_1반_E102] 팀장','hyuna919'),('pIiWDwt+t6ojqSLAVqanP+dsVJbj4jHX97+DVR+O9sg=','김상희[구미_2반_D204]팀원','jkhb62012'),('Pj49+UnEpEVfHXxTCKnmXTQN5RF9Ea9zW5RBiMfET5Y=','이수민[서울_4반_A405]팀원','dltnals7350'),('PjKd/Eig5xqK820ki7QkvoAJAgEz1Ng/Lo6SeVti3Z0=','양아름[구미_1반_D104]팀원','smy04299'),('pjsN3wv0nAv9WfU/NFV9lUe9qpQa7cxymAA4wDRqkr0=','김주향[대전_2반_B202]팀장','ilove_13'),('pLn3KspzQ7K3lv/D3o1t8I83yKplVzoKBrj/W2gQKJo=','서울_14반_김기윤','kc6154'),('plTUDYD10u5eo1rWkvrlcxoJk0fx+XTteo/yc4QXM7E=','이주용[광주_2반_C205]팀원','ht9943'),('pm5A0dh0hv50SVSGa7JMEzXKHp/dNupe57nm/VKuNN4=','광주_A-1_백승준','100sjoon'),('pn6XnUDclnZ0PvN+Z1QW4uhZpujDFj9RWQwX96W+MsE=','김혜인[광주_1반_C105]팀원','fallingstars2749'),('PorEGUDc+sK2CJGqVe+L9FZzRzPLxn5298XBKO1Mics=','조해성[부울경_2반_E205]팀원','tg8685'),('PPFQCHLM1VAWMbsON7zc++aB5OG2ySJU5302lJi75C0=','이건영[광주_1반]','yellowisher'),('Ppjdt55mIkD0ymotbhbhRHCRU3AfYxAcMKsP720Q77Q=','박준용[구미_1반_D106]팀장','dooripjy'),('Ptoz+/C4Ru2IkaOczj61KiC5ykPziGQq/dOnPmvC0M0=','남은성[서울_2반_A205]팀원','43sungep'),('pu7VnC/9yiwV0RqYsWkPrbasaTm/STu8Y0HQCkYdMJk=','홍은혜[대전]교육프로','eunhye3.hong'),('Px8EtgRt1V563ovyVZKkigCJan6NnZWMzaD3YFaxUmE=','광주_1반_최영수','wimalnel'),('pZavKrw0nSv7pl8B4F1LP4MsxEGCu3VSE8pjiwXWUOc=','박창건[구미_2반_D204]팀원','pcg0527'),('PZv/bEeMAu7+WBsnGGc18IKbKXXvHY6+fz5bSw5PDII=','서울_3반_이기진','bn1226'),('pZWDx54FeQVEL3SOfvn8nb0exF2k65KfF+aV3bl46iU=','정해윤[서울_오픈소스_S201]팀원','godbs98'),('Q08lkJ2xUdUILJf1uYXppeXzjzY3mMQXIZVTLylG6kk=','이승관[구미_2반_D205]팀원','qnfzks111'),('Q3hK6BAgwpSu3NqaDuiKFV2RNng+tUNoDLuZSiHMvoM=','정우철[광주_1반_C102]팀원','woosteelz'),('Q56cy/P05g6itCCF2H9HLD7fia27vvsVum19iPQ82YE=','이상엽[부울경_2반_E207] 팀원','tkdduq3546'),('q9L9UMtBz16BDyur5yU26kqH4ccS4h1lLUBqg15FE7c=','서울_4반_이민형','ganzinana'),('qb7GKRD8vMkHuU/1mEApDnZRztII8xod/Sq9w/UKt0c=','이종준[광주_2반_C203]팀원','ljj9316'),('QBgmwvcaH/Sq3ar4BYRa+Ds4XYhiWl77pLcQ5vS+kfM=','노하윤[서울_3반_A305]팀원','rohhy'),('qCZuE5bIboNP+qwG4C1TR6zocEjN8AoijMv8q+TpxH0=','도지은(교육프로)','jieun506.do'),('qGWWM127LYq46uTkHC5OlrIWS3LA8A1ujOOX2guLdCA=','신미래[대전_1반_B101]팀원','sml6209'),('QIArmakWwVGY3a5mh0z4kgdyH2kYHPb172S5jLdO+DU=','조용구[대전_2반_B204]팀원','younygo1004'),('qK1nZxMKDAN7XKqQMwMZldMf5pMjLFAzYYpSOGioQtE=','이민규[서울_ 6반_ A601]팀원','aaasssddd123'),('Qk7A8yY10JYkqJw7syXGIiaiIt0rX1O/8Z8EFxsva00=','SYSTEM','project'),('qkBt/27iZqDuPcyzkkBediXzjyPWY/I+JAeapg7V3Rs=','조용문[서울_3반_A303]팀원','choymoonk'),('qkvdFB7tc3thMC9q5onatd2TtyJSWVjJ4/9t1MvCjQ0=','이태용[기업연계반]실습코치','ssafy_coach_68'),('qL4/KWxRwtD7HVhohsU3nIeKAGOg7XViiQ8kXpgD7do=','정수빈(교육프로)','subin25.jung'),('Qm0iGDfl0SgXhoVaueA/P0VG7e3iipJ1VbnrS5B+Tp8=','이명성[구미_1반_D102]팀원','2017113427'),('qMQgNYfZGG/qzM75qQA2rUo4Acg/wG1dVmeOzyCSqRs=','서예진[광주_2반_C205]팀장','jasmin960427'),('qmTdah0WLHKO5+Pjug02bLGkN/KX1u8Jbld1ieipEkg=','손선우_1반_광주','sunwoo4bw'),('qoD8AkT9ryrFOzPYQMqbF1Is/k0bQsYvsPobqa3bOSA=','박상준[부울경_2반_E205] 팀원','applause1319'),('qqIlZH0ssyxK8oK39EjkYiCh3aB0J1vUigkAacKurKE=','류민정','alswjd506'),('qrdb2PBV/AcIthoFenbgKyoflBSvCPAwb+1JOLyb28k=','김은서[광주_1반_C104]팀원','kys980130'),('QRlUPWonV26H4ceXsDLZvzifV1cPUU/AL6wN+sTqKPQ=','차상훈[부울경_2반_E203] 팀원','sanghunc62'),('qrQdw5Mi89PAKyzi6FX/LkfxaSFoUmi2786y2g4Zjfs=','구미_6반_이정진','leejeongjin1'),('QSGqsRGuCAXjtE0pULUVw6CvpoH5EPEwpWNySw/oyZ8=','서지원[구미_S1_S105]팀장','yogjesi'),('qt1UVAWk6GyjoEvLMH3muMBCbJVklpBpk+UU5E6oqLU=','김범진(담당교수)','clamp31405'),('qTQAOpgryA4I1ch6+6zRJJhA0WNGDoA8DOOoX+nbgc0=','안정석[대전_2반_B207]팀원','zkxp1215'),('QtwtRKJjBukC+jEfg1l0Cv7Gzvgn1tLrxc2YYOxm+VM=','윤혜구[서울_2반_A206]팀원','une9nine'),('QUSC2q/Ia0kcmXzZ+dmLs4oLgNawNgx8nQwvuL7gcEQ=','김경석[서울_1반_A106]팀원','0xe82de'),('QVtVFpxFHI6i21XNuXnvJFnqSRsfGXtHNDT2h4YYnnc=','박우경[구미_1반_D107]팀원','dnrudzx'),('Qx8OGBZiozk3Rqn/Xopocfq6Zo0h2Z0O6wF1JMAEiDY=','최영빈[구미_1반_D103]팀원','chldudqlsdl'),('qxaERudvP/Cu8a+uGtrR9YCYvshD0jVUwVy25Urp1kM=','이유진 교육프로(광주 자율 1반)','y5389.lee'),('qXjygKWWQk1rRRgEQ+sO/U9RPF6L6xBSk3cunJRaBZE=','김승현[서울_1반_A103]팀장','ksh7669'),('r+yZb4SaUyH0I1N2iTHM4/7qSzpyZghb+5gifYqWXEM=','송경희[구미_2반_D201]팀원','kyunghee794613'),('r2ccW+Z25UsUmTBmm1yM7z2Hb3MryOFNvQWmZNW+pNA=','서울_14반_이민호','mhlee997'),('r57dsdXBh+bTT3j8bma3a4lYth1f3a585+6EmmyqoPs=','하윤주[서울_4반_A403]팀원','hayj04'),('R6vRkYS7RPssm9UJGI/KIA2ZrZDEROzC6G4y23D+8Is=','류대성[서울_4반_A401]팀원','fb1014'),('r7cQgDSlOvkP/tzKkrAvduAdTmUn61dlG6kcS/kca+U=','김현태[부울경_1반_E105] 팀장','zofht2549'),('r96onmg/yya9PdUeE4dKkr6DoRzFbPTPrAaN9yLDzao=','한성희[부울경_1반_E103] 팀원','bee1404'),('R9Gm7GuEccFlQwaZzi6GSqHQrRoZS37MA4k+/HcF7tk=','권영준[구미_2반_D207]팀원','rubberboy'),('RA/pVN1uNMh8ujZhpVOHJER3fMGrk7mKoKtCcBfaEss=','박주미[서울_4반_A407]팀원','zummy'),('rA/SbOliDcDibwD917prndtGKHEOwjakL1NY1y1VsKQ=','김유진[대전_2반_B203]팀장','determination9212'),('rAy3RZ76Wo5PAfWWSlHVxvKrFZOB8A78q+/93CWZq7k=','정희연[대전_2반_B201]팀원','recul12'),('RDKYFMSuJA54YWzeORTfUR7iZgftQYFMEK2Birdhh0E=','전건하[서울_4반_A406]팀원','vkdlfl225'),('rgzxRZZHTTjyIvzQX5q2Ap4bnyZdaD1MYIGVcdlebpI=','손수연[서울_1반_A105]팀원','sksy368'),('rJUwRS4UnoCLHvPxWZCeLTlVUF1QNaPPuHFWU2VbBzI=','서울_B-9_전상민','toxj17'),('RL0tx/TUUS6Nh6pGdDuS6Dyk1dc8lJu7Q7sopY61nN4=','김일환[광주_1반_C107]팀원','ikhwan62'),('RLYQ8ZzVX4WsSZICSfIWoEqNujB4zGNbjvT4IXxEam8=','류완수[서울_1반_A102]팀원','ruwan9'),('rT4RD+Z/6wy7cb9Krsh0Fx5xy1gamaiVy2JfsLixH9o=','김성현[광주_2반_C204]팀원','gkska741'),('rUygh0V7RHBtzgJEhmXaUcpbqNPzTYV92KchRTg1l18=','박한빈[광주_1반_C101]팀장','paradigmshifter'),('RV5GsyzQ/B7oJDHE9paKhnhfUFejZdXEfMWwliBX1Pw=','강시몬(컨설턴트)','mstkang'),('RXz7tVsUOBNEQOAIFiP3HhQZMjeHjFzFS87rTrSJTuU=','윤원정[대전_2반_B207]팀원','111_96'),('rzjpPi8FhsbaaWMsKKD0osEKImZdeiGeMUtgdFiKPjg=','송상빈[광주_2반_C204]팀장','ssbin407'),('rZWu+rNNzUBrd0ZZQPSd3Fj6z6s65zkREQOy7fVx7fQ=','전현민[서울_기업연계_S102]팀원','ssiluk12345'),('S4+N6gwDbXJUp6PBN6z/hJ3HmdDU7mNROOh7frzkpFE=','윤관[부울경_기업연계_S107]팀장','blackgar'),('s54ep+NMf7EgxMVQM+CkUR3vCBONewkC2xa56Q9Dda0=','유병재[광주_2반_C202]팀원','ybj121725'),('s7g6HgsgEaiMOPkoWYIjJb2uDXxzwdTlJj6iGZkBIsY=','김승규[서울_6반]','ksk030303'),('s8HMkQ6o/e3PttINJ2xhhhb4n75e9A/U6jhykqSQcv0=','이수환[구미_1반_D101]팀원','kldoggod'),('S8omzQd1QH8HXHfBTI5jooPK0pPmfo1CxMsyGxdvhDE=','조태연[구미_1반_D104]팀원','pmhvkfuy'),('SAq/Ue3uEUIF3JNogyTSaklxtqb5eX6c5qfOOKdsHSw=','서울_14반_이유진','ujin2us'),('SBnoJY0gZ/rPjnCaoVZE5wR1vliUMGCDnJhcdvovVRw=','취업지원그룹','hs46.lee'),('sCPY3BKmjGiJS3BBN3ZEJAmGA3mrYZmwnC/dx0u36xs=','김희건','khg878'),('sEWCli39GmOdZWpCnxvv/1gEkBNrMD6I75f4RyMi3pk=','박환희(교육프로)','hh.park'),('SEzasteHj0LDlQvE9yWFF3GwNMtm/U3+qSVUTPmpv7I=','어서빈[부울경_1반_E101]팀원','jya3392'),('SG+RPw7V1D7u+s75UYNfh3/lKHNw5KN5VKzZACHQs6Q=','최우영(교육프로)','wooyoung82.choi'),('SjA/U99gyWRMN9F0GoGUvmrNlnbbvW160wdXzbXBJqk=','강민철[광주_1반_C101]팀원','kmc9308'),('sKdYB8UTRrilS/a6p5tvbxPM19pP3B9kcP4eku9qpdE=','강민우[광주_2반]','mwoo410'),('SkJq34Ahjxqg7PYxGPFhVgiXtZr140eI+ayN2jNt5fA=','최미정(교육프로)','mj07.choi'),('SLmI/9/6cLEnJi0C+j97JXupl4kxqe6kh/RUl+Vvrmw=','이유진[구미_2반_D208]팀원','dldbwls1025'),('smifVAW1VaoXDS/i0KfrJeYRyVVewR7SIQndDVenDE4=','안영원[부울경_2반_E201]팀원','kublaihkan'),('smXGcS6TU5MMrZ//Nerqvas2JtdWg/Z66e9QeKBtyxU=','박아람[대전_1반_B107]팀장','reveamour'),('SNIjX2iyFVLlK+EQSvrRkN8M7VlVqx+U76sDEWzHxos=','배준호[구미_2반_D207]팀원','wnsgh0522'),('snm4ekSh5vZ2nQllEyMQlCXD9qn6PkdEsKzGZcka00Q=','서울_11반_최정은','wjddms905'),('SPAfTGXTHP+juDxPEgTXT12AZpkbg6VHeCkDPAHeRqE=','김민진(교육프로)','mj0930.kim'),('spTcLr2kV+8+Og7ewnfawY+NdTshQCDJlkMhwbEOu2I=','서상용[구미_1반_D104]팀원','dbr00061'),('Sq2yT/zqWnkA876LKdY7ABI5JsPVAHnP3tuU5z5sroU=','sehoon27.kwon','sehoon27.kwon'),('SsnUnc0ULUrHMC1zCqdVNoNDKr50oRCFcOuoqDJzaWo=','서울_14반_박민철','pmch0325'),('StBYcv26gE3u/aSwBRqj2VkmxT8eio1H+opyyD0nuyw=','임기태[구미_2반_D205]팀원','dlarlxo23'),('su7azcVOC5NFUdv9fKBnurZWbN07L3KBZ7Zv32WLL3I=','장지영_[광주_1반]','jiyoungtt'),('suH3hjCoH2GTsSpuR6O2Xwj897EwyKIAjABTP709edM=','서울_1반_김은지','a_sldkfj'),('SY44fQ4KmR90JBQVssR++2qnsy5XquUbcND6rESsi1w=','전창기[구미_2반_D203]팀장','wjs1724'),('sZmMr10bFHqcVVeY4neqFfODU70sLK8gr46t53X5y4Y=','김시은[구미_2반_D206]팀원','sieun0907'),('Szo+7V8/7gakKJJWLxEqhPoKJlnlNJutu/vfErbUm6s=','남기용[서울_6반]','stellis001'),('t0DyYvXhi4AeUbTBrI40yNW4Tza6wWboVcLoSaZYJgE=','정종혁[구미_1반_D103]','whdgur1068'),('t14PPvuRnIkyATzzxre8jGYFBQcjioFSASo7OCwxXlw=','장성준[구미_2반_D211]팀원','d0pehand'),('t4+KOp2o2ES+dpwwOR0q5GG94ACvr8ZHb83SF0sON4s=','안재영[서울_오픈소스_S201]팀원','ahndoc'),('T4jbrm4szwLK5pxzHLO6NFbaJ0JEO7Jdtoo42Pd3UpE=','김영후[서울_2반_A202]팀원','mage888'),('T6T6ZTfrrpDdHs7toLeExm+Rdbe95l1yhNXkJHRROws=','이현석[구미_기업연계_S105]팀원','meacgod'),('TBeB9ahWMB8Qf9FgC4kmZQL1kkIBFZMG1x/QLuWH64k=','이주현[대전_2반_B203]팀원','aganga7427'),('tBGl+6t45Ho0jAyLkqW+jRsV2RffTThwyukMMmPp/Ec=','김신일(담당교수)','tlsdlf5'),('TCFbY1K96DAhG1BXkTa1QB1II6wIJPjlR9rVwlwTUxo=','김동일[광주_2반_C204]팀원','kdi1569'),('td8WRXGllNPWuiMQDPr97U0X6SQTgLYtOOnZq5ZfUug=','이석규[구미_2반_D203]팀원','likppi100'),('TdxjoJLelRVEBbA9k9SIH72TcUGUrk3iubuajds9YdE=','김주호[대전_2반_B206]팀원','eora21'),('TeTyeA/6b687cnGKE2QPeDx2LqKPvGXFdF5i6QAex/k=','이찬희[구미_기업연계_S105]팀원','leech0924'),('TEyfEjlRKfs5kfz+dqJVa9UoKphaXwZv1S35wCeYnWU=','서울_13반_박성현','tjdeorkfl95'),('tF7MRdHJakzVq5t98F7Hi3iPf8aUNlR7xIpLRO6O66I=','','kang'),('TFUmn3VaJh6R1IlZ7ooX587YmyznooxjF9m24CWONlo=','김유정[대전_2반_B204]팀원','yujng789'),('TgkylXalfmPPPyh0Tf7M1dvUOBezW5aoRaZasy+V7R8=','서울_14반_이시형','ecb8888'),('tIl/1v+0T3loE+pWlULztJNHie9Gt1i6QuJ5IAtUm3o=','정원식[서울_4반_A408]팀원','wonsic3686'),('tJcsigxetlPwbxSw0/IYabSAdw2P3pR+ijIpA+gMUAw=','윤설[광주_1반_C102]팀원','computer98400'),('TjWfntajsYslEhK3AOHifvyw7m4xuWywimTjIxNB28c=','이선민[서울_1반_A106]팀원','sunmlee7'),('tkhaVVSJyJVLg+oxbqvePmbKWCZkgPdhZrfEyeOvcXw=','정지영[서울_3반_ A301]팀장','chung1997jy'),('tKpqXA6H2yvrw0hSWvpK8aJSPe6Mz80bKfJqNWJdIqQ=','임주론_3반_대전','wnfhs91'),('tL+DwYiMSZ/YnuhTh+EwvGTvgZURVVr31otTFskC8xU=','한규정[광주_1반_C105]팀원','ssikssikii5'),('tmEf0iKzxc3UucgSOxn+CuioLZtdSHFCTVQ+cw1FAS0=','강태훈[구미_2반_D207]팀장','xktmxkem'),('tpqolAFEBxfjOi5SrP/Evt4DgTORLsp/lG+j20sa/E8=','부울경_4반_전여훈','najohn622'),('tpXjprl9oLcXpd5ZVgIjwH1kv5yaYIWBHwKDphkOhIw=','송다솔[서울_2반_A204]팀장','sonk55'),('TqaWFrtnYowEPTWpKH9cbbbkJKLgZYl9i/inryzyW7s=','부울경_3반_김서진','kamuuim'),('tS0GSa6HLBb89IO6h69rVNfpnSFiSMo6fjluAkl+7WY=','장보일[서울_1반]','supercolar'),('TT7vlGN1HF0C604r951C5rC5HJjz4mnT4rUbsb9hSOg=','방기진[구미_1반_D105]팀원','k12zo'),('tuQYlPcfz2pDMjA7EWQwShxmo1yty+ma29z6TbMULQs=','이재성[구미_1반_D108]팀원','leejsl96'),('tuVom3EE4nS7tfApWaTJXGwDeBF0DIGnVnleQpYGg90=','서울_15반_오지원','tinwoon21'),('TV7CLX8fAaoROL4o8jNFX6GVg1Eq/MSR3TApdZzeQic=','박찬의[대전_1반_B109]팀원','pon03113'),('tVNyFtRUWYXOv3xNRudPzEnbFcCj4pt6zue4xwp4hiY=','최윤수[서울_2반_A205]팀원','yyss241'),('twnGG/Nr5l27fK/HgOpgHoueMIgFLuzzhefnbbNjtj4=','서울_14반_이승수','ab72002338'),('Tx0tsOiGZ4UK+NeuLX8hADWCrldKVwF4N8epvAMxnpA=','서정욱[광주]실습코치','ssafy_coach_76'),('TXcOM1n5BiGGYvkk4newHDlvK0giNEqzUIkLyb7w08s=','김정윤[대전_2반_B201]팀원','kimjy199'),('tyCiseZgDdce2qRUueepT6C8TRly0s94CDSg3UhIbLo=','심아윤[서울_1반_A101]','shim521'),('tyryuk7myQxZdcY363p1l0WA/fQc/qFGy2YtdFSyGQQ=','인주비[서울_4반_A402]팀원','thetruthrunswild'),('TySeXeSuIqIktoLrq2DTO5Ic4YOcrvIXUlrzQB/R/v8=','이정언[광주_2반_C201]팀원','wjddjs0729'),('u+Z4SEmOnv9uBMnMBM1VXVaNeLw80G1xHtcDx3QIfDg=','고원영[대전_1반_B103]팀원','chunk94'),('U0ek9ybpJEsHu9JF1zGGFBVL8/79sznrs7XXQSmuH/o=','허은아[서울_1반_A104]팀원','sdi1358_'),('U1VVhm2eLNsk7R5cUull2SeHPq3n8MrpEuDbaW4I1KQ=','문슬기[부울경_1반_E104] 팀원','anstmfrl1004'),('u5nWiXB67/7JhRps6vlQhr8NCTl8CODkQNoARVXcB+w=','신석영[서울_1반]','whale9211'),('uB4VRyi3S+kDSb9i+t58wcDejDYXk5evsqOA4DZR8Tg=','김남욱[대전_1반_B103]팀장','skadnr0621'),('UbtjvWeqDLlPg+APtMveHkXfKpgkV96Supd0FvURQHc=','나소영(서울교육프로)','soyoung.na'),('ucI6VOaRJFRdQQ7cjOXroON6qBmqIQzGlqZFMZGkyGA=','김응철[대전_1반_B104]팀장','zbqlr456'),('ue+VV+wz9E0SKBlu0m1v6XECVutOizfOtNH8rXk0sqQ=','이정현[서울_7,8반]교육프로','jh125.lee'),('uGuPmMrzUtaKb8CfoQ2qBYwrg5ms8ZddBbGLKBgqhlE=','이성재[서울_4반_A407]팀원','xpsxm468'),('uh7mfRgaLYCNUFPnB5jvnHU75Aa5AYVEkwi+r60pgVI=','박예정[구미_1반_D105]팀원','imgoing222'),('uiofzFNbZ8t7ViMrKFx8kSRwtb5RqPZkhw7izAo6NTs=','김도훈[부울경_2반_E204] 팀원','tbvjdkrak2'),('UJJT75iXk5+WUUgY79IfeSfdbKp72NpP8k6WerpWvSY=','김준우[광주_2반_C205]팀원','k1mjunooo'),('UJsUhSZmVbOqkzTY+ct1FK82rgbsLTEEv7Ti6LcRju4=','정경훈[구미_2반_D205]팀원','jungkh94'),('uk52vNbVR4xCj16ivHV91F1m+0HCnLb0JbUHKKtm370=','서울_1반_서광채','kcseo25'),('UkbDHXPBqgf9PDGti7XZOGB9WffYIEhoLfnKLVwkbks=','장예찬[부울경_기업연계_S107] 팀원','redniche'),('uKzS6XgUZKu1QulUGJeh5S5kEE11AimIEnSzlHVVrgU=','박정환[서울_2반_A205]팀장','jeonghwan9405'),('uL24DIxiNafcfK6Vzg2FeuiT0mp3V+A693WmSwd0udY=','김경동[대전_오픈소스_S205]팀원','rlarudehd32'),('uNDgGvdl/1Pm7WnnHnhStW5GT3KjGu2dE+slUmLtgZQ=','김정빈[대전_2반_B202]팀원','xooxop'),('UOFfG8B1URii92W7vFmuq0W/nPNBdj7DGp4W+DtWdCs=','부울경_1반_신민지','shinminji'),('UpC/GHhKGkk9FiAQzOBAgdIABK8OClZB88E//rgH+A0=','김영진[서울_오픈소스_S201]팀원','kimyj1288'),('UpV8WYYjNJHRdDUJBtkGyzK3Kgt31Fc7BL3yClBWcTg=','박찬혁[서울_2반_A205]팀원','hello_chan'),('URMmA85wISIoYMC7eXU3MR1mjMNWlu8Ovt8EXKs9OK8=','강동옥[부울경_1반_E106] 팀원','kjch6411'),('urql8Oz0BQc2u1c3Ye6zkRlDyHUbmQEMOPMDVjNvnsc=','박성은[부울경_1반_E104] 팀원','qkrtjddms27'),('uRt99qwvE7WhqUSoWdwq2Ht5lkTDczuO2t2UkLjqs94=','광주_6반_조수민','soom9611'),('UTFeS0DKACI4fCFGjvGAAZXAcNEIca9xgqipIQJvnz0=','이지훈(PJT 연구팀)','lab2_ssafy'),('uUvJAOZnHJEDqrWrqnwxVjuYeQq/djqxwT9whfhL2Jw=','최윤석[광주_2반_C204]팀원','choiys1995'),('uvFmfKSJeirdIAh98796sQuGlbF5z9j4TEqWMD5lxDQ=','오서하[대전_반_B203]팀원','seoha8952'),('Uw/z1sBi6LgdAv26/LUmTMPvhe3mj53XldBK+AZbbzg=','대전_3반_김우림','woorim1022'),('UxjlQI9L8D6EDw4UWxH9vIBd3mXsaVCPt8s5F6lOnsM=','오세헌[부울경_기업연계_S107]팀원','tpgjs0527'),('uYDvFhyu9kJRm0Wz8jn8f5OAIVWlUVBQUfLOQkWCHVc=','백민아[대전_1반_B105]팀원','mina'),('UYWBEa4uU/Z1/rqw9SLh0pBOjvmlh8mBW1/xeRuLJ+A=','김태현[부울경_2반_E204] 팀원','nasa0939'),('UZDX+iLY58uPowRm5wH5rO48TQvCw1a2+lHfkhEC9gg=','전시영[광주]실습코치','ssafy_coach_86'),('v+s25rfhToC10NLA+6BplIImX2sc6j7xP8Yx/ye7JKI=','박상우[광주_1반_C105]팀장','sangwoo420'),('V0tXr8jeZ/vQD3iWKZ90n0iyXID8M1Of8+9XmIEUsGU=','이진희[서울_5반_A501]팀원','tjrgl'),('v1JZnN15eVeyNOmFUtn9ajDBgwnNZdWvJcWmrfI6vHQ=','부울경_B-3_손인준','injun1994'),('V1Y7EdqR9EjqxShjdk7esrOLhhJZQcuZlFm+q1sslE0=','박예진[광주_2반]','yejin_joa'),('v4/uOhGbydq0PAqbe1v+rdMaILPXZrAl3ZEeY+M2vh0=','임건호[서울_1반_A106]팀원','ghlim909'),('v9vCW9ya7BpeQXTGQ+73lAmqgDhuqExvV+ioqwJ00y4=','대전_3반_원유정','cours18'),('VA3msUL2M+JjgCgweBhPFiOwd0hV7py29ElxYAwORqI=','손형선[서울_1반_A104]팀원','gudtjs0428'),('VAJRQ4WIoY7WvrA6FkA5y9crnv1qUK/sjzQAcIrohiE=','이진곤[구미_1반_D101]팀원','qazqww'),('vAlpiaFwHpCG8gGhCelNFyA7bNuCvtaNOiFuIVP8JCk=','김혜지[서울_4반_A408]팀원','hengzizng'),('vatxgQUTNHPtjQD1YbVxFIKbQ4D2DATTNNm5+Rtblsg=','김윤하[서울_4반_A407]팀원','beupthere'),('Ve6y+jrLgarCJHjHM7+rG3xF5FtjTC7wHNG9gd50Z5Y=','양지훈[부울경_1반_E106] 팀원','kelvin9149'),('Vfi8jjllUNjm6XVBvgkFbGNEkXhGn+buZ17XpRF1bMU=','경규동[대전_1반_B106]팀원','kdkm2002'),('vFY2DNPjMH2eUg3QY4Qj1tdeVxjvdx+tXbCxKkoDahs=','강지혜','jihye33.kang'),('vjBVyO/c2zQpqhPjHK4ZQDEF8xZIg3wNLvcISZeg6TA=','정명수[대전_2반_B105]팀원','sdfg3034'),('VJKfSJinhNvimDnc1hZNMPkJYYDcm5kBaqNARIdzk9Q=','안상현[광주_기업연계_S104]팀원','s6082648'),('VkORM+o03jTMRBhx9D/DeIwWS5EXn9nG8xOt7z6LdRg=','이진행[서울_3반_A305]팀원','jinhg'),('VLMPIoJze5r7/aKvrIJPg9IsnbplSB+iHt+fv91qtlE=','김정연[서울_2반_A202]팀원','dkfkqldk97'),('vmnK/n1j/PZCjNGHRi7MZs7V913fC9Wkl3LCh8E2MKk=','장하석[부울경_1반_E104] 팀장','haseok1020'),('VoBsUoWhvJJ/Y2mF8TQbn4lEc631g1c8UJrG/CMdfcQ=','최현정[구미_1반_D106]팀원','owo339'),('Vonm5hoT2NUFrngHVtWjpIWimFZgECEJNsILNubgGdY=','박건우[서울_2반_A202]팀원','hggygw77'),('VRu28e4mXwQmHjTc+3OLHeZjFGcgYO0xa9C+JszxbGY=','이상훈[서울_4반_A404]팀원','sahn_rhee'),('VScGDjlQhlA43cKVn1t00aBnQmHbxhn+3STAdj3eHJo=','진은정[부울경_1반_E104] 팀원','1104_jin'),('vSFIn1wBMsu2Wskdj6T27Y5OWT7W4/DcNQRVPdJJqZs=','노유진[서울_2반]','rohujin98'),('VsnoeMIZ6bo0YW5Id7zJzwCEXy85Veh+ztPGRQTVQ+U=','김은선[서울_1반_A107]팀원','kus0412'),('vsueTGhlFgf/jKgXowxQGNF+JrpXV3RhbVhhZJtNSs0=','문예영[구미_1반_D106]팀원','moonyy7012'),('vViJ1sgSPs/hMu+iElPjBJLqTbFmkyN+/OQW9ywqDsU=','최상진[서울_3반_A306]팀원','toramx2'),('VVyPxRLGMYYDRi7GKvuBBDClmzi/+t1Il73bWJui6Tc=','안채현[서울_5반]','chaehyeon.an1022'),('vXvx7Q2CutC8pOf7mCeaVJRi3bDHqRkmFAb0EUzbLX4=','유채린[대전_2반_B207]팀원','chaerin.du.ub'),('VY9V7rkjKKug6WFUeTFzK/OaZmMRbg/VeQ9l3oqGfow=','박동준[부울경_2반_E201] 팀장','qkrehdwns96'),('vykQvDgkK05d/6Eol1LsVX0/N/VZcPuPzzZF4ul0te8=','서울_13반_빈정원','congcoding'),('W1kF63EZXetWANpqYcPT/cP8GDPnagfi5ECzh21ienc=','송예진[서울_3반_A301]팀장','yjsong12'),('W54wfEqQmbPxU282WQOAmrioD+Tkku3GnludWmxakV4=','최부성[서울_5반_A502]팀원','isakchoe'),('W7KSeTIbp85TDdfSAWC93bjr+6oocLDaXSvf+6rAzbM=','하현서[광주_1반_C104]팀장','gkgustj'),('WaQUlVLYCjLVECw9oMLBX/V3cqAiEs0tUcN4cVSm5ko=','한혜성[서울_2반_A201]팀원','hanhs4544'),('WcT3j77yqyiUho8suh1yP1QhxieXRcIfn2LEIe53ZVI=','박상현[서울_4반_A408]팀장','2dend0713'),('wDR86SmB7pF3iwC7rXP+mXVwX/ligqpEAqwmcrTZQ5I=','김현송[광주_2반_C202]팀원','ssong_14'),('Wgczot8g+X+9wV+yspebp875tufXKHFwF++nxNg98ME=','박영서(서울11,12,13)교육프로','ys1709.park'),('WhniDb9k6DZKI/6nlQJ4cAFFyraMZfj6uPN0p7Z4JjU=','이아영[서울_3반_A303]팀원','dgh03207'),('wHOHjVPH1NSLJ/gZIRn1YY+m5h7TyTbF5xoXvzfgHfE=','서울_15반_박건주','uio88890'),('WI2f4E9ChBhnvKfxcuJ4uOphjJUi+Rq9moy3Anzy9uQ=','윤영철[서울_6반]','z2015'),('Wilu48Grk4liOodUpt0Vu31TQDRyFCtRyw7hmkL04/U=','minoj','minoj'),('WK74jh2YXeeWC9U8JwCLjOisWFpjBFtPFRKXsRfkglE=','최영운[서울_1반_A102]팀원','youngun'),('Wkglzo7kkFr/tU4JfAX2CWly2uLBXNTJBjMcYY1Wuas=','성당현[광주_2반_C204]팀원','1003dang'),('WkntesRarhClXSA7xG3883JsPIWnekUJoinM/GV21yA=','박혜지(교육프로)','hj313.park'),('wkxWdQgGlz+IRdhKJES1XVwD+9/aces9tDN5ZCWvycE=','서울_6반_허은실','zindala'),('wlnbgJexrlvMuePg84jxR0ljOCpd8m4QpPBVP7dzYBA=','서형준[대전_오픈소스_S204]팀원','kenny397'),('WlZHR7t3CB77izSWHuN3SUFBxCr3afY7IjU9Y8aC3T4=','위연주[서울_1반_A105]팀원','thizzyzz'),('WmtdIgIgk46WEmExVjNuovFDfJAasi4hMERPMslMius=','대전_3반_이세진','ieesejin'),('WqlVByZLhLaE0Ck9dzmVvMyTUYvUu3Ad9lkZXoPLdG8=','최호근(담당교수)','jjtiger'),('WrVc4i2DoxPdR09F4lUeZi10pZDySb1FXm+twRC0g34=','박민주[대전_1반_B101]팀원','minj5541'),('WrWq1NmDlH8AHnwThWKv77txMZ1I1ZUhO9tKKF1J7n4=','이종현[구미_1반_D101]팀원','whdgus1029'),('WS4wuBlW0KBgLRXUtdMKLESr+t16o6FQerV7BlYWJnY=','유현수[대전_2반_B206]팀장','82surf'),('wTo8h5UtPeBrjybATEChFv0XzTPMy3xhYCAi7HDjOs4=','강민수[서울_2반_A207]팀원','alonemint'),('wtrdR6DX6WDkbQFT+XsX3Jfo6kiMJEEvTZPMUnYYtr4=','서울_14반_순우정','doucsin'),('wVA3rZtj3zx9woVE7YD1sfC1HVVLriXbu4RL2fE+37c=','이하림[구미_1반_D107]팀원','rimha93'),('WzNNZJJKVyXMcM1L0GhJJHVVNphY9FdbL6LEAlmFpDs=','김도연[서울_5반_A502]팀원','uoayop'),('x/bSz9lpIOywsxK5j+EXx5fj0WOEGETpNJHyEjCntmM=','이정훈(교육프로)','jh4206.lee'),('x0iudezKQ50RhU3QkVQvYfwoPO+bE5zfYhTfs8rDsAE=','이재희[구미_1반_D101]팀원','funny0728'),('X18QZ6qCkd7JAJudIKZaBuYTCqJZxcFik3lGKlcCIf0=','김하영[서울_3반_A305]팀원','hayou94'),('X1R62KGdICh3oJO9k+0c8twnSGhiKbBXOX0XwGVz9Hc=','김신아[광주_기업연계_S104]팀원','dodssockii'),('x5AFdy97eqN2COvAAkLT/4PpaTqYa1N9rkn2XgPY8dU=','이호열[대전_1반_B103]팀원','xsrsx2000'),('X5rpUYZ18ZQMFBH7X48KmY3JHGZBSMFeoL8mmZXEfDE=','김영훈[구미_2반_D206]팀장','rladudgns456'),('X6O7KQae3pU/kxu1KkZT/nY9UwfwqoGRJPHfgbg1sAw=','구미_2반_곽윤진','jaysstar0310'),('X9/Bzr/H9K2huoerS0Ofe15oxWo57m0mok26e0a2qXw=','김재욱[부울경_오픈소스_S207]팀원','postkim03'),('x9dWuB5O0+sWCNumqs1Rgp/FMw2q1KEAZpIHXU42YcM=','정윤정[부울경_1반_E103]팀원','yoonjung1205'),('XcKH5XqQITsrvqC8wjXv31ZkdDHZavqSNIFLhgJHYJU=','박종근[서울_13반]','hamburgermax5'),('Xe2RdYMv11DJT5rm4uI6vEVjXJGFN6S0gdJh8i9nFNo=','김민정(담당교수)','gsmj1712'),('Xeazip26UWaYbjFUZExaUP61IDtZgZbTMbRYiAOhIP4=','홍선주[서울_9,10반]교육프로','sunju.hong'),('xETmAThWvKhu0qGfKCOMCbWs4P12G551tdS5RWSK+9o=','정현정[서울_1반_A104]팀원','jung55120'),('XfksGImD07l38kltzM/g37KxwQk/wNHm9CLD+t3J1so=','이여진[서울_1반_A101]팀장','sugarfina637'),('XgTdpu7LF16m6FfPt3IB5FDNfJFccG01SQ1hQEciblU=','서울_6반_윤가영','yun_goiong'),('xho/3gArMM0d69V67F0tfq+lAD+ioHaQYF4Essjsm9M=','한윤희[광주_1반_C103]팀원','grayman1234'),('XI+SbGbfpavBpfy/c82eldQ31NVeEb6xnFtE+s/+zEg=','윤영선[광주_1반]','dbsdidtks0'),('Xigoo8Q9gXmFABxDT1zRu505qEY00U83Wk6mSBcaDcg=','이남수[광주_전자연계반_S003]팀원','lns960712'),('xius6Jijem7sJ/gLKYuFTX+UAyxGGYsqfb1ulpHPhnI=','김미영(교육프로)','miyeong.kim'),('XKEv6NS8UFjv9WtEq2Q/gOkF99vLFBMfgBcgLqii3ws=','우상준[구미_1반_D105]팀장','woosj7129'),('xkO1zs+4G+fzHPjmVWHqUcU/Sxvw4LO+9KzRC4YWyo4=','박성식 교육프로 [취업]','sungsick.park'),('xKXhdP2jmu5kNld+/eqj8tiswK9KI5AW4mnttE7+tXc=','임창현[부울경_2반_E205] 팀원','ckdgus777'),('xMBmIeP74UGIVxJdyBhYMD/eo7QT6Lqgaq48I6zriAg=','서울 13반 이재학','wogkr101'),('Xn4Bg+c+jSl2oBknjA8hQ0yOQ3pBpon1Mo+hYu1xn2c=','서울_15반_오유진','ohyujinny'),('XNIdvU2Xj7WbVu8HWL+Vut81xoW0vd4WVRefh90OQvs=','서울_6반_이현식','yoseb804'),('xnJtjVZL8IMFqyWBmII4p2eumaLMi/sl4U+NgnkF2A0=','형다은[서울_1반_A107]팀원','daeun84366'),('xnO3M5K6nL6JCYDWs38S0UKQFCQ2XC4wNGGnLgCSM90=','김나린[대전_1반_B103]팀원','knl_1219'),('xOEJtVmeBJrZ0BrDIrWceTn37KFfZEwC+L3OwQuzd98=','김중재[대전_1반_B106]팀원','rlawndwo1305'),('xOzAcuckbUwcAcDNBAEjQUL+1/pUUw6OKRnPzNb9cdk=','김동규[서울_4반_A402]팀원','aass0903'),('XR4vTN7XmpnP6QIMTs5k82nJa0RH2oYVPfNAu6oBSHw=','고주희[서울_3반_A307]팀장','budludl'),('XSWfwpJblwv+Fh77rENtkKjWHm5nkjw/yqq1HWqBHKg=','김민창[서울_4반_A401]팀장','cdpkct'),('xUNVq/pBxp99wbRrzZBC25rAC/d3cuB3vRymBvv5Ph0=','김다은[구미_2반_D206]팀원','ekdms42132'),('xvL4PHRnV47HzfM6e9ez34RX4ecuyDSQvliNhqNQDlE=','서울_13반_조동균','thinkp0907'),('XWeH37c/CsPkbNdvfAD+eNsO5ITcZGrLoyHMVZWHD24=','박재현[광주_2반_C209]팀원','jehyn923'),('xXANsp3qYN8CuD+zW6zZE8Na5WJOIh43r+tzfZeYXjk=','구미_5반_한건희','gksrjs2007'),('xyPRMTKV3hK4qS8ZeubzMyfl4RVvr1G0+qjC2TIKnSg=','정유환[서울_3반_A304]팀원','wind9481'),('XZEwiNxfoGirWt+qfRv07ArBiU76a6k2iEY8f0Dalyk=','이지윤[서울_1반_A107]팀장','wldbs1944'),('Y16BChVzPwhBMg8ltFVXlVgEsFpOtq5r8B50g5jnufo=','서울_15반_김형진','hyeongjin9131'),('Y2mEZaI9J0dWtO3ps/4oW0k+z98bW+z6Fh2bBIFFVXs=','상진수[광주_1반_C104]팀장','climbplant39'),('y3lS1En+EuQSDS1meyYDKEuQPwNIjvG/Ly+OGuCfdlE=','김도현[서울_4반_A407]팀원','kdh494849'),('y3UWMGKLted4ZI23yiGT/v2jKm8LKCJtYGl1WFpnSQQ=','박유정[구미_1반_D103]팀장','yjks0201'),('Y6thsCt3QQhC73LU2pa3tFzI6tEaf2Z3a/JPsFLaKko=','김문희[부울경_2반]실습코치','ssafy_coach_82'),('Y7sVK7UrCHVy2AGGEofdZ3PY252bu9xkK51BakJO2XA=','김종범[서울_기업연계_S102]팀원','rlawhd011'),('YAc92Y0fdlY+bGniNaAcxM/g88SnDFckvFw9Tz+mbYk=','김예진[구미_2반_D203]팀원','veiinoim'),('yafpS2fjNdi3vJVV5AC0AETJ3OyD1t7USlT7RJd1M9w=','김은준[구미_2반_D204]팀원','wnsdl2494'),('YBcj8pEeMuto1fbmoe9LWzFCdCQn0iwep/4X/AMXvfY=','허재석[서울_2반_A207]팀원','1gj2wo3tjr'),('Yc3lJ6s5/xQgKDyOQG+8ux/NQwc4vVz0trvtd+55T/k=','박세진[서울_1반_A103]팀원','parks1994'),('yCAb4uL9mk4HH8jKsWbaU/2u6/5WUCsG96Oe/DGx198=','배준영[서울]교육프로','joonyoung.bae'),('YDV7ICo7hoUMd8yz1s/DOMieh3v6mfz1+tWsdM76MPs=','홍종현[대전_오픈소스_S202]팀원','jonghyun_h'),('YEz23sR9pWsgSXUPU1druqoGc2UJoHJIQ5FPrQjGwFQ=','김혜란[서울_3반_A308]팀원','ss-android'),('YftwqiuBhCGEaG3hZbIBjHaMDWyyPM+2JaLvSPlg2nY=','김영준[대전_1반]','dudwns6503'),('yfxeJhlYy30SgB2ZHmRdH0f6qqd+ck28xWeZDDXVLTc=','이서영[서울_6반_A605]','lsyoung00'),('yguee7WCCcRDmKLaPzr3scHXeiBXmUIIoCGwGXMJD8o=','당현아[서울]실습코치','ssafy_coach_66'),('YhhcBjbS5EAls2Hy6Bj6pC0aiO/5gjwr9tihE/eJKlI=','황승연[대전_1반_B106]팀장','syghkd'),('YHn80V8JCGlyOWLSaQCVB1ZHwQUpxHDUVSyf3pomfd0=','박수아(교육프로)','sooah7.park'),('YhNFlG8nWrz+1lUzmxEhd8+rehs9ISRzdIvVkeOmuQI=','이승규[광주_1반_C105]팀원','seoungkyu'),('yHUEwX6o/jAPzK65Yp6Jenf2BXBYL2IbSmeqby9sd1g=','서울_10반_이성구','koo5855'),('YiQtDZmoPafZxN8Jfy2ISKSdWiEvpbQIZg/YhMEPqDA=','안효인 전임교수[서울_10반]','troment'),('yIXxBsQqB3NcYNW5BpQnUTWQsgesHF+rzLH2bFiOjoQ=','박용미(교육프로)','yongmi3.park'),('yJDK4Lwtn6x77oJVG8NEbaUit+j7TZIQXX7/YNGS8g0=','이상백[대전_오픈소스_S203]팀원','tlsqktem483'),('yjDMnOLbAJou5xZoQB7Id1F/JMCBRwJ+Wg1wmmnaPG0=','방호진[구미_1반_D101]팀원','8bs4321'),('yM9AUkmA2x2pR+hY+gqc/Mxc1yo0YwwH3t/jv+F58Qw=','하지애[광주_2반_C206]팀원','jiaiha'),('yN/g8Pnr+Pa5m/asYygM9P8kGHMgN2+g5aaNCTual0I=','공윤환[서울_3반_A306]팀원','gyh8781'),('YnAPbkUefdu5KtYbNlstLd6qtvswaaPFYZ+VJD6mEK0=','1-2. 강성욱','gsu2002'),('yNSLM0aCl/s/OlEfIAx6u4nYs5QqVMOAMKQFt1PG09w=','유한욱[광주_1반_C107]팀원','gi7182'),('yo+eFC5L8R0pi6On8pkTdLR4RjWgZE/vVVEkQQtk3Kw=','장준범[서울_4반_A408]팀원','csi9509'),('YPHpma448na2/IFl+qxKpmQHNaclWjPixHYWXlzyWx4=','김민정[구미_2반_D202]팀장','rabbit1273'),('YPKbwNHnfIJMhZNxu01xWMZmCEkm3fOUDtLFIRe4sug=','장성우[서울_1반_A106]팀장','jjangsw004'),('ypq+kgN6wBVZLQ9ddtzrcQPSpVJGClo/W00tt0ZwIOI=','송진섭[대전_2반_B205]팀장','sjs9238'),('yrCCIeWjubQz8ENYhxoZil0BEaSVklWV8mKoEwdoC0Q=','이윤영[광주_2반_C201]팀원','yyyyy01179'),('yt68Da7Orb/U3xFkPnmtEed+SiwqFXf6jCiuk/Agdn0=','유우식[대전_1반_B104]팀원','ufoyws'),('YuDOP0em/i0pWi6b+c/JVxmJBNs2t9lule7V25ymr0Q=','김수민_2반_광주','soomin30328'),('yufkcpM2eRSRaciK97VkO1ADLGAHzBBlIM0IUnhZ+yY=','김근영(교육프로)','gy0131.kim'),('yUjlneiG5WsLtno5K6TFMcl1nkSuLuHEQfQDMkwcWFo=','서울_15반_권희원','reafing'),('YxCi1nFK3tAaySKiFv+MVv6u6wJ9XrBLgk3MPOEGqMQ=','구미_5반_김지수','wltn4511'),('yxiwTS2WXa/aVYcfWLJAZBYHapWukKroNDY2U8Y3w24=','이명원[광주_1반_C106]팀원','lamyunlee'),('YZHskkd6c7blqy6UG0c1uVherit5Hct9pgcy9+T85iY=','조성한[서울_5반_A503]팀원','toor21'),('YzQWC8STEnFE5e/+2MQbnXLowyuhibMRDzZGLBOsVwk=','박현진[구미_1반_D103]팀원','jinnydiary'),('z/GWCfyPdV4jAbbxDiTOpQ/WToaz76cvbRsnsmQGik0=','이보미[서울_6반]','lala8261'),('z/vxPtPWSwxEw9v0DlBdC4c3JQOxKqMjq7sefW/5Ryw=','이정음[서울_4반_A405]팀원','aldlswjddma'),('Z1K2Jb5ydEDEH8PtT0oqMrE0Got84lU7jroHCO7/uNY=','대전_B-3_정승혜','seung2586'),('Z3cwXhJu7Fnx//pewSVHwd9041eCNtKFHbA1uqglCPg=','김한주[서울_4반_A402]팀장','schw240'),('z9GcFrlzd+dyl8I50rJgbwLupjmqkW/MN0cCHTk+OQQ=','임현홍[부울경_1반_E104] 팀원','hi_hyunhong'),('z9WqLPnNy3cB3CSSSg4guy8EdDrhJf71jzpkFhZNr9A=','나요셉[구미_1반_D106]팀원','js.pekah'),('zA9Uh1wR1ccvONJJPwMUn2CnwrzOnLQu0+2O9gMZmMc=','엄희성[서울_4반_A406]팀원','ehs0525'),('zAWFovEjVckQkVVvRHw4xsd10dRc3LK5xiBZ7IZQ9X8=','김소은[광주_1반_C102]팀원','kimstacy'),('ZEY4rH8frnYtNVNxUsX2dsYOUwsk9CUG1ebJkHLz52U=','허우림 교육프로[취업]','woorim.heo'),('ziAReCFvcraxFv36Mg7JIs+FNBBtSl3KCvdjxkr6H8o=','이동현[광주_오픈소스_S206]팀원','tjrrbcl'),('ZJLcErB92106S9NVX7+jDEImzk748TqMVpkhgyjz7qY=','이윤식[광주_오픈소스_S206]팀원','lys3d'),('Zl0Blw5LQspgctqC6QQ3GlTHln/QsCIZv6m8o/17LXg=','김지은','wldmsdl0112'),('ZMvsXiadH1eN1pY7Syyd/0nZ4to4rNdWHwTZT1ieGak=','최지우[구미_2반_D201]팀원','ji_woo__'),('zNdvBwAYRDuaRE2ncUXf5NgnJ1GAMHbaWvff9xSocYQ=','채예은[서울_1반_A101]팀원','codpdms'),('ZpAv5bIuezouJQtnCnoUW38f78iowN6JaRbsoeBDFuw=','구미_5반_이원진','wonjin0965'),('zQ/lbcscLIK9a9gM2/edpcSUBM1ICqdHR1AJ6y7dX4Y=','이은영[서울_ 3반_ A303]팀원','eylee1113'),('ZqWoVyU84xyaYb4B/Uez1zY5QHTnkBTl5KBohhATyrI=','박지수[광주_1반]실습코치','ssafy_coach_75'),('ZRWVIbLgEtwF1tqzn5tnoz7VJdHK9uOwrnB6vO4gsuk=','변희성[광주_1반_C101]팀원','77eric'),('ZSFiBCHJ2JR14+tjQfR87aXOor3hVYf/jP2Ppjlsbas=','최혜린[서울_3반_A307]팀원','lyyyn'),('Zst2U+9vcY/or30emwW8VX0JL0P/Ff5X12O7e8DjhbE=','한우리[대전_1반_B105]팀원','wrh95222'),('zuoBkg74TCj4ECZmQupxNDjH6cU3CxZbCqmhmMex+ak=','김어진[대전_1반_B103]팀원','linexy'),('ZvFC7FKZz6qeaDW+4qpbodP+DEvKkePAE6+3l8/YRhA=','최이삭[부울경_1반_E101] 팀원','isaac950619'),('zVXu/iVF77Jzdq+qxrMDf4Tj0IfTsnEVjVZsBeMqHX4=','박주한[광주_1반_C107]팀원','alex0317'),('zWnYzBSrZAiFVV9of2ivzDTD5GJIIHkDOgX6EVqpuFc=','서은민[광주_1반_C107]팀원','sem6169'),('Zwr63F8M8SOPrwvQ+Lhhsxc/QrCUaKtv5o9lU6SKfUI=','서울_5반_강선주','dkfl8685'),('zXgfnbmHbafGWWeYohCKQlq0tOiRM2zV6p11zvfO5fo=','유소연[서울_5반_A505]팀원','dtd1170'),('ZXRxU+NyAHq8ZSMtop8qBEaq6bUqWE0hLI7VdyK9UyI=','김범주[부울경_2반_E203]팀원','kbjid17'),('zYfjsopUlPoR935DYwC44BY/MNqbbkHJUwSE+lFJRzs=','김서영[부울경_1반]','lemongrabmayo');
/*!40000 ALTER TABLE `user_info` ENABLE KEYS */;
UNLOCK TABLES;

--
-- Table structure for table `user_info_split`
--

DROP TABLE IF EXISTS `user_info_split`;
/*!40101 SET @saved_cs_client     = @@character_set_client */;
/*!50503 SET character_set_client = utf8mb4 */;
CREATE TABLE `user_info_split` (
  `split_id` bigint NOT NULL AUTO_INCREMENT,
  `split_nickname` varchar(255) COLLATE utf8mb4_general_ci DEFAULT NULL,
  `user_id` varchar(255) COLLATE utf8mb4_general_ci DEFAULT NULL,
  PRIMARY KEY (`split_id`),
  KEY `FKkq5n4lkuh2o0nj1oreo6uaw4m` (`user_id`),
  CONSTRAINT `FKkq5n4lkuh2o0nj1oreo6uaw4m` FOREIGN KEY (`user_id`) REFERENCES `user_info` (`user_id`)
) ENGINE=InnoDB AUTO_INCREMENT=973 DEFAULT CHARSET=utf8mb4 COLLATE=utf8mb4_general_ci;
/*!40101 SET character_set_client = @saved_cs_client */;

--
-- Dumping data for table `user_info_split`
--

LOCK TABLES `user_info_split` WRITE;
/*!40000 ALTER TABLE `user_info_split` DISABLE KEYS */;
INSERT INTO `user_info_split` VALUES (1,'ㄱㅏㅇㄱㅘㅇㅇㅡㄴ[ㅂㅜㅇㅜㄹㄱㅕㅇ_2ㅂㅏㄴ_E203] ㅌㅣㅁㅈㅏㅇ','+6Jnhzk/A1LBOaZNPjE0SMZMqD0uKhqolEekyXI19N0='),(2,'ㅅㅓㅅㅓㅇㅅㅜ(Consultunt)','+cOMOAv8Cerq8X1zpc1c3V9LdWjr1iJOt1JgM3/91Dk='),(3,'ㄱㅣㅁㄷㅓㄱㄱㅠ[ㄱㅜㅁㅣ_S1ㅂㅏㄴ_S105]ㅌㅣㅁㅇㅝㄴ','+cOQKN3zuscz/vSvyCSfxacuoGZshg853Cbp9noSisY='),(4,'ㅇㅣㅎㅗㅈㅣㄴ[ㅅㅓㅇㅜㄹ_2ㅂㅏㄴ_A201]ㅌㅣㅁㅇㅝㄴ','+D2P9+GwrajUhxUcPuhJMsP4wnOIROLjeTVYS43MyN4='),(5,'ㅇㅣㅎㅗㅅㅓㅇ[ㅅㅓㅇㅜㄹ_2ㅂㅏㄴ_A206]ㅌㅣㅁㅇㅝㄴ','+JEzDiisOTCUC9SN7yvvlLCZ66whtfDePm6KajktL7c='),(6,'ㅇㅏㄴㅎㅢㄱㅕㅇ(ㄱㅛㅇㅠㄱㅍㅡㄹㅗ)','+Jq9ca318f7U4Rpk9t/95AUGsCiuEGiG2yOaao5GuFo='),(7,'ㄱㅘㅇㅈㅜ_5ㅂㅏㄴ_ㅅㅣㅁㄱㅠㅇㅕㄴ','+MD+gGB+it+OIsSR8jwduclu8P//qaoSswMOUwQ0nbo='),(8,'ㅇㅠㄴㅅㅜㅎㅕㄴ[ㄱㅜㅁㅣ_2ㅂㅏㄴ_D206]ㅌㅣㅁㅇㅝㄴ','+Nrn7OXPdmX3mT7dDoLUeSlv7h1/ZXfI6hgudFTFNjc='),(9,'ㅈㅏㅇㅅㅔㅇㅕㅇ[ㄱㅜㅁㅣ_1ㅂㅏㄴ_D107]ㅌㅣㅁㅇㅝㄴ','+nwNbf5La9WdBl+5VKV/IbjG1Iom5zy/6cNQRI+oN9k='),(10,'ㅇㅣㅅㅡㅇㅇㅠㄴ(ㅋㅓㄴㅅㅓㄹㅌㅓㄴㅌㅡ)','+T/gF0FIwVZNt2abHAbB43yUnO3xXDKDAq6rYGAJnuk='),(11,'ㅂㅐㄱㅊㅓㄹㅇㅕㄴ[ㄷㅐㅈㅓㄴ_ㅇㅗㅍㅡㄴㅅㅗㅅㅡ_S205]ㅌㅣㅁㅇㅝㄴ','+TQW8LDOXbgBWUKFHY5nouIOkve8/jSby9gbPjn7FnI='),(12,'ㅎㅗㅇㅅㅓㄱㅈㅜㄴ[ㄷㅐㅈㅓㄴ_ㅇㅗㅍㅡㄴㅅㅗㅅㅡ_S203]ㅌㅣㅁㅇㅝㄴ','+vCVG73dHA8sU9A7MlHh0uIW6SyS5E+Mubj6VuyHGvk='),(13,'ㅈㅓㅇㅎㅗㅇㅈㅣㄴ[ㅅㅓㅇㅜㄹ_4ㅂㅏㄴ_A402]ㅌㅣㅁㅇㅝㄴ','+wkj8RUfMOY7c9iaDCH0YB8KsV4CLe0Vjr89ji3S/4c='),(14,'ㅇㅜㄷㅗㅇㅈㅣㄴ[ㄱㅜㅁㅣ_1ㅂㅏㄴ_D105]ㅌㅣㅁㅇㅝㄴ','+WvPVSW8oVBTwK175wUx3oudzHDphuELsWxKuBRfl/g='),(15,'ㅇㅣㅁㄱㅕㅇㅎㅜㄴ[ㅂㅜㅇㅜㄹㄱㅕㅇ_1ㅂㅏㄴ_E105]ㅌㅣㅁㅇㅝㄴ','/bVlY9370AnHzX+u4dBZyUO17D4PDsgP/+0R7RsOelA='),(16,'ㄱㅘㄱㄷㅗㅇㅎㅕㄴ[ㅂㅜㅇㅜㄹㄱㅕㅇ_1ㅂㅏㄴ_E101] ㅌㅣㅁㅇㅝㄴ','/Cdl+6a9yPyrp1OQ3qJxj1f29/9YgVLP/r2MQy3tIyY='),(17,'ㅇㅣㅁㅈㅐㅎㅕㄴ[ㅅㅓㅇㅜㄹ_4ㅂㅏㄴ_A406]ㅌㅣㅁㅇㅝㄴ','/dvbEuiIwoU7Q053GXovFBxdcQFN3qKXVV6kRvb2xNI='),(18,'ㅇㅏㄴㅅㅔㅇㅕㄴ[ㄷㅐㅈㅓㄴ_2ㅂㅏㄴ_B201]ㅌㅣㅁㅇㅝㄴ','/eGBu6j03ECG/QeFanTXpa8SAiguP8F0K7MftPCY7x0='),(19,'ㅊㅚㅎㅗㅈㅜㄴ[ㅂㅜㅇㅜㄹㄱㅕㅇ_1ㅂㅏㄴ_E101] ㅌㅣㅁㅇㅝㄴ','/iDQjWqJPUcpOfInn12HsYKgWbWKVp9TxWwAfTb2psg='),(20,'ㄱㅣㅁㅈㅓㅇㅎㅕㄱ[ㅅㅓㅇㅜㄹ_2ㅂㅏㄴ_A202]ㅌㅣㅁㅈㅏㅇ','/iHwJvghFPXIvNKRYjXVTKgeWf9HjCj4/ez/1z0yCik='),(21,'ㅂㅏㄱㄷㅗㅇㅈㅣㄴ[ㄱㅜㅁㅣ_2ㅂㅏㄴ_D201]ㅌㅣㅁㅇㅝㄴ','/NFznU83dLglqostkxbyZw8dvGcJb8uB9heBN+HpEAY='),(22,'ㄱㅣㅁㅅㅡㅇㅎㅘㄴ[ㄱㅘㅇㅈㅜ_2ㅂㅏㄴ_C203]ㅌㅣㅁㅈㅏㅇ','/s7Z3bzMJct9yw+MBoHbDMhosLC0IhcZE4+QtsvbJy0='),(23,'ㅎㅘㅇㅇㅕㄴㅈㅜ','/TCKtU3LaYls7Tb2T/lDbgOL3C33oOMqW7R4l8CwvYU='),(24,'ㅊㅚㄱㅘㅇㅎㅗ[ㅅㅓㅇㅜㄹ_3ㅂㅏㄴ_A301]ㅌㅣㅁㅇㅝㄴ','/Z7hFE3fKFNot2LKC4rhJS0HEZuQkX13xCKvQto0c1w='),(25,'ㅂㅏㄱㅇㅕㅇㅊㅏㄴ[ㅂㅜㅇㅜㄹㄱㅕㅇ_1ㅂㅏㄴ_E102] ㅌㅣㅁㅇㅝㄴ','009UgC4foSSmg+I6A/kOBftCZk28yhg2FNjY12tytcs='),(26,'ㅇㅣㅅㅡㅇㅎㅕㄴ[ㄱㅘㅇㅈㅜ_1ㅂㅏㄴ_C104]ㅌㅣㅁㅇㅝㄴ','01yEaEAC6zCmmOcnjlEm7WuSzR/ez3ruG1zlM+95Wlc='),(27,'ㄱㅗㅇㅇㅕㅇㅎㅘ(ㄱㅛㅇㅠㄱㅍㅡㄹㅗ)','04WNawSzBjXcU6uRiGxgV7mdpnxNDtAdjRO3rBvgD+k='),(28,'ㅈㅗㅇㅕㅇㅎㅕㄴ[ㅂㅜㅇㅜㄹㄱㅕㅇ_2ㅂㅏㄴ_E205] ㅌㅣㅁㅈㅏㅇ','07p6/J1ULK0rKvqj8GhTYtJesU42ZCQYYWFu+VxMI34='),(29,'ㅇㅜㅈㅓㅇㅇㅕㄴ[ㄷㅐㅈㅓㄴ_2ㅂㅏㄴ_B203]ㅌㅣㅁㅇㅝㄴ','0DkpNdvYqb0R/tdvZSJ8l4oObBNAAO/hEPsXrurk/vw='),(30,'ㅂㅏㄱㅊㅏㄴㄱㅜㄱ(ㄷㅏㅁㄷㅏㅇㄱㅛㅅㅜ)','0DoEctkgWiUnVFmrEwYt5ihJTqeCTpV2JhPqN80eUAk='),(31,'ㄱㅜㅁㅣ_5ㅂㅏㄴ_ㅎㅏㄴㅈㅗㅇㅎㅓㄴ','0FsXCNgMIYh8VYwuCCM3hEUb5B893EP7xoO0QHXTtCw='),(32,'ㅅㅗㄴㅎㅏㄴㄱㅣ[ㅂㅜㅇㅜㄹㄱㅕㅇ_2ㅂㅏㄴ_E202]ㅌㅣㅁㅇㅝㄴ','0gdTuyvi9508bSM7fPWKLaIdVegEjwj7RfSTQf/YxM8='),(33,'ㅈㅓㅇㅈㅐㅇㅠㄴ(ㄱㅛㅇㅠㄱㅍㅡㄹㅗ)','0GK3C6BXS1ZqiPU0Gyl3ChgZw/qH/YfYKApYEEwb2Q4='),(34,'ㅇㅣㅇㅠㄴㅈㅜㄴ[ㄱㅘㅇㅈㅜ_2ㅂㅏㄴ_c203]ㅌㅣㅁㅇㅝㄴ','0ITZH2pK6k9zUDDQKZDBQuYF2J5kGqbHyTjX0H9h8xM='),(35,'ㄷㅐㅈㅓㄴ_3ㅂㅏㄴ_ㄱㅣㅁㄷㅐㅎㅗ','0jNPvocqtbehvRkKLL98cQyAEu8RwuXUhaoDh8uT1x8='),(36,'ㅇㅠㄴㅈㅣㅇㅕㅇ[ㄷㅐㅈㅓㄴ_2ㅂㅏㄴ_B203]ㅌㅣㅁㅇㅝㄴ','0phSW/G+VzhYLeSCO9DSHEHJ7jrKhdlMGn0ejezq5OY='),(37,'ㅅㅓㅇㅜㄹ_11ㅂㅏㄴ_ㅇㅣㄷㅗㅇㄱㅗㄴ','0SsDwTN1azI7FFWPlSK9dSm7SsQHOq0VtY8X/fqCBOs='),(38,'ㅎㅓㅂㅓㅁ[ㄷㅐㅈㅓㄴ_1ㅂㅏㄴ_B104]ㅌㅣㅁㅇㅝㄴ','0tpqJhjfdX7NVjEG3ee7K57BSCsKZjpMfxj44ebo/JY='),(39,'ㅎㅓㅇㅠㅈㅣㄴ[ㄱㅜㅁㅣ_2ㅂㅏㄴ_D205]ㅌㅣㅁㅈㅏㅇ','0vbNPG9HsyFHWkXczfRWj5YyhVGfDdS1/UpQm3eciYI='),(40,'ㅎㅘㅇㅇㅣㄹㅔ[ㄱㅘㅇㅈㅜ_2ㅂㅏㄴ_C201]ㅌㅣㅁㅇㅝㄴ','0YdMurMQ9NsD8p0bXDHcR0/REplkIFgLloBSYtJJCjE='),(41,'ㅈㅗㅇㅕㅇㅇㅜㄴ[ㅅㅓㅇㅜㄹ_3ㅂㅏㄴ_A304]ㅌㅣㅁㅇㅝㄴ','12fjWcUIkWCXGTqueD0FAG17RoaJb/uTDLFUpyU0yBo='),(42,'ㅇㅗㅎㅢㅈㅓㅇ ㄱㅛㅇㅠㄱㅍㅡㄹㅗ[ㅊㅟㅇㅓㅂ]','15RHr6ln9ghj4JDBVZ8ujWsSeEuW/CbfPcWNHrJ4Fko='),(43,'ㅂㅏㄱㅈㅜㅇㅠㄴ[ㄱㅘㅇㅈㅜ_2ㅂㅏㄴ_C202]ㅌㅣㅁㅇㅝㄴ','1aWoCTKllAG9wMMiy+B0ruYAe0R69tfow67VwPYjH1c='),(44,'ㅎㅗㅇㅈㅣㅇㅝㄴ[ㄱㅜㅁㅣ_2ㅂㅏㄴ_D207]ㅌㅣㅁㅇㅝㄴ','1dBoRfquSjXxYC/4RLT5BmAtvMoUfLBbFZ+TmuVWNfQ='),(45,'ㅈㅓㄴㅅㅡㄹㅁㅣㄴ[ㅅㅓㅇㅜㄹ_3ㅂㅏㄴ_A304]ㅌㅣㅁㅇㅝㄴ','1kJOCAUj/CDUGh+V1ruodbC9zjhS3hgsYa/Tv19sUmw='),(46,'ㅇㅣㅈㅣㅇㅕㄴ[ㄱㅜㅁㅣ_2ㅂㅏㄴ_D204]ㅌㅣㅁㅇㅝㄴ','1MzWt9F18jD7Ie8PvTccJTd0n7oGHyJB07p+2e69a18='),(47,'ㅈㅓㅇㅈㅣㅁㅣㄴ[ㅅㅓㅇㅜㄹ_2ㅂㅏㄴ_A205]ㅌㅣㅁㅇㅝㄴ','1n5VNSq5KKDLXENwril4G2nd9RHIbJobO6Cpzp4mv4g='),(48,'ㄱㅣㅁㅎㅏㄴㄴㅏ[ㅅㅓㅇㅜㄹ_2ㅂㅏㄴ_A204]ㅌㅣㅁㅈㅏㅇ','1oHsNLDSVOqAhVsQTYH0xpftIePDUHFRbeU8D+5fPDU='),(49,'ㅂㅏㄱㅈㅣㅅㅜ[ㄷㅐㅈㅓㄴ]ㅅㅣㄹㅅㅡㅂㅋㅗㅊㅣ','1oLr5eFH4LQIBoTu40c/ZztwcebGYAyynOpmXuZKiQQ='),(50,'ㅇㅣㄷㅗㅇㅎㅗ[ㄷㅐㅈㅓㄴ_ㅇㅗㅍㅡㄴㅅㅗㅅㅡ_S205]ㅌㅣㅁㅈㅏㅇ','1vlfmbAWHAKQlumNcWAdrLHVrcWCNf71UkW4NfK85DE='),(51,'ㅅㅗㅇㅁㅣㄴㅅㅜ[ㅅㅓㅇㅜㄹ_4ㅂㅏㄴ_A402]ㅌㅣㅁㅇㅝㄴ','1z8egWHW1IgOjo26m41zN0gNgYy5T1P9CD0BpzWNmvw='),(52,'ㅇㅣㅅㅏㅇㅎㅕㄴ[ㄱㅜㅁㅣ_1ㅂㅏㄴ_D102]ㅌㅣㅁㅇㅝㄴ','2/cXMClYTy8NO03WHtspLEp1HJeDjpBKnt/1qulDwQ0='),(53,'ㅂㅏㅇㅅㅜㅇㅕㅇ[ㄱㅜㅁㅣ_2ㅂㅏㄴ_D207]ㅌㅣㅁㅇㅝㄴ','20YRGqRKe22+JFlQp3AdlUlk6vt7iQWCcWpXjRpPHY0='),(54,'ㅇㅣㅅㅏㅇㅇㅝㄴ[ㅅㅓㅇㅜㄹ_2ㅂㅏㄴ_A202]ㅌㅣㅁㅇㅝㄴ','21NR8A252fC0B8Ns98xylsSbdLXnc6FZBdjaNXPiAj8='),(55,'ㄱㅣㅁㄷㅗㅇㅈㅜ[ㅂㅜㅇㅜㄹㄱㅕㅇ_1ㅂㅏㄴ_E103] ㅌㅣㅁㅈㅏㅇ','23MJBV9wO0lRlrXq8OP6I2IcvWX5yw45w8nGGHEz3+s='),(56,'ㅅㅣㅁㅇㅡㄴㅈㅗ[ㄱㅘㅇㅈㅜ_2ㅂㅏㄴ_C201]ㅌㅣㅁㅇㅝㄴ','24JvBO34otkBMVghYlCznq1/+6OA5vkfyc7zuHnuqa8='),(57,'ㅇㅣㅇㅜㅊㅓㄹ[ㅂㅜㅇㅜㄹㄱㅕㅇ_2ㅂㅏㄴ_E202] ㅌㅣㅁㅇㅝㄴ','28CiOfwuGq1Gpi3oC4o2n6TFNojc7AxLjQf8MnM6pto='),(58,'ㅅㅓㅇㅜㄹ_13ㅂㅏㄴ_ㅈㅏㅇㅇㅝㄴㄱㅕㅇ','2FTizEow97ZMg1KVAwuHwSe4MquhaASYKDaHrvak9kw='),(59,'ㅂㅜㅇㅜㄹㄱㅕㅇ_2ㅂㅏㄴ_ㅎㅘㅇㅂㅗㅊㅏㅇ','2FXxFARjDGQ+RfvJCjwI9VSKFgSYy1VQPR9rz03qETY='),(60,'ㅇㅣㅈㅜㅎㅕㅇ[ㄷㅐㅈㅓㄴ_2ㅂㅏㄴ_B204]ㅌㅣㅁㅇㅝㄴ','2h0mSIsgFtoq9Y7kZ6lexmUJN5ljaUymu6KZ1plGzgc='),(61,'ㅈㅓㅇㅈㅓㅇㅊㅐ[ㄱㅘㅇㅈㅜ_ㅇㅗㅍㅡㄴㅅㅗㅅㅡㅂㅏㄴ_S206]ㅌㅣㅁㅇㅝㄴ','2hhPf5AYBfCVlEJalbmsJEOpzyFvxltY/fGjBbn4pw8='),(62,'ㅊㅚㅅㅗㅎㅢ[ㅂㅜㅇㅜㄹㄱㅕㅇ_ㄱㅣㅇㅓㅂㅇㅕㄴㄱㅖ_S107] ㅌㅣㅁㅇㅝㄴ','2hSB2lbfI0Rmcm+3mTvHl+Q8oADRpyRy/ElVY0YgDos='),(63,'ㄱㅜㅁㅣ_4ㅂㅏㄴ_ㄱㅝㄴㄷㅗㅇㅕㄴ','2oAx/vwamCRZ65B5B21CFTmr3lSU3d324nsZlETfdZ4='),(64,'ㅈㅣㅅㅜㅇㅕㄴ[ㄱㅜㅁㅣ_1ㅂㅏㄴ_D101]ㅌㅣㅁㅇㅝㄴ','2TR4VneMxfYJOyOHdMe3xHcXtb6hmFCHB9NhcgS25iM='),(65,'ㄴㅏㅁㄱㅡㄴㅎㅗ[ㄱㅜㅁㅣ_1ㅂㅏㄴ_D108]ㅌㅣㅁㅇㅝㄴ','2WM+YIjz8E6Vq6wjOszuna4lv78F7PJqkN+R8f8ZmrA='),(66,'ㄱㅘㄱㅇㅡㄴㄱㅕㅇ(ㄱㅛㅇㅠㄱㅍㅡㄹㅗ)','32bKFhAGp9nsdn/5/aMuLIb2sa6NkrGtuLgjiLEJQuk='),(67,'ㄱㅘㅇㅈㅜ_5ㅂㅏㄴ_ㄱㅣㅁㅎㅕㅇㄱㅠ','35gOrq5eIs5h2QX6IcZjsq/S6yzGVOVtatwRFEawBY8='),(68,'ㄱㅜㄹㅕㄴㅇㅏ[ㅅㅓㅇㅜㄹ_3ㅂㅏㄴ_A303]ㅌㅣㅁㅈㅏㅇ','37zLrdh4ghfgea10072QLOf2iEUnpbpVRoXchMpiN+k='),(69,'ㅅㅓㅇㅜㄹㅣㅁ[ㅅㅓㅇㅜㄹ_2ㅂㅏㄴ_A207]ㅌㅣㅁㅇㅝㄴ','3dF5yvEoEqCqvVda6OQdkG9mhBxNwcgyz9i6oQuBEsc='),(70,'ㅇㅠㄴㅈㅣㅇㅕㅇ[ㄱㅘㅇㅈㅜ_1ㅂㅏㄴ_C105]ㅌㅣㅁㅇㅝㄴ','3esXQbRy2FXNK0SEHOzd0KLJ7LofY4JwISU1YH3ii4c='),(71,'ㄱㅝㄴㅇㅗㅇㅜ[ㅅㅓㅇㅜㄹ_2ㅂㅏㄴ]ㅅㅣㄹㅅㅡㅂㅋㅗㅊㅣ','3gYs1sUGOObuHdptniBA47XQij8cSGDPzpEcOtubDMk='),(72,'ㅅㅓㄴㅁㅣㄴㄱㅣ[ㅅㅓㅇㅜㄹ_ㄱㅣㅇㅓㅂㅇㅕㄴㄱㅖ_S101]ㅌㅣㅁㅇㅝㄴ','3Hjt5vD+7Z04Nyppnk8uLouVUhfA/5PedJByGIsRUPU='),(73,'ㄱㅘㅇㅈㅜ_3ㅂㅏㄴ_ㄱㅏㅇㅇㅣㄴㅅㅓㄴ','3IzpvBND1hCfPe1XDHCJFV1/kMjQKxCPdE06xqSwlT8='),(74,'ㄷㅐㅈㅓㄴ_3ㅂㅏㄴ_ㅂㅏㄱㅈㅗㅇㄷㅐ','3jAxqVGgprrSidzNDb20GDMJbOSiiK8TViK2a5DDcMM='),(75,'ㅎㅏㄴㅅㅡㅇㅎㅜㄴ[ㄷㅐㅈㅓㄴ_2ㅂㅏㄴ_B206]ㅌㅣㅁㅇㅝㄴ','3JBHj/b391A4xA9ElUPsTMNye/lPGh2PybekSoD/5jQ='),(76,'ㄴㅏㅁㅈㅓㅇㅎㅕㄴ[ㅅㅓㅇㅜㄹ_1ㅂㅏㄴ_A104]ㅌㅣㅁㅈㅏㅇ','3KcsnBsNJrM7Rg9AITko8RgUW70Uz+pP5uExzSMFEYc='),(77,'ㅇㅣㅅㅗㄹㅏ[ㄷㅐㅈㅓㄴ_ㅇㅗㅍㅡㄴㅅㅗㅅㅡ_S205]ㅌㅣㅁㅇㅝㄴ','3kJ31bYiSIznJyXlyuApYW2ZSzK+X3tIgebCOKyvh98='),(78,'ㅈㅏㅇㅅㅓㅇㅌㅐ[ㄷㅐㅈㅓㄴ_2ㅂㅏㄴ_B204]ㅌㅣㅁㅈㅏㅇ','3M0ahu8hFqslQ5AyBcfohTEQYAxMPt2cEsRonKZcvdM='),(79,'ㄱㅣㅁㄷㅗㅇㅕㄴ[ㄱㅘㅇㅈㅜ_ㄱㅣㅇㅓㅂㅇㅕㄴㄱㅖ_S104]ㅌㅣㅁㅇㅝㄴ','3mJbhyCFQ+VqHlhq9qs42SRx651Pdvs9GbTRU+NfJAw='),(80,'ㅇㅣㅅㅏㅇㅇㅜ[ㅅㅓㅇㅜㄹ_2ㅂㅏㄴ_A203]ㅌㅣㅁㅇㅝㄴ?','3Nf/UuErbIS7J7wXBQZkChtHCtbtM5Y97Eve4SklEv0='),(81,'ㅇㅗㅎㅕㄴㅈㅣ[ㄱㅘㅇㅈㅜ_2ㅂㅏㄴ_C209]ㅌㅣㅁㅇㅝㄴ','3qx9VI4gb+qJj+I0WqvTDPI+VQHGsJJSw44+F/oDMBw='),(82,'ㅇㅣㅅㅜㅈㅣㄴ[ㄱㅜㅁㅣ_1ㅂㅏㄴ_D110]ㅌㅣㅁㅇㅝㄴ','3r/iDVoQaw/dvr0r0XhlhSDEAuI6CqV6WI8AGxMBQtA='),(83,'ㄷㅐㅈㅓㄴ_1ㅂㅏㄴ_ㄱㅝㄴㅅㅜㄴㅊㅏㅇ','3RFRoqvhCkZHz0S5+ua5W3KRsqMirUvy3hUHTzhGl9w='),(84,'ㄱㅣㅁㄱㅕㅇㅎㅏㄴ[ㅅㅓㅇㅜㄹ_1ㅂㅏㄴ_A104]ㅌㅣㅁㅇㅝㄴ','3sRDbWeLbUjdnyPq1c93c+k3fRnpoUrCSxJnqs1CvAI='),(85,'ㅎㅓㅇㅕㅇㅁㅣㄴ[ㄱㅘㅇㅈㅜ_1ㅂㅏㄴ_C103]ㅌㅣㅁㅈㅏㅇ','3TJ4jhdusyg15MckEE7kr3YtkZDMg1BP7jtVKaZm+vs='),(86,'ㄱㅣㅁㅈㅜㄴㅎㅏ[ㄱㅜㅁㅣ_ㄱㅣㅇㅓㅂㅇㅕㄴㄱㅖ_S105]ㅌㅣㅁㅇㅝㄴ','3TrWJGCKpAzrQrR7rWZTkOzQxC53OJMxOPp7AkPLm+4='),(87,'ㄱㅣㅁㄱㅕㅇㅎㅕㄴ[ㅅㅓㅇㅜㄹ_3ㅂㅏㄴ_A306]ㅌㅣㅁㅇㅝㄴ','3vT8BqLKCEqzzvCM4zFnn2WhX1oQ/fY6XJLwfLsR5HE='),(88,'ㅁㅐㅇㄷㅗㅇㅇㅕㄹ[ㅅㅓㅇㅜㄹ_2ㅂㅏㄴ]','3wKFDf6Scas8CS6KHUoRg+4/tZXNKJM+bf5Jq9xLvtI='),(89,'ㅈㅏㅇㅅㅗㄹㅏ[ㅂㅜㅇㅜㄹㄱㅕㅇ_1,2ㅂㅏㄴ]ㄱㅛㅇㅠㄱㅍㅡㄹㅗ','3YZdfoRSV1IjlGcahrjNXy5jG7Qirl1+2nAB9tq9gkI='),(90,'ㅍㅣㅈㅜㄴㅂㅓㅁ(ㄱㅛㅇㅠㄱㅍㅡㄹㅗ)','3zleJFm6usm7B4IeOYhewnXH0J2+1xeJuMnSYrkq3bg='),(91,'ㅅㅗㄴㅇㅡㄴㅅㅓㅇ[ㅂㅜㅇㅜㄹㄱㅕㅇ_2ㅂㅏㄴ_E201] ㅌㅣㅁㅇㅝㄴ','4++OAizA1y6OWibbXgCl4ZU8v8XRV8lG0nkDHwHY8gk='),(92,'ㅊㅚㅇㅕㅇㅈㅣㄴ[ㅂㅜㅇㅜㄹㄱㅕㅇ_1ㅂㅏㄴ_E103]ㅌㅣㅁㅇㅝㄴ','406k2+2whcNvap8eBX0E8L1dX5X5+gjtXKA7vaYWX7I='),(93,'ㄱㅣㅁㅈㅣㅇㅝㄴ[ㄱㅘㅇㅈㅜ_2ㅂㅏㄴ_C203]ㅌㅣㅁㅇㅝㄴ','411EOBzZlxoS3t/+Ogd3g9CPcrmqXZg5eqDaMw38z38='),(94,'ㅇㅣㅁㅈㅣㅎㅘㄴ[ㅅㅓㅇㅜㄹ_4ㅂㅏㄴ_A403]ㅌㅣㅁㅇㅝㄴ','41RxE44JWs70YR4Ztm0TJRD0OlOoQMyG3Lz/WWf2IaY='),(95,'ㄱㅣㅁㅂㅗㅁㅣㄴ[ㅅㅓㅇㅜㄹ_4ㅂㅏㄴ_A403]ㅌㅣㅁㅇㅝㄴ','462UdL66KhBQyxueipR6q44W7P7o7N2jgm+VgDAgx9g='),(96,'ㅂㅏㄱㅅㅗㅎㅢ[ㄱㅘㅇㅈㅜ_1ㅂㅏㄴ_C106]ㅌㅣㅁㅇㅝㄴ','46uBUHTFii7a3AaAwnd85S6CLAVYg4S5OacYDinEi00='),(97,'ㅅㅓㅇㅜㄹ_15ㅂㅏㄴ_ㅈㅓㄴㅁㅣㄴㅅㅣㄱ','47xm9E+qsva2hSWc2GfMEu/YHqD7Fix1tsJh/y5LqrE='),(98,'ㅅㅓㅇㅛㅅㅔㅂ[ㅇㅗㅍㅡㄴㅅㅗㅅㅡㅂㅏㄴ]ㅅㅣㄹㅅㅡㅂㅋㅗㅊㅣ','4BFgdGj0sRVx6xhGDvdK1VZwOsli8rQCDObmQTq89QM='),(99,'ㅇㅣㅈㅜㄴㅇㅕㅇ[ㄱㅜㅁㅣ_1ㅂㅏㄴ_D107]ㅌㅣㅁㅇㅝㄴ','4BHcy76Orq+Y9J9hsc0tZ5YF4Aca1BV1U9ftVUtSzqQ='),(100,'ㅇㅣㅈㅜㄴㅎㅕㅇ[ㄷㅐㅈㅓㄴ_2ㅂㅏㄴ_B202]ㅌㅣㅁㅇㅝㄴ','4BptrBLGosHHSKVLGGzzX8CoDS5iNbXtsmXxMzU6aLE='),(101,'ㄱㅣㅁㅁㅣㄴㅈㅓㅇ[ㄱㅜㅁㅣ_1ㅂㅏㄴ_D108]ㅌㅣㅁㅈㅏㅇ','4DAVwwBfRo+LasOX6kDgV459JNX7RdVUz6H9kD8N4QA='),(102,'ㅂㅏㄱㄱㅓㄴㅎㅕㅇ[ㄱㅜㅁㅣ_1ㅂㅏㄴ]','4dQ4D5kWSSC7qPiv0WMOEUky31oWDxNKtaTEQV7oR+c='),(103,'ㄱㅣㅁㅅㅜㅇㅕㄴ[ㅅㅓㅇㅜㄹ_4ㅂㅏㄴ_A407]ㅌㅣㅁㅈㅏㅇ','4iHR0xENFyoa4wGIs5Y3hI4/ujK4rGXsEwVnzE2bJ+I='),(104,'ㅅㅓㅇㅜㄹ_6ㅂㅏㄴ_ㄴㅏㅈㅜㄴㅇㅕㅂ','4Jx3GAU563a0C8Hq97CiJ1cHOqa5QbcT2pdknM9m2xo='),(105,'ㅈㅏㅇㅅㅜㅇㅝㄴ[ㄱㅜㅁㅣ_1ㅂㅏㄴ_D108]ㅌㅣㅁㅇㅝㄴ','4LrpKK18ICrWAz71hBE1Q7vD5L6U7E0AoRix3lyu5JM='),(106,'ㅇㅣㅇㅝㄴㅇㅜ[ㄱㅜㅁㅣ_1ㅂㅏㄴ]ㅅㅣㄹㅅㅡㅂㅋㅗㅊㅣ','4MwrpW4hf+ccfbnJnnVwzPDOfEVxnFyEgVbqM5OhmSw='),(107,'ㄴㅗㅁㅜㄴㅌㅐㄱ[ㅅㅓㅇㅜㄹ_4ㅂㅏㄴ_A403]ㅌㅣㅁㅈㅏㅇ','4x8RgYt4P7VEQjQYrExJov2ISIEs7gcPk3hnHQqyxBA='),(108,'ㅅㅗㄴㅁㅗㅇㅡㄴ[ㄷㅐㅈㅓㄴ_2ㅂㅏㄴ_B201]ㅌㅣㅁㅇㅝㄴ','4XOYV3I6j52rdsdr9Pvgfe3IZgFjDNuVWTbP/S7tCoE='),(109,'ㅈㅓㅇㅊㅏㄴ[ㅅㅓㅇㅜㄹ_4ㅂㅏㄴ_A401]ㅌㅣㅁㅇㅝㄴ','4ZagHRYE/2L+bbOW2g/x6zxCrroUESFan38L/rUWLZQ='),(110,'ㅈㅗㄱㅏㅇㅖ[ㄱㅜㅁㅣ_2ㅂㅏㄴ_D202]ㅌㅣㅁㅇㅝㄴ','58SQKAa7v0YaK6OeKIgoKuiaWbW4QU0iJUaFQ9Yswqs='),(111,'ㅈㅓㄴㅎㅢㅅㅜ','5D02QAWkxnCTCZicrMUZdb5DUzrXJ8iEbcCfGaI9cxY='),(112,'ㄱㅣㅁㄱㅠㅅㅓㅇ[ㄱㅘㅇㅈㅜ_ㅇㅗㅍㅡㄴㅅㅗㅅㅡ_S206]ㅌㅣㅁㅈㅏㅇ','5gz0ygLaYn/l4SM4tW5/Uwbr15zp53uTxLBGxFOL8rU='),(113,'ㄱㅣㅁㅅㅡㅇㅅㅜ[ㄷㅐㅈㅓㄴ_ㄱㅣㅇㅓㅂㅇㅕㄴㄱㅖ_S103]ㅌㅣㅁㅈㅏㅇ','5hqdOzKrAsW6wI9LZldItQAWnM+EXmRm3Ld0WdK3MdI='),(114,'ㅅㅓㅇㅜㄹ_6ㅂㅏㄴ_ㅅㅗㅇㄱㅕㅇㅇㅛㅇ','5J1AYWSraZUZypmQ65CDv6X1a689vhvaXRMnGoIZY5k='),(115,'ㅈㅓㄴㅇㅕㅇㅅㅓ[ㄷㅐㅈㅓㄴ_2ㅂㅏㄴ_ B205]ㅌㅣㅁㅇㅝㄴ','5kdRTZF1bJlmCn2tuqn+eeXC0hLC4MpN4jy6knwFWKM='),(116,'ㄱㅣㅁㅎㅕㄴㅅㅜ[ㄱㅜㅁㅣ_2ㅂㅏㄴ_D205]ㅌㅣㅁㅇㅝㄴ','5kOpitHIRgPKgxuoMO6+X7A418tPWSRvhveBYqChaAA='),(117,'ㄱㅣㅁㄴㅏㅇㅕㅇ[ㄱㅘㅇㅈㅜ_1ㅂㅏㄴ_C106]ㅌㅣㅁㅇㅝㄴ','5ljr++9ebLbUeumvSulIRMVjHJ63nqCIugtqrZyER2c='),(118,'ㄱㅣㅁㅅㅓㅇㅇㅜ[ㄱㅜㅁㅣ_1ㅂㅏㄴ_D102]ㅌㅣㅁㅇㅝㄴ','5O4Zp4loQfoDL5xOPZwBE/nUDy4qkk8P0ktMq0KDt3k='),(119,'ㅇㅣㅁㅎㅕㄱ[ㄱㅘㅇㅈㅜ_1ㅂㅏㄴ_C103]ㅌㅣㅁㅇㅝㄴ','5OI6TbmJKkJr5oWj96r6ZTOAzkYzhVoE3DjJ+jFM5hg='),(120,'ㅇㅣㅈㅓㅇㄱㅣㄹ(ㄱㅛㅇㅠㄱㅍㅡㄹㅗ)','5q8bRoXObIeL/VvTiG//2I1GMpa817jasGA11EoqSJ8='),(121,'ㄱㅣㅁㅁㅕㅇㅅㅓㅂ[ㅅㅓㅇㅜㄹ_2ㅂㅏㄴ_A203]ㅌㅣㅁㅇㅝㄴ','5R8EPfkaLSIKX9IbjBk3OdZJVU9tLln97qAFev4U/NI='),(122,'ㅇㅣㄷㅗㅇㅊㅓㄹ[ㄷㅐㅈㅓㄴ_2ㅂㅏㄴ_B205]ㅌㅣㅁㅇㅝㄴ','5rBA8WTArAouKs/j1PfFC9tFKLI0LzLwHozxoAbmCak='),(123,'ㅇㅣㅈㅐㄱㅡㄴ[ㅅㅓㅇㅜㄹ_1ㅂㅏㄴ_A104]ㅌㅣㅁㅇㅝㄴ1','5RFfbEgfe8/bZhiPAawFUsr5U43TteWo+2PM7OOUB1w='),(124,'ㅂㅏㄱㅁㅕㅇㅇㅜ[ㄱㅜㅁㅣ_2ㅂㅏㄴ_D203]ㅌㅣㅁㅇㅝㄴ','5rpSf03B+TFGe+LD9kXY/PZx534KR1rUcQ5uSzjt+UI='),(125,'ㅈㅜㅈㅣㅎㅘㄴ[ㅅㅓㅇㅜㄹ_ 2ㅂㅏㄴ_ A203]ㅌㅣㅁㅇㅝㄴ','5xAPCCR+JX4x8T5bK0Us+5a7rvt6WzCmFxGuNvrj3qs='),(126,'ㅂㅏㄱㅈㅗㅇㅅㅓㄴ[ㅅㅓㅇㅜㄹ_1ㅂㅏㄴ_A103]ㅌㅣㅁㅇㅝㄴ','6+zff6LpaAeUhAPRw9OOA5DZD+1lsb+OVkvHqd0dUaE='),(127,'ㅅㅣㄴㅇㅣㄴㅎㅗ[ㄱㅜㅁㅣ_1ㅂㅏㄴ_D104]ㅌㅣㅁㅇㅝㄴ','63vT7OU8M9mOx3wSKYB62RmW0bx4BzJRIOGx659pKQQ='),(128,'ㅊㅚㅇㅠㅁㅣ[ㄷㅐㅈㅓㄴ_2ㅂㅏㄴ_B203]ㅌㅣㅁㅇㅝㄴ','68bXB0W+N4ZXFA7cYliqNjdQWMpzLlzqJroojeH2hCA='),(129,'ㄱㅣㅁㄱㅘㅇㅎㅢ[ㅂㅜㅇㅜㄹㄱㅕㅇ_1ㅂㅏㄴ_E103] ㅌㅣㅁㅇㅝㄴ','6bl6y1eFElBDqvo3pOpSNb6LW9EXXmkgzmgWLhOKgfc='),(130,'ㄱㅏㅇㅈㅣㄴ[ㅅㅓㅇㅜㄹ_4ㅂㅏㄴ_A406]ㅌㅣㅁㅈㅏㅇ','6bUdl5Z2a+vy+GHygqEmEQRkYfYmEKIV6yALJRtpkB8='),(131,'ㅇㅣㅈㅔㅁㅣㄴ[ㄱㅘㅇㅈㅜ_1ㅂㅏㄴ_C106]ㅌㅣㅁㅇㅝㄴ','6Cr/EjRscXhuLOiBUmZHa7aKBIsVFvNxAEWylymyEL0='),(132,'ㅇㅣㅅㅓㄴㄱㅜ[ㄷㅐㅈㅓㄴ_1ㅂㅏㄴ]','6ERee8AnXMROJaUIca0316B6iIL84JS884B6cSMkMrA='),(133,'ㅎㅓㅂㅓㅁ[ㄱㅘㅇㅈㅜ_1ㅂㅏㄴ_C105]ㅌㅣㅁㅇㅝㄴ','6etnuxmfo5GkyuGU8RTGc2E1YBS2r0XV9WktZZMKD24='),(134,'ㅂㅜㅇㅜㄹㄱㅕㅇ_2ㅂㅏㄴ_ㅁㅜㄴㅊㅏㄴㅅㅗㄹ','6H7qzjfik5rx+SjrM01bvD4oqGuRk723X0PpMf95qjk='),(135,'ㅂㅏㄱㅎㅕㄴㅇㅜ[ㅅㅓㅇㅜㄹ_2ㅂㅏㄴ_A203]ㅌㅣㅁㅈㅏㅇ','6K+uWj3GSs+1UfSs2134b1pDbYa4eA4NaBCHTmncEHI='),(136,'ㅁㅣㄴㅅㅓㅇㅈㅐ[ㅅㅓㅇㅜㄹ_5ㅂㅏㄴ_A502]ㅌㅣㅁㅇㅝㄴ','6moS0tIiFwx6KC5g6vStUPVc2B6EQ/2b8WmQIsb8mUA='),(137,'ㄱㅏㅇㅅㅜㅎㅕㄴ[ㅅㅓㅇㅜㄹ_4ㅂㅏㄴ_A405]ㅌㅣㅁㅇㅝㄴ','6N9RZNIbjFg597n8tlfsOyEqnzEq34eO+U0TExonPB8='),(138,'ㅈㅔㅈㅣㄴㅁㅕㅇ[ㅅㅓㅇㅜㄹ_4ㅂㅏㄴ_A402]ㅌㅣㅁㅇㅝㄴ','6r7qS7E5siTrRwfkMrlqh6QKkpgKh83qD3YafWSlfis='),(139,'ㅂㅏㄱㄱㅡㄴㅅㅓㄱ_2ㅂㅏㄴ_ㄷㅐㅈㅓㄴ','6XIbUFjYnSbFmlojOuEaOxe3K5/EmnYEJBO6dEWh8YM='),(140,'ㄱㅘㅇㅈㅜ_1ㅂㅏㄴ_ㅇㅣㅈㅣㅎㅘㄴ','702FnwEfi+8ZugZ9XISOSDCgaDyORZylAO8Vs7B1RTo='),(141,'ㅇㅗㅈㅣㄴㅅㅓㄴ[ㅅㅓㅇㅜㄹ_16,17ㅂㅏㄴ]ㄱㅛㅇㅠㄱㅍㅡㄹㅗ','79OieCDKXas/rKxD+2uSlmCArE6LLM0PfEUXhUr4kCI='),(142,'ㅈㅗㅇㅕㄹㅐ[ㄱㅜㅁㅣ_2ㅂㅏㄴ]ㅅㅣㄹㅅㅡㅂㅋㅗㅊㅣ','7BWpXvIJUZ6w8ebTBma6c/wv+4+sCJoeZXCAwvyTGIY='),(143,'ㄴㅗㄱㅓㄴㅇㅜ[ㄱㅘㅇㅈㅜ_2ㅂㅏㄴ_C204]ㅌㅣㅁㅇㅝㄴ','7GDqK2Rxse1wpkRor0uTYvswINWpaVlPZ4mN//2PWto='),(144,'ㅅㅓㅇㅜㄹ 10ㅂㅏㄴ ㅇㅣㅎㅗㅈㅣㄴ','7gExe/P45G1AIZ+CmzC8J20E5toId4qUH7d1oHuWfao='),(145,'ㅇㅣㅅㅗㅇㅕㅇ[ㄷㅐㅈㅓㄴ_ㄱㅣㅇㅓㅂㅇㅕㄴㄱㅖㅂㅏㄴ_S103]ㅌㅣㅁㅇㅝㄴ','7H3z6i8HsizYpW/OP1W16b2dHpiVTcIB7WzXGRZ/Tes='),(146,'ㅎㅘㅇㅅㅜㅈㅣㄴ[ㅅㅓㅇㅜㄹ_1ㅂㅏㄴ_A104]ㅌㅣㅁㅇㅝㄴ','7J37snEhsJM4r0YimyYs7CNLBtu8bs+wGVdGN592gTM='),(147,'ㄱㅣㅁㅇㅛㅇㅎㅢ[ㅅㅓㅇㅜㄹ_4ㅂㅏㄴ_A406]ㅌㅣㅁㅇㅝㄴ','7lNJpV3DfuLDhiwbVDop8lRSbHDcmpqJKw2Tpnlx7DA='),(148,'ㅅㅓㅇㅜㄹ_15ㅂㅏㄴ_ㄱㅣㅁㅈㅜㅎㅢ','7ObAtr8OlzAJ0uLzZT+bRRmKMKUdRH/1WBOui2/LgBc='),(149,'ㅂㅜㅇㅜㄹㄱㅕㅇ_3ㅂㅏㄴ_ㄱㅣㅁㅅㅡㅇㅊㅓㄹ','7OlXpdu5LJC2sAoSw5uE8eL4eJB48IdkBd7bNm8W/pY='),(150,'ㅂㅏㄱㅈㅣㄴㅅㅓㅇ[ㅂㅜㅇㅜㄹㄱㅕㅇ_2ㅂㅏㄴ_E203] ㅌㅣㅁㅇㅝㄴ','7PK829cHWP2BkxuunwCpI9aYwXftpd9ZuCMxi3AxxyA='),(151,'ㅇㅣㅁㅎㅕㅇㅈㅜㄴ[ㅅㅓㅇㅜㄹ_2ㅂㅏㄴ_A204]ㅌㅣㅁㅇㅝㄴ','7TNIn4zQNYfjGviC3vE5cg13ZqD3yjHMYpNKwosUIvU='),(152,'ㅎㅗㅇㅅㅡㅇㄱㅣ[ㅅㅓㅇㅜㄹ_2ㅂㅏㄴ_A203]ㅌㅣㅁㅇㅝㄴ','7vx1PeoKHTvpw1EsWKunwWO+fQ/ctzl99IUza/FPdg4='),(153,'ㅇㅗㅇㅛㅇㄹㅗㄱ[ㄷㅐㅈㅓㄴ_1ㅂㅏㄴ_B102]ㅌㅣㅁㅇㅝㄴ','801LQVfRmxhY7K5tRP1kWwBWGDjjv8p7PDxaVnjUK28='),(154,'ㅇㅣㅁㅣㄴㅈㅓㅇ[ㅅㅓㅇㅜㄹ_4ㅂㅏㄴ_A408]ㅌㅣㅁㅇㅝㄴ','80mHpzhsrUN/gv0cZ4CfTopXGaaDV+lHyWvllVokL64='),(155,'ㄱㅣㅁㄴㅏㅇㅠㄴ[ㅅㅓㅇㅜㄹ_5ㅂㅏㄴ]','82ArJOcN3MlGHEqB8+d+56l/ahF0BTn+IsB1d1f3F5g='),(156,'ㅈㅓㅇㅅㅏㄴㅎㅏ[ㅅㅓㅇㅜㄹ_2ㅂㅏㄴ_A207]ㅌㅣㅁㅇㅝㄴ','846vpaq4uBuV7hDdn4vay+u6VsOftd7FEQ9cRJ1rNEw='),(157,'ㅈㅓㄴㅇㅑㅇㅎㅢ[ㅂㅜㅇㅜㄹㄱㅕㅇ_1ㅂㅏㄴ_E102] ㅌㅣㅁㅇㅝㄴ','84ZkDW+UiVeLsJOxq7bMuX+wihWYc5BTEyX8G7LgBPs='),(158,'ㅅㅣㄴㅇㅠㅈㅣㄴ','8C+C7d5bHALUxr7tL/xBh/XgOQcozALlVtGzDZZVJbs='),(159,'ㅂㅏㄱㅅㅗㅇㅠㄹ[ㅅㅓㅇㅜㄹ_2ㅂㅏㄴ_A204]ㅌㅣㅁㅇㅝㄴ','8cB1MV7HsyuCG2Jed0s36bOkV0aJ2oxmUQ8jhXSBuKk='),(160,'ㅅㅗㄴㅅㅏㅇㅈㅜㄴ[ㅅㅓㅇㅜㄹ_1ㅂㅏㄴ_A105]ㅌㅣㅁㅇㅝㄴ','8eW08v+F8MDYCoknNqCaD0JAKsAXAnf0l0O4TpN6WU8='),(161,'ㅊㅚㅇㅠㄴㅎㅢ[ㅂㅜㅇㅜㄹㄱㅕㅇ_2ㅂㅏㄴ]','8h+tUJ5bE9RSVtgE+wv41aq3PSxP44sgkAaE9K8HRM0='),(162,'ㅎㅏㄴㅈㅣㅇㅠㄴ[ㅅㅓㅇㅜㄹ_3ㅂㅏㄴ_A302]ㅌㅣㅁㅇㅝㄴ','8jaAnMC9bcxW2Qgp0pJqiLU9+Q465mvJR+pVatdAkNY='),(163,'ㄱㅝㄴㅇㅗㅊㅓㄹ(ㅅㅣㅅㅡㅌㅔㅁPM)','8lVt9Q0LRbp7prV6XoK4d1JfqSO+Io+ODjCHQDRauWw='),(164,'ㅇㅣㄱㅓㄴㅎㅢ[ㄷㅐㅈㅓㄴ_2ㅂㅏㄴ_B206]ㅌㅣㅁㅇㅝㄴ','8Q1rvko/rdNJ4jKh2au0Sc/IOzumXyQu9hrzmt9gMCY='),(165,'ㅇㅠㄴㅇㅕㅊㅏㅇ_2ㅂㅏㄴ_ㄷㅐㅈㅓㄴ','8Q2aeFbh9MEp9uwp3VfN29jEalsYV1/QqaVZXh1K3WI='),(166,'ㄱㅣㅁㅁㅣㄴㅅㅜ[ㄱㅜㅁㅣ_2ㅂㅏㄴ_D206]ㅌㅣㅁㅇㅝㄴ','8sJQ0OQyL/hlvX4lyfNHOtfJd7/qi+ip+9ZKizbjImk='),(167,'ㄱㅣㅁㅇㅠㅈㅣㄴ[ㅅㅓㅇㅜㄹ_1ㅂㅏㄴ]','8VWv3FDVjnz4NgOfbUaPVcZDV+3PWjZgU91HO0QW0mE='),(168,'ㄴㅏㅁㄱㅜㅇㅎㅟ[ㄷㅐㅈㅓㄴ_2ㅂㅏㄴ_B202]ㅌㅣㅁㅇㅝㄴ','8xYY4WuKFgi3GgV2sHY5TrhB3b8YSMJFJEJpZxIVj/o='),(169,'ㅅㅗㅈㅓㅇㅇㅡㄴ[ㅅㅓㅇㅜㄹ_2ㅂㅏㄴ_A205]ㅌㅣㅁㅇㅝㄴ','90XcVIz0L7XH0rB9D3AThqGPkyTlgw9hhigiCx8aGHY='),(170,'ㅇㅏㄴㄱㅘㅇㅅㅣㄱ[ㄱㅜㅁㅣ]ㅅㅣㄹㅅㅡㅂㅋㅗㅊㅣ','99zFR4RHnkYBXjlYJr7F6vbkBvDEq1MEbM8Pj9qhTks='),(171,'ㄱㅣㅁㄱㅕㅇㅁㅣㄴ[ㄱㅘㅇㅈㅜ_2ㅂㅏㄴ_C206]ㅌㅣㅁㅇㅝㄴ','9A3ZHYnDL5uFyplRLssIAhJNXvyBv9Bd581ktrp7Za4='),(172,'ㅈㅏㅇㅇㅛㅇㅈㅜㄴ_8ㅂㅏㄴ_ㅅㅓㅇㅜㄹ','9AyAtyC8ikIS9xZEScTRXJFbjvLy7wDevXDp6Ebhodw='),(173,'ㅂㅏㄱㅅㅏㅇㅎㅜㄴ[ㄱㅘㅇㅈㅜ_2ㅂㅏㄴ_C202]ㅌㅣㅁㅇㅝㄴ','9btvNdvRl6JxVn8YYRj4AQOANMvNFazsd/sfDDBfKE4='),(174,'ㅈㅣㅎㅕㄴㅂㅐ[ㄱㅜㅁㅣ_ㄱㅣㅇㅓㅂㅇㅕㄴㄱㅖ_S106]ㅌㅣㅁㅇㅝㄴ','9Dw6djI9lqVMDbtoEFsRCDCd/3qWABaoCZRgXzTYvDs='),(175,'ㅊㅚㄴㅏㅎㅕㄴ[ㅅㅓㅇㅜㄹ_4ㅂㅏㄴ]ㅅㅣㄹㅅㅡㅂㅋㅗㅊㅣ','9E3c+EiMJ7SX7JLVncx+5oGQq2/6xUg1cXwDLmTDnec='),(176,'ㅅㅗㅅㅓㄱㅈㅣㄴ[ㅅㅓㅇㅜㄹ_1ㅂㅏㄴ]','9L9deJ34FRJZxo2laEk82gevFFJaj3gCPx2rKKEDv+U='),(177,'ㅊㅚㅈㅓㅇㅁㅣㄴ[ㅅㅓㅇㅜㄹ_2ㅂㅏㄴ_A204]ㅌㅣㅁㅇㅝㄴ','9LBTfbzn6sSDPO/8UGjo//rrc5VJUFdYpPSTSL5cxuo='),(178,'ㅎㅗㅇㅌㅐㄱㅠㄴ[ㄱㅜㅁㅣ_ㄱㅣㅇㅓㅂㅇㅕㄴㄱㅖ_S106]ㅌㅣㅁㅇㅝㄴ','9OMaI2zon/L9Kp5Tsr8ETFf/X28gnq9dTaY/iTuaLuk='),(179,'ㄱㅏㅇㄷㅗㅇㅅㅓㄱ[ㅅㅓㅇㅜㄹ_2ㅂㅏㄴ_A204]ㅌㅣㅁㅈㅏㅇ','9TJyUNU+u3muDaRU16oN0uf3ih32bSMknAByAkrNVJ8='),(180,'ㅇㅣㅇㅕㅇㅈㅜㄴ[ㄱㅜㅁㅣ_ㄱㅣㅇㅓㅂㅇㅕㄴㄱㅖ_S106]ㅌㅣㅁㅈㅏㅇ','9toJGa566J+wqqMPQ0a0rAIsM32mfUfbBWntlI5i9Ho='),(181,'ㅅㅓㅇㅜㄹ_6ㅂㅏㄴ_ㅅㅣㄴㅎㅗㅇㅊㅓㄹ','9uFDI9NAI9dpP4+phyXqVIKt1WH8/UNeDT2lyZyrFwU='),(182,'ㅇㅣㅇㅜㅇㅕㅇ[ㄱㅜㅁㅣ_1ㅂㅏㄴ_D104]ㅌㅣㅁㅇㅝㄴ','9YEM+qPzRhNldS6mtA1tspcFjzxydkOfokuTUNq8GMk='),(183,'ㅈㅓㅇㅈㅜㅎㅓㄴ[ㅅㅓㅇㅜㄹ_3ㅂㅏㄴ_A308]ㅌㅣㅁㅇㅝㄴ','9YnSw4ODFuwT0KzK0ghfSPnNZV8b+KufMngyt6EqOcA='),(184,'ㅊㅚㅅㅣㅇㅕㄹ[ㄷㅐㅈㅓㄴ_1ㅂㅏㄴ_B105]ㅌㅣㅁㅇㅝㄴ','9ZqbJ3MQUmMRztrXOn08Xp9CEswBXuO/AZjVx8G3YOY='),(185,'ㄱㅣㅁㅎㅕㄴㅅㅜ[ㄱㅘㅇㅈㅜ_1ㅂㅏㄴ_C102]ㅌㅣㅁㅈㅏㅇ','A/ZPajQGPYaPG/bF/v51wjM7dM/IfhFc2echmYpBrrQ='),(186,'ㅂㅐㅎㅏㅇㅡㄴ[ㅅㅓㅇㅜㄹ_2ㅂㅏㄴ_A203]ㅌㅣㅁㅇㅝㄴ','A7NCRPaYG4YshTNB7LjDaGMmVZsZ/oRFmR6hJF+YGjI='),(187,'ㅈㅗㅇㅝㄴㅂㅣㄴ[ㅅㅓㅇㅜㄹ_ㅇㅗㅍㅡㄴㅅㅗㅅㅡ_S201]ㅌㅣㅁㅇㅝㄴ','a8p3F1a2qArSmUhVuVXs85Mltm37J3CjeFKyOnTTDO0='),(188,'ㅇㅣㅈㅣㅇㅜ[ㅅㅓㅇㅜㄹ_2ㅂㅏㄴ_A205]ㅌㅣㅁㅇㅝㄴ','AA1zuvuKSMnO2g3ZPKYPcsjhcg2WwcElsvK4X+CD5+s='),(189,'ㅅㅓㅇㅜㄹ_5ㅂㅏㄴ_ㅇㅕㅁㅈㅣㅎㅖ','aaaY7gMgtMsUYjxP2Uxc3JtHKmuJw3FHFzyqh00Jbgk='),(190,'ㄱㅜㅁㅣ_5ㅂㅏㄴ_ㄱㅜㅂㅗㅁㅣ','AAOTcLRuaBafiQicXERqQzC17LiPbjroC8cblBZvLX8='),(191,'ㅎㅗㅇㄹㅕㅇㄱㅣ[ㄱㅜㅁㅣ_1ㅂㅏㄴ_D107]ㅌㅣㅁㅇㅝㄴ','aC/Jw6hHOp9buVpQ+fAVevPdObSxsS4RTIsF6mbaDh0='),(192,'ㅇㅣㅈㅓㅇㅇㅝㄴ[ㅂㅜㅇㅜㄹㄱㅕㅇ_2ㅂㅏㄴ_E202]ㅌㅣㅁㅈㅏㅇ','ad/OIUzQidA/sMBaGS0fHV71o4yb/QIg6qv8/dBIQUE='),(193,'ㅎㅏㄴㅅㅡㄹㄱㅣ[ㅅㅓㅇㅜㄹ_2ㅂㅏㄴ_A207]ㅌㅣㅁㅇㅝㄴ','aDn5LjMgo7b/4Hc+Y8qAaziJbjwYreDXb8soBkiBrLg='),(194,'ㄱㅘㅇㅈㅜ_5ㅂㅏㄴ_ㄱㅣㅁㅇㅖㅇㅝㄴ','adotGmaommynn+ltk8b//RsSLhOZLRL/05HhFy/k7UI='),(195,'ㅅㅗㄴㅎㅕㄴㅈㅜ[ㄱㅜㅁㅣ_2ㅂㅏㄴ]ㅅㅣㄹㅅㅡㅂㅋㅗㅊㅣ','aedXTKM6n++KyrTOgIaay35Cx56/6uj3gWR+3Khbi80='),(196,'ㅇㅣㅇㅠㅎㅕㄴ[ㄷㅐㅈㅓㄴ_2ㅂㅏㄴ]','aGEKmFh4oZAy7PalQwPWFxe2c1rARX65AdSF6xJTffY='),(197,'ㄱㅣㅁㅅㅗㅎㅢ[ㄱㅘㅇㅈㅜ_1ㅂㅏㄴ_C107]ㅌㅣㅁㅇㅝㄴ','aJ2EvWX0CceCp8dU57x86sFnah4Pkl9WgImIRtqvVa8='),(198,'ㄱㅣㅁㅎㅗㅇㅈㅜㅇ[ㄱㅘㅇㅈㅜ_2ㅂㅏㄴ_C208]ㅌㅣㅁㅇㅝㄴ','Ak434OTblBX6cVHG4ulnLtqNY74YBYhZpsxjXFXya3o='),(199,'naea.kim','aK6cBG6aknAuOPApEr8IbnVNa40m/WpYEhcdDrU4fzQ='),(200,'ㅇㅣㅈㅐㄱㅝㄴ[ㄱㅘㅇㅈㅜ_1ㅂㅏㄴ_C102]ㅌㅣㅁㅈㅏㅇ','AliI1BqoOMXvHqOUgKZSUrZlxPCBB4J8aUIc+DFb37g='),(201,'ㄱㅣㅁㄱㅣㅅㅗㄹ[ㅅㅓㅇㅜㄹ_4ㅂㅏㄴ_A406]ㅌㅣㅁㅇㅝㄴ','ancn6JPv9IufbFYHOeGwCk1IWSVuMeNa/BcYIoxkl3k='),(202,'ㅇㅣㄱㅘㅇㅈㅣㄴ[ㅅㅓㅇㅜㄹ_2ㅂㅏㄴ_A204]ㅌㅣㅁㅇㅝㄴ','AnorlmQ19albOWrlCFnwA7z1HDjrF5/HVBigWFRETuA='),(203,'ㅈㅓㅇㅎㅕㄴㅅㅜ[ㄱㅘㅇㅈㅜ_1ㅂㅏㄴ_C101]ㅌㅣㅁㅇㅝㄴ','aObioDUPAVCuLY6BvzqjoCBBhbW6C1GbzRE32P4jtms='),(204,'ㅇㅏㄴㄷㅗㅇㅈㅜㄴ[ㅅㅓㅇㅜㄹ_2ㅂㅏㄴ_A205]ㅌㅣㅁㅇㅝㄴ','AQiXI4m4L1Sg3VZD9Y9RGaaUJm5gVxdwEe2eEU+oyOI='),(205,'ㅇㅣㄱㅠㅇㅡㄴ[ㅅㅓㅇㅜㄹ_2ㅂㅏㄴ_A206]ㅌㅣㅁㅇㅝㄴ','AsVO96jFYpUe/1b5uMya5UDQbCG1ka0SWRdEZcMHMks='),(206,'ㅇㅣㅇㅡㄴㅅㅓㅇ[ㄱㅘㅇㅈㅜ_1ㅂㅏㄴ_C103]ㅌㅣㅁㅇㅝㄴ','AT7pOy3EqK6vzBhMhQtjCCcQsF7/LZAI3m4HO3KxcIk='),(207,'ㅂㅏㄱㅅㅗㅈㅣㄴ[ㄱㅘㅇㅈㅜ_2ㅂㅏㄴ_C206]ㅌㅣㅁㅇㅝㄴ','AtkhFuVEu9uNq/7TrIPcrdnLG+9o63SbNNbDn4j6v0A='),(208,'ㅈㅓㅇㅇㅣㄴㅅㅜ[ㅂㅜㅇㅜㄹㄱㅕㅇ_1ㅂㅏㄴ_E102] ㅌㅣㅁㅇㅝㄴ','auCD3g2uXAz0etlzxuwQaeDmFPlvxJ4yhAEtU1F2CzU='),(209,'ㄱㅣㅁㄱㅣㄹㅇㅜㅇ[ㄱㅜㅁㅣ_1ㅂㅏㄴ_D106]ㅌㅣㅁㅇㅝㄴ','aYVZYKBQ3RNt8Ljlj4QnAW00LcIjj2Zr9LP9f3SU5iI='),(210,'ㅅㅓㅇㅜㄹ_7ㅂㅏㄴ_ㅅㅗㅇㅇㅖㅈㅣㄴ','Az4gcRUtEhBPqlFxCUwTRj5M2k97q5ds4+ovm3rPDGU='),(211,'ㄱㅣㅁㅈㅜㄴㅎㅕㅇ[ㄱㅘㅇㅈㅜ_ㄱㅣㅇㅓㅂㅇㅕㄴㄱㅖ_S104]ㅌㅣㅁㅇㅝㄴ','AZL4xNOhM6gPv4oBFvsh3t7O3c9ISFXKzjrn0JZ3kY0='),(212,'ㄱㅣㅁㅌㅐㅎㅗ[ㄷㅐㅈㅓㄴ_ㅇㅗㅍㅡㄴㅅㅗㅅㅡ_S204]ㅌㅣㅁㅈㅏㅇ','AZyebRCDZzEtmvGR9kDasu6LlJyBatG6Ze54FuZ7hfA='),(213,'ㅇㅣㅅㅏㅇㅇㅠㄴ[ㄷㅐㅈㅓㄴ_1ㅂㅏㄴ_B102]ㅌㅣㅁㅇㅝㄴ','b1fJ2FhRUxt9wtIBMk4gBVSe7IRMSLYTvwKK56Rh49c='),(214,'ㄷㅐㅈㅓㄴ_2ㅂㅏㄴ_ㅂㅏㄱㄱㅣㅇㅜㅇ','b1S3s1bDec58cHf8mF+ZIAxIMmDJnVKinnZ6vOr155A='),(215,'ㅊㅚㅁㅕㅇㅈㅐ[ㅂㅜㅇㅜㄹㄱㅕㅇ_2ㅂㅏㄴ_E204] ㅌㅣㅁㅈㅏㅇ','B2yZJLvxqDJX164OJjn0SW/i0y7T/6zGqhEiZKh4xns='),(216,'ㅎㅘㅇㅅㅗㅎㅕㄴ[ㅅㅓㅇㅜㄹ_4ㅂㅏㄴ_A405]ㅌㅣㅁㅇㅝㄴ','B3coglsGC/tj+Uf0MTakOdW3bteg7kSZsHeSjp6fCRc='),(217,'ㅅㅡㅇㄴㅏㅇㅕㄴ[ㅅㅓㅇㅜㄹ_4ㅂㅏㄴ_A405]ㅌㅣㅁㅇㅝㄴ','b6q6AQ+pwgUWyqR4u2m9zUAz0O3A1UYXDF6W0P//J4w='),(218,'ㅇㅗㅈㅔㄴㅗ[ㅂㅜㅇㅜㄹㄱㅕㅇ_ㅇㅗㅍㅡㄴㅅㅗㅅㅡ_S207]ㅌㅣㅁㅈㅏㅇ','b7gpx3dEackbjVC3Wiaf74DPZfUnvXDagc/YAEHfFRQ='),(219,'ㅈㅏㅇㄷㅏㅂㅣㄴ[ㄱㅘㅇㅈㅜ_1ㅂㅏㄴ_C107]ㅌㅣㅁㅇㅝㄴ','b7yom62OxTXd9KIx5KbnN20n6oavupHO9CVoAFpaIsI='),(220,'ㄱㅘㄱㅁㅕㅇㅍㅣㄹ[ㄷㅐㅈㅓㄴ_2ㅂㅏㄴ_B202]ㅌㅣㅁㅇㅝㄴ','b8CASzYxiYr8xwQ4uxg0vPM3gQlQO40xaMM7YO/WpdU='),(221,'ㅅㅓㅇㅜㄹ_6ㅂㅏㄴ_ㄱㅣㅁㄷㅏㅂㅣㄴ','b91U4Yn+dDt4N7Hkpw1qdhSxmHYNGZvu4kks7pq/PYA='),(222,'ㅈㅣㄴㅁㅣㄴㄱㅠ[ㅅㅓㅇㅜㄹ_1ㅂㅏㄴ_A106]ㅌㅣㅁㅇㅝㄴ','bc/V+pOF5gb80idSjuHiesW4S7nZeSqLkulypiYWLEw='),(223,'ㅎㅏㄴㅅㅏㅇㅇㅜ[ㄷㅐㅈㅓㄴ_2ㅂㅏㄴ_B201]ㅌㅣㅁㅇㅝㄴ','BGoM/VLjjbruwmqvLJ9KrNwU1LO/AopVG881pP31dYg='),(224,'ㅈㅣㄴㅇㅠㅁㅣ[ㅂㅜㅇㅜㄹㄱㅕㅇ_3,4ㅂㅏㄴ]ㄱㅛㅇㅠㄱㅍㅡㄹㅗ','Bi/y/8/g7isKhsIKTqd//tjLCc10OpX9wMG8DCyzGAM='),(225,'ㅆㅏㅍㅣㄹㅔㅇㅣㅅㅡㅇㅜㄴㅇㅕㅇ4','BjR2RpzYwxKeR4zBs45XfTAUlgsxco+1hWiMJ9eO9Mk='),(226,'ㅅㅓㅇㅜㄹ_2ㅂㅏㄴ_ㅇㅣㄹㅠㄴㄱㅣ','bJWJpQTma5KPcBsp+rZDngNhGS8xUQq5ITDlAO2jtNQ='),(227,'ㅇㅠㄴㅎㅖㅇㅠㄴ[ㄱㅜㅁㅣ_1ㅂㅏㄴ_D106]ㅌㅣㅁㅇㅝㄴ','bkHzMzqun1XdgVBBpLPZSKMKZKjwi/yzjua18HkIs0Q='),(228,'ㅇㅣㅇㅓㄴㅎㅗ[ㅅㅓㅇㅜㄹ_3ㅂㅏㄴ_A302]ㅌㅣㅁㅇㅝㄴ','BKVmn6iTtHQGM8zwanqXnEZTbnUV034N/9wflJJ2k90='),(229,'ㅎㅗㅇㅅㅡㅇㅇㅕㅇ[ㅅㅓㅇㅜㄹ_3ㅂㅏㄴ]','blb76PgOlLIC7BuBM8VfaS+0f9pvGpG7D1WH8TdgUfk='),(230,'ㅇㅠㄴㅅㅜㄱ[ㄷㅐㅈㅓㄴ_1ㅂㅏㄴ_B102]ㅌㅣㅁㅇㅝㄴ','BMcoEWZyTBfi00hkX/NqV0s/MUNxN67x3RzMUCx2HTE='),(231,'ㄱㅣㅁㅅㅔㅈㅣㄴ_14ㅂㅏㄴ_ㅅㅓㅇㅜㄹ','Bn+CgB8+VFnYj1iB/1Sj/1eHiDVqGuWpS7ORTGQOxrE='),(232,'ㄱㅣㅁㅎㅕㅇㅇㅜ[ㄱㅜㅁㅣ_2ㅂㅏㄴ_D207]ㅌㅣㅁㅇㅝㄴ','bNhzrW6rddA6PYtLMO7sYzpnGX6U4CBhwJJkUJF03tY='),(233,'ㅇㅣㅈㅣㄴㅎㅗ','BoAkP3DkDcZC6ctavG0hF6ZV5S0wq3ZA7joHdsGFZ7w='),(234,'ㅇㅏㄴㅇㅖㅈㅣ[ㄷㅐㅈㅓㄴ_1ㅂㅏㄴ_B106]ㅌㅣㅁㅇㅝㄴ','bw0rvXmkYmVhjfSTZ+Ziyo26Ees1PRFswbFgJ3ZoMbM='),(235,'ㅅㅓㅎㅕㅇㅈㅜㄴ[ㅅㅓㅇㅜㄹ_4ㅂㅏㄴ_A404]ㅌㅣㅁㅇㅝㄴ','BwBXerx8puiKEJHuKyrVQqJsP26TOThNDSmDH1FSrV4='),(236,'ㄱㅜㅁㅣ_6ㅂㅏㄴ_ㅇㅠㄴㅅㅏㅇㅇㅣㄹ','bwf/dxuMujxM2FPRKtppUZIdPjyDSSDtMh5HKDmUElg='),(237,'ㅎㅏㄴㅅㅏㅇㄱㅣㄹ[ㅅㅓㅇㅜㄹ_3ㅂㅏㄴ]ㅅㅣㄹㅅㅡㅂㅋㅗㅊㅣ','BxkMMyhUCDuXdYhPmCavXxj+66bedmaQRePlcIxd9t8='),(238,'ㅊㅐㅇㅕㄴㅎㅢ[ㅅㅓㅇㅜㄹ_2ㅂㅏㄴ_A206]ㅌㅣㅁㅇㅝㄴ','bz9C9xujSFSOaeFqaG3D/b+QEe14WOrF/h3o+SFgSjQ='),(239,'ㅈㅏㅇㅇㅕㅇㅎㅏ[ㄱㅘㅇㅈㅜ_2ㅂㅏㄴ_C208]ㅌㅣㅁㅇㅝㄴ','BZc5qkegY/RL7AZKJJQjLJpiHfdZz0UGLbomgsfY7o8='),(240,'ㄱㅣㅁㅇㅡㅇㅈㅜ[ㅅㅓㅇㅜㄹ_3ㅂㅏㄴ_A107]ㅌㅣㅁㅇㅝㄴ','c2fRU2nNm3mT7IsqkqqtdOrOZqXNtsOPAeI72oUrBhg='),(241,'ㄱㅣㅁㅈㅜㅎㅘㄴ[ㄱㅜㅁㅣ_2ㅂㅏㄴ_D206]ㅌㅣㅁㅇㅝㄴ','cbdpg08pdDpzo3vBBFZTzYFtjzMx/uOUYi9o7S8Orn0='),(242,'ㅊㅚㅈㅐㅎㅜㄴ[ㅅㅓㅇㅜㄹ_2ㅂㅏㄴ_A203]ㅌㅣㅁㅇㅝㄴ','cBRnseNqCQ5c5EFBmyIZxYOVSKWta+qa2MtVZhT6Xbw='),(243,'ㅊㅚㅅㅜㅎㅏㄴ[ㄱㅘㅇㅈㅜ_1ㅂㅏㄴ_C102]ㅌㅣㅁㅇㅝㄴ','CcwAFFFRIhAIqiZYQFuLjK7RhEHyoUcZn7A846SJ7yM='),(244,'ㅇㅣㅎㅛㄹㅣㅁ[ㅅㅓㅇㅜㄹ_3ㅂㅏㄴ_A302]ㅌㅣㅁㅇㅝㄴ','cEB9NByQGintTQCVF8IGzHWQrGH4T6zgUPQdO/Ca/Gw='),(245,'ㄱㅣㅁㄷㅜㅎㅚ[ㄷㅐㅈㅓㄴ_1ㅂㅏㄴ_B102]ㅌㅣㅁㅇㅝㄴ','cffTvX0/kp0h00vc8OtsNQ0oU5PZaGbNbPjowvjAe6o='),(246,'ㅂㅏㄱㅅㅓㅇㄱㅓㄴ[ㄱㅘㅇㅈㅜ_2ㅂㅏㄴ_C203]ㅌㅣㅁㅇㅝㄴ','cfwdVNzwEypdStClDhq71n1HUSKrA8PBpNAntphSrkk='),(247,'ㅇㅠㄱㅎㅕㄴㄷㅗㅇ[ㄱㅜㅁㅣ_1ㅂㅏㄴ_D106]ㅌㅣㅁㅇㅝㄴ','cgkzoCsuvf0kGhJW1OyDDnKgDMXtjC4ymGg554cX9j4='),(248,'ㅎㅏㄴㅊㅐㅇㅡㄴ[ㄷㅐㅈㅓㄴ_ㄱㅣㅇㅓㅂㅇㅕㄴㄱㅖ_S103]ㅌㅣㅁㅇㅝㄴ','cIrUEgeosEMZhXJOSAC1veQ967/4kUHaaMivXFhHj+8='),(249,'ㅇㅠㅈㅐㄹㅛㅇ[ㅅㅓㅇㅜㄹ_1ㅂㅏㄴ_A107]ㅌㅣㅁㅇㅝㄴ','cjbNbzGj0rhw4PPQMIghniY1JHnQyPzfgHq7gVPOZk8='),(250,'ㅂㅏㄱㅎㅗㅇㄱㅠ[ㅅㅓㅇㅜㄹ_3ㅂㅏㄴ_A305]ㅌㅣㅁㅇㅝㄴ','CjurMwpElCEDN1pEhK9hQOk1DP/DC/2racVONVLI3fc='),(251,'ㅇㅜㅇㅠㄴㅅㅣㄱ[ㅂㅜㅇㅜㄹㄱㅕㅇ_ㅇㅗㅍㅡㄴㅅㅗㅅㅡ_S207] ㅌㅣㅁㅇㅝㄴ','CKC6VmZBEdt0t8gquUvejoZREz0y/K0QtCVICO16GMs='),(252,'ㄷㅐㅈㅓㄴ_3ㅂㅏㄴ_ㄱㅣㅁㅅㅜㅇㅕㄴ','ClD+d7rPJhXgFw7YBssN2iYrqieWIMlJeDpJ8L/UyRE='),(253,'ㅇㅣㅂㅗㅇㅕㄴ[ㄱㅜㅁㅣ_2ㅂㅏㄴ_D201]ㅌㅣㅁㅇㅝㄴ','CMiQApw9DVnj4HNmQ16ROeBDkvoW3EoaF3xvbtykd/E='),(254,'ㄱㅏㅇㅈㅣㄴㄱㅜ[ㄱㅜㅁㅣ_1ㅂㅏㄴ_D107]ㅌㅣㅁㅈㅏㅇ','cMWskV5eDgHvO92YL34+0R2hcIctFaE4C0LCDaeLCTI='),(255,'ㅎㅘㅇㅇㅡㄴㅂㅣㄴ[ㄱㅘㅇㅈㅜ_1ㅂㅏㄴ]','cnu0vbnIhsvHWn2BzI5yA5EFRNVGxst77/MWIvLdE1Y='),(256,'ㅇㅣㅁㅇㅕㅇㅌㅐㄱ[ㅅㅓㅇㅜㄹ_3ㅂㅏㄴ_A305]ㅌㅣㅁㅇㅝㄴ','Cp5qONo+sd3JQx8rx0XxiWgCw2EjAvrKSDv6gMykifU='),(257,'ㅊㅚㄷㅐㅎㅗ[ㄱㅜㅁㅣ_1ㅂㅏㄴ_D102]ㅌㅣㅁㅇㅝㄴ','cRIbCs8bT6hO7RfpeSRxgRkpB2N7JmzEfQWCOKHJOkg='),(258,'ㅈㅓㅇㅅㅜㄴㅇㅣㄹ[ㅂㅜㅇㅜㄹㄱㅕㅇ_ㅇㅗㅍㅡㄴㅅㅗㅅㅡ_S207]ㅌㅣㅁㅇㅝㄴ','croRSeVMgKFezVdkS/AuboBg2O6u4bhygORG2m2jYI0='),(259,'ㅂㅐㅈㅣㅎㅘㄴ[ㅅㅓㅇㅜㄹ_3ㅂㅏㄴ_A308]ㅌㅣㅁㅈㅏㅇ','CSuSVsD9utkXMffYchq8lHpVS5+sAHc/iKrvE1e81xk='),(260,'ㅂㅏㄱㄱㅣㅂㅓㅁ[ㅅㅓㅇㅜㄹ_3ㅂㅏㄴ_A306]ㅌㅣㅁㅇㅝㄴ','Ct9laE8CdAH2jckW2cRr+lE/b7KzMDH+aRB3rGjU1gg='),(261,'ㅅㅓㅇㅜㄹ 1ㅂㅏㄴ ㅈㅗㄱㅓㄴㅇㅜ','CTGYZsOM8LuA8DKrcaTe9yjv7AF8AnyCO05AgSEcad0='),(262,'ㅇㅗㅈㅏㅇㅎㅜㄴ[ㅅㅓㅇㅜㄹ_4ㅂㅏㄴ]','cvtadW9Gcl8XX8DsDzmm6EWnY6g4hPvzcAF/6w5dgHg='),(263,'ㅊㅚㅅㅓㅇㅅㅓㄱ[ㄱㅜㅁㅣ_2ㅂㅏㄴ_D205]ㅌㅣㅁㅇㅝㄴ','CW3s4JZ08qtrN76z9yH6rPa9FJrG/2jsPFJUAwoopBo='),(264,'ㅊㅚㄱㅘㅇㅎㅗ(ㄷㅏㅁㄷㅏㅇㄱㅛㅅㅜ)','CW6qCAfegMugR1G3yKyIfUvtjVCh36QXpy6pUY1B9Ko='),(265,'ㅈㅓㅇㅈㅐㅎㅕㄴ[ㄱㅘㅇㅈㅜ1ㅂㅏㄴ_C103]ㅌㅣㅁㅇㅝㄴ','CwYMMW4jxlwmbvj1BiRRgLzw9jDw9DTGAz8Mih7ZA1w='),(266,'ㄱㅣㅁㅅㅜㅎㅗ[ㄱㅜㅁㅣ_2ㅂㅏㄴ_D201]ㅌㅣㅁㅈㅏㅇ','cXKHP5K+b5fULGBsu9hpNFIshTA1p0TnvmaG5jPUs9M='),(267,'ㄱㅜㅁㅣ 5ㅂㅏㄴ ㅂㅏㄱㄷㅓㄱㅇㅝㄴ','cy+FQDyWOSZpnuNeiKQIIBRw7gmBFVAeB5Bczk2N3+A='),(268,'ㅂㅏㄱㅈㅜㄴㅇㅕㅇ[ㅂㅜㅇㅜㄹㄱㅕㅇ_1ㅂㅏㄴ_E106]ㅌㅣㅁㅈㅏㅇ','CYnR+tyFI+7RuVR3ZEY+6iqSFWpvnGCCAc10GhZ/5aM='),(269,'ㅈㅗㅇㅡㄴㅅㅗㄹ[ㅅㅓㅇㅜㄹ_1ㅂㅏㄴ_A101]ㅌㅣㅁㅇㅝㄴ','czY/ywpSEZVzIvOJvG80WNmqwg+pQVNetOWimDnNbuI='),(270,'ㄱㅣㅁㅁㅣㄴㅈㅜㄴ[ㅅㅓㅇㅜㄹ_4ㅂㅏㄴ_A401]ㅌㅣㅁㅇㅝㄴ','d2+JGpFqT9R0bKDrDbRxTXzHKZLZDS4ycDO9XmFvoWc='),(271,'ㄱㅣㅁㄱㅕㅇㅅㅜ[ㅅㅓㅇㅜㄹ_6ㅂㅏㄴ]','d2UUI43irWrvi8bf/IBcU83pIJGCjsh/GJzcFBV8duU='),(272,'ㅈㅣㄴㅎㅕㅇㅈㅜㄴ[ㅅㅓㅇㅜㄹ_1ㅂㅏㄴ_A105]ㅌㅣㅁㅇㅝㄴ','D5SDVsuv1dQ0ctNE7/0PJfXJaCr3X895X4+KPNohElI='),(273,'ㅈㅗㅈㅜㄴㅇㅕㅇ[ㄱㅜㅁㅣ_2ㅂㅏㄴ_D204]ㅌㅣㅁㅈㅏㅇ','daefsYXPvYNvMyVFcPRCk0SWrIckjsdfJxQjvY/vYOs='),(274,'ㅇㅠㄴㅅㅡㅇㅇㅣㄹ[ㄱㅜㅁㅣ_2ㅂㅏㄴ_D205]ㅌㅣㅁㅈㅏㅇ','dBj/uADjdhaXcDvm+9srDdcFsXf/0r1/y2NlRhanmbc='),(275,'ㄷㅐㅈㅓㄴ_3ㅂㅏㄴ_ㅊㅚㅎㅗㅇㅕㄴ','DdS0El1VdUBCNgadCXpNt1zwaGTDbTcS8wffHPhmxXE='),(276,'ㅇㅣㅅㅔㄹㅣㅁ[ㄱㅘㅇㅈㅜ_1ㅂㅏㄴ]','dE6dvhuXrfgDe/oIC+Qtp8x4BU7XPTN26SMZLn0a7ro='),(277,'ㅅㅓㅇㅜㄹ_15ㅂㅏㄴ_ㅇㅑㅇㅈㅣㄴㅎㅕㄱ','deWsQ64mOJe5ZMLLsOCnEE3CzZKAxUUyD9/qEWS7ShM='),(278,'ㅈㅓㅇㅇㅓㄴㅇㅛㅇ[ㅅㅓㅇㅜㄹ_2ㅂㅏㄴ_ A204]ㅌㅣㅁㅇㅝㄴ','DiAszdMLJ1EpdXr/svhyT5W9BCKU1aKTm8MeN7cr+ng='),(279,'ㄱㅣㅁㅈㅗㅇㅎㅕㄴ[ㄱㅜㅁㅣ_2ㅂㅏㄴ_D203]ㅌㅣㅁㅇㅝㄴ','DiMBRK8SfyQw5UT0bo50BHPwjQNVK43uEqioI+sOP8E='),(280,'ㅊㅚㄷㅏㅇㅕㄴ[ㅅㅓㅇㅜㄹ_5ㅂㅏㄴ_A502]ㅌㅣㅁㅇㅝㄴ','dk2+7sdzd6k/n16mWZHNph4OkoFir5QK3DtDcvuF3hw='),(281,'ㄱㅣㅁㄴㅏㄱㅕㅇ[ㅅㅓㅇㅜㄹ_ㄱㅣㅇㅓㅂㅇㅕㄴㄱㅖ_ S101]ㅌㅣㅁㅇㅝㄴ','dkwrK9I0XyPDU8tNPfTcNTLhDbanm+LN8wXtiFGjyHQ='),(282,'ㅅㅗㄴㅊㅏㅇㅎㅕㄴ[ㅅㅓㅇㅜㄹ_4ㅂㅏㄴ_A402]ㅌㅣㅁㅈㅏㅇ','dl0yki0J50TjnG5sqh679EhlApFGHUASVfzoXNCuNPI='),(283,'ㅇㅣㅇㅖㄴㅏ[ㄷㅐㅈㅓㄴ_1ㅂㅏㄴ_B106]ㅌㅣㅁㅇㅝㄴ','DMnc9QhGZgBReF95iuD6HkNqOJkteqkLtgnpZ0ANYhM='),(284,'ㅅㅓㅇㅜㄹ 4ㅂㅏㄴ ㄱㅣㅁㅎㅕㄴㅅㅓㄱ','Dos5TVY9ILbFmLAFlZXyWq2OD6gIJJkwi+mRPf4/v+o='),(285,'ㅂㅏㄱㅅㅓㄹ[ㄱㅘㅇㅈㅜ_ㅇㅗㅍㅡㄴㅅㅗㅅㅡ_S206]ㅌㅣㅁㅇㅝㄴ','dPKy/mQ9Csdi/aUyjCJ5B37TSgYwJAtGn1VxlhLolKw='),(286,'ㄱㅘㅇㅈㅜ_5ㅂㅏㄴ_ㄱㅣㅁㅁㅣㄴㅊㅏㄴ','dpV38ioS6p2BskoeU9FKnCC/Kh4/obS3cxQQOCEPQcM='),(287,'ㅊㅚㅇㅣㄹㄱㅝㄴ[ㅅㅓㅇㅜㄹ_2ㅂㅏㄴ_A203]ㅌㅣㅁㅇㅝㄴ','dq/aROCGJEZQWibQTwRuvBxG5XPNq98yfyuxWg7SDEs='),(288,'ㅅㅓㅇㅜㄹ_B-6_ㅊㅚㅇㅕㄴㄷㅜ','DQ3MaOtLN96LkH53W8DNpOWmAXNytld2oLe7ARsY8GU='),(289,'ㄱㅘㅇㅈㅜ_3ㅂㅏㄴ_ㅊㅚㅎㅕㄴㅈㅜㄴ','DtxgLZRz596EPbmfBpKZpOWu0K8YXiFYBeTIdqA9L/A='),(290,'ㅇㅣㄱㅓㄴ[ㅅㅓㅇㅜㄹ_2ㅂㅏㄴ_A206]ㅌㅣㅁㅈㅏㅇ','dUMRI3z6my2YRoSq8niMpRYosp9rcr1Av2vHTMpX5fQ='),(291,'ㅂㅏㄱㅈㅗㅇㅊㅓㄹ(ㄷㅏㅁㄷㅏㅇㄱㅛㅅㅜ)','DvdrnNZRG28KYInKBuH/loUQAAXO2TeKCcj5tvSJR0c='),(292,'ㅂㅏㄱㅅㅗㅁㅣ[ㄷㅐㅈㅓㄴ_1ㅂㅏㄴ_B105]ㅌㅣㅁㅇㅝㄴ','DveN6VzrddSgc9xr57nwxKEwr62v/uhu8C0w7YL3rtg='),(293,'ㅇㅠㄴㅎㅖㅇㅝㄴ[ㅅㅓㅇㅜㄹ_3ㅂㅏㄴ_A304]ㅌㅣㅁㅇㅝㄴ','Dx/GgMW6IlVCLEZpg6B8P4f0gram56FRxkzo08gqfLs='),(294,'ㅇㅗㅁㅣㄴㅅㅜ','DysCX37IxeVGIaYKdE3Ybm0S2Stf94Jibpf8mO8WG1Q='),(295,'ㅁㅜㄴㅅㅓㅇㅎㅘㄴ[ㅅㅓㅇㅜㄹ_5ㅂㅏㄴ]','Dz5PaMA4NjbzNQ8iE4db+NT7fBmqY3vOaGZUK4DadXA='),(296,'ㅂㅏㄱㄱㅕㅇㅁㅣㄴ ㅋㅓㄴㅅㅓㄹㅌㅓㄴㅌㅡ','DzfeXL88Yh98ZaofHjO5nFiE6vj3T/lBcCxSonBNE3w='),(297,'ㄱㅘㅇㅈㅜ_1ㅂㅏㄴ_ㅅㅓㅈㅐㅍㅣㄹ','E4i++PTZ7rlNyHjpVGBf/Ty9AAYCcQPTdt2nqKghl/g='),(298,'ㅂㅐㄱㅈㅣㅇㅕㅇ[ㄱㅘㅇㅈㅜ_1ㅂㅏㄴ_C106]ㅌㅣㅁㅇㅝㄴ','e6/is+zCHLfD1TX/iL1iCI/p24gIJUvWpGMjOWwuSZE='),(299,'ㅈㅏㅇㅇㅕㅇㄴㅏㅁ[ㅂㅜㅇㅜㄹㄱㅕㅇ_1ㅂㅏㄴ_E101]ㅌㅣㅁㅈㅏㅇ','E8xAw9NEyE9jvjtru8naFCDvGlAJJsM+1Ol4moEi4zA='),(300,'ㅁㅜㄴㅊㅏㄴㅅㅗㅇ[ㄱㅘㅇㅈㅜ_2ㅂㅏㄴ_C206]ㅌㅣㅁㅇㅝㄴ','e8xY03xxQs+EPC8xTTAj+Tq8wrvZHxMCEJTRByK1Z+4='),(301,'ㅇㅠㄴㅊㅏㄴㅎㅗ[ㅂㅜㅇㅜㄹㄱㅕㅇ_2ㅂㅏㄴ_E204]ㅌㅣㅁㅈㅏㅇ','E9KuQxEMRLYGc/pcUSL333zLp4z4HL4jPg5tx8yOXcw='),(302,'ㅇㅣㅈㅣㅅㅜㄴ[ㄷㅐㅈㅓㄴ_2ㅂㅏㄴ_B203]ㅌㅣㅁㅇㅝㄴ','EAFiauutcYbmqpbmFQsbhBpLeGkT8B2y/zxUziKnVYA='),(303,'ㅇㅣㅈㅓㅇㅎㅘㄴ[ㅅㅓㅇㅜㄹ_4ㅂㅏㄴ_A403]ㅌㅣㅁㅇㅝㄴ','EAnxf7B/JrxMhe66N94cbJjcOOFCAOWIZdAvbEYQtmA='),(304,'ㄱㅣㅁㅎㅕㄴㅁㅣㄴ[ㅂㅜㅇㅜㄹㄱㅕㅇ_2ㅂㅏㄴ_E205] ㅌㅣㅁㅇㅝㄴ','eAquDnIf6IgOjffGSgKn7T9O2JPh++ClMkljP9teSOc='),(305,'ㄱㅣㅁㅅㅓㄴㅁㅣㄴ[ㅅㅓㅇㅜㄹ_1ㅂㅏㄴ_A101]ㅌㅣㅁㅇㅝㄴ','eawScKwzqxTC7kj6FEKz5GSgD9StAiHL830zwoXKLTs='),(306,'ㅇㅕㄴㅈㅣㄴㅇㅜ[ㅅㅓㅇㅜㄹ_ㄱㅣㅇㅓㅂㅇㅕㄴㄱㅖ_S101]ㅌㅣㅁㅇㅝㄴ','ECaN/rVJ1nRBxNjBpRCQIthbQM2RgCplpYGl0wciiZE='),(307,'ㅈㅗㅇㅡㄴㅈㅣ[ㄱㅘㅇㅈㅜ_1ㅂㅏㄴ_C105]ㅌㅣㅁㅇㅝㄴ','EcW92HQjkpxizI0N/myoeSwHSba8vWc0k+kX53hU8IY='),(308,'ㅅㅓㅇㅜㄹ 13ㅂㅏㄴ ㄱㅣㅁㅊㅏㄴㅎㅗ','edFpG5W4nCL+eWMDxnpNLXz2bT/HtvMzRD4XTMxp4To='),(309,'ㅅㅓㅇㅜㄹ_4ㅂㅏㄴ_ㅈㅓㅇㅈㅣㅇㅜㅇ','EDMl/dihUzl7nrpbNgIVAhfi3HZ3co2nCxT303ao1ds='),(310,'ㅇㅠㅈㅣㄴㅈㅜ[ㄱㅘㅇㅈㅜ_2ㅂㅏㄴ_C207]ㅌㅣㅁㅇㅝㄴ','EEujtueoXh3ObVcS04uSm1rq/vmhRvohWzRzFJQI+xI='),(311,'ㅇㅠㄴㅎㅗㅇㄹㅣㅁ[ㅅㅓㅇㅜㄹ_4ㅂㅏㄴ_A403]ㅌㅣㅁㅇㅝㄴ','eG0kTJGtwnhG2+p1KAJIbfq7T7f5e70Tr10M2SI9Tpk='),(312,'ㄱㅣㅁㄱㅡㄴㅌㅐ[ㄱㅘㅇㅈㅜ_2ㅂㅏㄴ_C203]ㅌㅣㅁㅇㅝㄴ','eg1FzI5YcfgbvPnszIsDOU3mUDGvhZoFZwNKldKS9bg='),(313,'ㅇㅗㅈㅐㅇㅜ[ㅅㅓㅇㅜㄹ_1ㅂㅏㄴ_A103]ㅌㅣㅁㅇㅝㄴ','EGbpADBH8kFPLOeAwYjJkpdJL43WzMD5/ax9cohhXM0='),(314,'ㅇㅗㅈㅣㅎㅜㄴ[ㄱㅘㅇㅈㅜ_1ㅂㅏㄴ_C106]ㅌㅣㅁㅇㅝㄴ','EgCHmTnwwq/94fpXOqEJA00nexU79IMjAgT5iNlgWRk='),(315,'ㅎㅘㅇㅎㅕㄴㅅㅡㅇ(ㄱㅛㅇㅠㄱㅍㅡㄹㅗ)','eh5btO6jurMSL+N+2M4c4eCGWvsOoW0XwvnsOWFwiN4='),(316,'ㅅㅓㅇㅜㄹ_2ㅂㅏㄴ_ㄱㅣㅁㄴㅏㅈㅓㅇ','eHhSD8k4CGJiD5MxhfwVlNFTv0FFzPLet4yrmel8ZFM='),(317,'ㅇㅕㅁㅎㅕㅇㄷㅓㄱ[ㅅㅓㅇㅜㄹ_3ㅂㅏㄴ_A306]ㅌㅣㅁㅈㅏㅇ','EHMMBOtJZ19qRDU+DGQoU6YPrdPKVTvOl0LZL5r9Vl0='),(318,'ㅎㅕㄴㅂㅕㅇㅈㅜ ㄱㅛㅇㅠㄱㅍㅡㄹㅗ [ㅊㅟㅇㅓㅂ]','EJULup+4LpAZfIM3G3LIB+Bm7J43sw2hzKqDjXlQx3w='),(319,'ㅇㅣㅈㅓㅇㅍㅣㄹ[ㄷㅐㅈㅓㄴ_2ㅂㅏㄴ]','ekCfxhoTbiFf9mIFpUufXvdkY7N8TM9XyTuGDF5go7s='),(320,'ㅊㅚㅎㅕㄴㅅㅓㄱ[ㄱㅜㅁㅣ_2ㅂㅏㄴ_D202]ㅌㅣㅁㅇㅝㄴ','EKlh9V+t7P8QCRoQJCpYQ2YIuiq7HYf+L/jndqsc9gE='),(321,'ㅈㅏㅇㅈㅐㅇㅕㅇ[ㅅㅓㅇㅜㄹ_1,2ㅂㅏㄴ]ㄱㅛㅇㅠㄱㅍㅡㄹㅗ','eLzKT7UVEdmrLQwLDiJ4whd/q54fR/+wP+3/dyXTSM8='),(322,'ㄱㅣㅁㅎㅛㄱㅠㄴ[ㅅㅓㅇㅜㄹ_2ㅂㅏㄴ]','emj0OZWaK4JYrtMCeliiotJHBzIKtbf1HbIv/YIFKnI='),(323,'ㄱㅣㅁㄷㅗㅇㅕㄴ[ㄱㅜㅁㅣ_2ㅂㅏㄴ_D206]ㅌㅣㅁㅇㅝㄴ','Emk2/igHSkKhnNNsMpL+5hjT3onHahOcP/cASB10qcU='),(324,'ㄱㅣㅁㅎㅢㅅㅓㅂ[ㄱㅘㅇㅈㅜ_1ㅂㅏㄴ_C103]ㅌㅣㅁㅈㅏㅇ','emY1sJQBhHMtJCiyMx08jKnMIO/zEkZLsmc2v3/EvZo='),(325,'ㅊㅓㄴㅁㅣㄴㅇㅜ[ㅅㅓㅇㅜㄹ_4ㅂㅏㄴ_A405]ㅌㅣㅁㅈㅏㅇ','enbK+JfeUJbxx3ujU0zJ9371PMrXx/oeOV64QGs3aaE='),(326,'ㅇㅣㅎㅗㅎㅕㅇ[ㅅㅓㅇㅜㄹ_3ㅂㅏㄴ_A305]ㅌㅣㅁㅈㅏㅇ','eO2yAtIo3CziAGly0PdG72S4YwgCILa2fA9hGgiZIzw='),(327,'ㅊㅚㅇㅣㄴㄱㅜㄱ(ㄷㅏㅁㄷㅏㅇㄱㅛㅅㅜ)','eoauSQtYc2GCZXRUcY+8GvtFZtIrL5X37gmZS98V5xg='),(328,'ㅈㅓㅇㅇㅡㄴㅇㅣ[ㄷㅐㅈㅓㄴ_2ㅂㅏㄴ_B206]ㅌㅣㅁㅇㅝㄴ','ePTISK6tzsi9+kzphBBVk/7L0ua1fiUWCNP8jRrcuNg='),(329,'ㅇㅑㅇㅈㅜㄴㅇㅕㅇ[ㄱㅘㅇㅈㅜ_2ㅂㅏㄴ]ㅅㅣㄹㅅㅡㅂㅋㅗㅊㅣ','evGlbwgSBC0/3uL6uh0wzqRyArbD7CbkZPkabyzoboM='),(330,'ㄴㅗㅌㅐㅎㅕㄴ[ㅅㅓㅇㅜㄹ_3ㅂㅏㄴ_A307]ㅌㅣㅁㅇㅝㄴ','Ewyl81PAU6Zo/bkuGP22Yr8AopMkMRbJNpfAM1npwOs='),(331,'ㅂㅜㅇㅜㄹㄱㅕㅇ_3ㅂㅏㄴ_ㄱㅏㅇㅅㅜㅂㅣㄴ','eZUDra5L8li2X6iQkwml98/rg8jY6Si3otgy8xlALuw='),(332,'ㄷㅐㅈㅓㄴ_1ㅂㅏㄴ_ㄱㅡㅁㄱㅕㅇㅎㅏㄴ','F/eJGJwVImNOXDHMVtS0H7heGzlIRm1i0C4A65hr1Dg='),(333,'ㅈㅓㄴㅇㅕㅇㅅㅓㄴ','f0cBmNcuqfA8x1u5wEq6XDXn1SJDlrP5osmx3rsiCLM='),(334,'ㄱㅣㅁㅎㅕㄴㄱㅠ[ㅅㅓㅇㅜㄹ_2ㅂㅏㄴ_A207]ㅌㅣㅁㅇㅝㄴ','F0lE9yLqBsmf4sVn8wLHN9c8c7wLxOA2G42pjUaM2fw='),(335,'ㅈㅓㅇㅈㅣㅇㅜㄱ[ㄷㅐㅈㅓㄴ_2ㅂㅏㄴ_B202]ㅌㅣㅁㅇㅝㄴ','F1EeZ4nHgAZG8nVjM8d2lUf/pXignEmKhPFgIMdcp2o='),(336,'ㅇㅠㅎㅖㅅㅡㅇ[ㅅㅓㅇㅜㄹ_4ㅂㅏㄴ_A405]ㅌㅣㅁㅇㅝㄴ','F33t3o7H+mAxbNu5J4EsYRYHmV6st3p4MFygJH1wJco='),(337,'ㄱㅣㅁㅎㅏㄴㄱㅣㄹ[ㅅㅓㅇㅜㄹ_1ㅂㅏㄴ_A102]ㅌㅣㅁㅇㅝㄴ','f63h9KsrZDn9ALJ20kkIvfWqB8gvxPpu1NpjCoQnzjs='),(338,'ㄱㅗㅈㅐㅎㅕㄴ[ㄱㅘㅇㅈㅜ_2ㅂㅏㄴ_C203]ㅌㅣㅁㅇㅝㄴ','F6Roe7HJ6LfDME48aaS4QF9+V10z6CTC6WQcglE2uII='),(339,'ㅇㅏㄴㅎㅕㄴㅎㅗ[ㄷㅐㅈㅓㄴ_2ㅂㅏㄴ_B206]ㅌㅣㅁㅈㅏㅇ','f7bTyfiCIDw/0+VaWl21Q5/VysXHfZTUfIfAogri+tM='),(340,'ㅈㅏㅇㅅㅗㅁㅕㅇ[ㄱㅘㅇㅈㅜ_1ㅂㅏㄴ_C107]ㅌㅣㅁㅇㅝㄴ','FA0Rt7y2ofTcMmWhxOWij+To1msLEZByYWvbX3Z2nfc='),(341,'ㄱㅣㅁㅁㅣㄴㅅㅓㅇ[ㄱㅜㅁㅣ_2ㅂㅏㄴ_D204]ㅌㅣㅁㅇㅝㄴ','fBjNflPmz+Z/94yvx7+ScArqpwRyt2U0mcmZ2raUd4I='),(342,'ㅆㅏㅍㅣㄹㅔㅇㅣㅅㅡㅇㅜㄴㅇㅕㅇ2','fbvIhROYCWkDrc2sxK44zP2oveg/oih3U5VCSoRv09o='),(343,'ㅅㅓㅇㅜㄹ_6ㅂㅏㄴ_ㄱㅣㅁㅎㅕㄴㅈㅜㄴ','fbZMXly3840cegfuHF35QmT34yk5iuhIQkXu8Yw86kc='),(344,'ㅁㅜㄴㄱㅕㅇㅊㅏㄴ','Fd9lGTn+x4BeuN4eb6V3qgWppy+qBQ/M7NHdEDkEwKM='),(345,'ㅇㅗㅈㅐㅁㅜㄴ[ㄷㅐㅈㅓㄴ_2ㅂㅏㄴ_B205]ㅌㅣㅁㅇㅝㄴ','FdDHB7hO5vM48HM0LvdtrXqpg4QAjAIx/ZJ73biQo6E='),(346,'ㄱㅝㄴㄷㅗㅎㅕㄱ[ㅅㅓㅇㅜㄹ_4ㅂㅏㄴ_A404]ㅌㅣㅁㅇㅝㄴ','fFej2eSzW4EeA5RTKN383AAwDIxuswIugA3+l41MCYo='),(347,'ㅇㅣㅇㅠㄴㅇㅜ[ㄱㅘㅇㅈㅜ_1ㅂㅏㄴ_C102]ㅌㅣㅁㅇㅝㄴ','fFIuoTjx7QjOx0Ku6jtQejcED3708SeX3/mhGhpB8aQ='),(348,'ㅎㅏㄴㅇㅝㄴㅈㅗㅇ(ㄱㅛㅇㅠㄱㅍㅡㄹㅗ)','ffyIT7BSZWmGE1icpofeB61Zt9eO5cBEIeQrPhovcPI='),(349,'ㄱㅣㅁㅇㅡㄴㅅㅗㅇ[ㅅㅓㅇㅜㄹ_3ㅂㅏㄴ_A304]ㅌㅣㅁㅈㅏㅇ','fgPJyfdB6RLufylYgQLSpfxC4+ylJZuFYMSHsDEvMiw='),(350,'ㅇㅗㅎㅕㄴㅂㅓㅁ(ㄱㅛㅇㅠㄱㅍㅡㄹㅗ)','fgSDyHCysRk4eEvJvTRaNnoxs6DrK3iPUUwaHoKF6hQ='),(351,'ㄱㅘㅇㅈㅜ_4ㅂㅏㄴ_ㄱㅣㅁㅅㅏㅇㅎㅜㄴ','Fizhps25rM8xpOmzT+pYlt3W9iMfMW1m6BMdmgv3I6M='),(352,'ㄱㅣㅁㅎㅖㄹㅣ[ㄱㅜㅁㅣ_2ㅂㅏㄴ_D201]ㅌㅣㅁㅇㅝㄴ','fJmNKaPnNO7pRVt1/V9znORM2JWcGP/f+ZGBtM3zew8='),(353,'ㅂㅜㅇㅜㄹㄱㅕㅇ_4ㅂㅏㄴ_ㅇㅣㄷㅗㅇㄱㅘㅇ','FJO6om6LPrsW9rTiTVGEP9CAH1UJpFyqZKTY/edvjs0='),(354,'ㅇㅣㅌㅐㅎㅢ(ㄷㅏㅁㄷㅏㅇㄱㅛㅅㅜ)','fLfzwle+YVqj6B2vwqkKUR7fG34mx+GBGAdzCeEMbZY='),(355,'ㅇㅣㄱㅕㅇㅎㅓㄴ[ㅂㅜㅇㅜㄹㄱㅕㅇ_2ㅂㅏㄴ]','Fm2ieE5e3/HOlf729xCkBN3LOTX0OMsjTW1LouyrSC0='),(356,'ㅇㅠㄴㅎㅢㅇㅕㅇ[ㅅㅓㅇㅜㄹ_4ㅂㅏㄴ_A404]ㅌㅣㅁㅈㅏㅇ','FnbCBDXxPI7rBKdMgw6e0ZpOmHb4Sn/oJtW8FdlvXZA='),(357,'ㅅㅗㅇㅈㅣㅎㅗ[ㅅㅓㅇㅜㄹ_ㄱㅣㅇㅓㅂㅇㅕㄴㄱㅖ_S102]ㅌㅣㅁㅇㅝㄴ','FNM6EyDVBqriNRHoYJr6OfuO43I5E/JINxdR6caYCNI='),(358,'ㅊㅐㅅㅓㅇㅇㅝㄴ[ㄱㅘㅇㅈㅜ_2ㅂㅏㄴ_C205]ㅌㅣㅁㅇㅝㄴ','FnoqXcp9/q5acRV0nJQvXNfTD/HxmhiHc7tmrIf/oUw='),(359,'ㅂㅏㄱㅅㅓㅇㅎㅗ[ㅅㅓㅇㅜㄹ_3ㅂㅏㄴ]ㅌㅣㅁㅇㅝㄴ','fos2rvxBNNy6jHiev0i5A4tQnAScB2NKG6dSGbTozq8='),(360,'ㄱㅣㅁㄷㅗㅎㅕㅇ','Fp9zd4Hk0NWYXYauMUZCHKZTV3CGnqNTK4qBjySTz8k='),(361,'ㅎㅘㅇㅅㅏㅇㅍㅣㄹ ㄱㅛㅇㅠㄱㅍㅡㄹㅗ','fRI7SsTJBDg5Jiie98s3cCOXy8hG4LZW7UWEU+ztWV4='),(362,'ㄱㅣㅁㅎㅕㅇㅈㅜㄴ[ㅅㅓㅇㅜㄹ_ㄱㅣㅇㅓㅂㅇㅕㄴㄱㅖ_S101]ㅌㅣㅁㅈㅏㅇ','FRmmUP1PM5f+xSG3wwfbdARXJNAq9JcMRwuc9gtTkCw='),(363,'ㅂㅏㄴㅎㅕㅇㄷㅗㅇ[ㅂㅜㅇㅜㄹㄱㅕㅇ_2ㅂㅏㄴ_E202]ㅌㅣㅁㅇㅝㄴ','ftD3RbW8qRZbEW0EzdBpqnXLYuiop+j+GzoGoetqGSw='),(364,'ㅈㅗㅅㅓㅇㅎㅕㄴ[ㅂㅜㅇㅜㄹㄱㅕㅇ_2ㅂㅏㄴ_E204]ㅌㅣㅁㅇㅝㄴ','FTUr8oTXuZfL+pHcQRhy2xzBJfXLvjT/Ip1xtkYKq70='),(365,'ㅇㅠㅁㅣㄴㅅㅏㅇ[ㅅㅓㅇㅜㄹ_1ㅂㅏㄴ_A104]ㅌㅣㅁㅇㅝㄴ','fXJKM1Fku9z5yelYllhOxUZF8iieoCGAsrzFK8+vbrc='),(366,'ㅇㅑㅇㅇㅜㅎㅕㄴ[ㅅㅓㅇㅜㄹ_20,21ㅂㅏㄴ]ㄱㅛㅇㅠㄱㅍㅡㄹㅗ','fzWWNNovuq8OZY9ke+Q8KaXIlp6kXg0wi3uN4dr+w/c='),(367,'ㅅㅓㅈㅐㄱㅕㅇ[ㄱㅘㅇㅈㅜ_4,5,6ㅂㅏㄴ]ㄱㅛㅇㅠㄱㅍㅡㄹㅗ','g06piOGbKQEzzqKferHrnPXM6IYj1mHBq0Y+lPuwI3k='),(368,'ㅊㅚㅎㅕㅇㅇㅗ[ㄱㅜㅁㅣ_2ㅂㅏㄴ_D207]ㅌㅣㅁㅇㅝㄴ','G4OKEcWilj91muJ0LWt/OUwGU2PqBXim44t1UToYJnQ='),(369,'ㅂㅏㄱㄷㅐㅇㅓㄴ[ㅂㅜㅇㅜㄹㄱㅕㅇ_1ㅂㅏㄴ_E102] ㅌㅣㅁㅈㅏㅇ','GavIQr50lX468tWUukK7n70FfYD4liZxr6QsR75Atvk='),(370,'ㅂㅐㄱㅅㅡㅇㅇㅠㄴ[ㅅㅓㅇㅜㄹ_1ㅂㅏㄴ_A103]ㅌㅣㅁㅇㅝㄴ','gbQ83YiYiCBDKA9TNBlMuKIJGb5H9y+6QvQsSNMoByA='),(371,'ㅈㅓㅇㅇㅜㅇㅕㅇ[ㅂㅜㅇㅜㄹㄱㅕㅇ]ㅅㅣㄹㅅㅡㅂㅋㅗㅊㅣ','GFlqvIF65iIcNry7l+xuIEf0NxrCpNl2WOsP6mhXpks='),(372,'ㅂㅏㄱㅅㅓㅇㅇㅣㄹ[ㅅㅓㅇㅜㄹ_2ㅂㅏㄴ]','GIZCxhGwTto5Qjkf/tHC68oB94LY+ula/AwqhbJqv7o='),(373,'ㅅㅣㄴㄷㅗㅇㅎㅗ[ㄷㅐㅈㅓㄴ_ㅇㅗㅍㅡㄴㅅㅗㅅㅡ_S204]ㅌㅣㅁㅇㅝㄴ','gK98Fy24CCe+a5KkQx5yfn3RqWtRWixifDIoUTnHk0Q='),(374,'ㅅㅓㅇㅜㄹ_5ㅂㅏㄴ_ㅇㅣㅈㅣㄴㅅㅜ','GkyOLU1vz8qqgr57fTwKcsHATc3gx8dp77OCAaBM4xk='),(375,'ㅅㅓㅇㅜㄹ_12ㅂㅏㄴ_ㅇㅣㅎㅛㅈㅣㄴ','gljeg+4WggPbw8BzIzn4EwdXJJ6DLkKZWnvSFew5org='),(376,'ㅇㅗㅇㅠㄴㅌㅐㄱ[ㅅㅓㅇㅜㄹ_2ㅂㅏㄴ_A201]ㅌㅣㅁㅇㅝㄴ','GmQFBih5v0VP35iFmf9jzqeuidl+JvoWz3c+er1px+I='),(377,'ㄱㅣㅁㅌㅐㄱㅠㄴ[ㅅㅓㅇㅜㄹ_2ㅂㅏㄴ_A207]ㅌㅣㅁㅇㅝㄴ','gNL4370+CRTEium5lyYa7Rb7jiJD+uoOyM0s92WQBAE='),(378,'ㅇㅣㅈㅔㅎㅜㄴ[ㄷㅐㅈㅓㄴ_1ㅂㅏㄴ_B103]ㅌㅣㅁㅇㅝㄴ','gNQEvDtRn2oySPM2kD1Pwkl6xdcS5euQ4WuW2lFVvDQ='),(379,'ㅈㅓㅇㅊㅐㅇㅡㄴ[ㄷㅐㅈㅓㄴ_1ㅂㅏㄴ_B104]ㅌㅣㅁㅇㅝㄴ','goK5TrNvd6/jeMGoPbZfkyair+HiLUgwoyKIfJRPax0='),(380,'ㄱㅣㅁㅅㅜㅁㅣㄴ[ㅅㅓㅇㅜㄹ_ 3ㅂㅏㄴ_ A306]ㅌㅣㅁㅇㅝㄴ','gOzzi9lHZf7g+P6WfTNl0c9qBcIrhRsrbUb+PL7WhPI='),(381,'ㄷㅐㅈㅓㄴ 1ㅂㅏㄴ ㅇㅣㄱㅡㅁㅅㅓㅇ','gPI24ZcmpYnlbaslfadRYzmWKykdam2Yig15BEjtdBU='),(382,'ㅈㅓㅇㅈㅐㅎㅗ[ㅂㅜㅇㅜㄹㄱㅕㅇ_2ㅂㅏㄴ_E205] ㅌㅣㅁㅇㅝㄴ','gpxaQrxthSHcgarbN98E2eOoyF5MdQBiIRvrmsw7Xio='),(383,'ㅇㅝㄴㅇㅠㅈㅣㄴ[ㄷㅐㅈㅓㄴ_1ㅂㅏㄴ_B105]ㅌㅣㅁㅇㅝㄴ','Gs/OqXFwpiCSJrzxlbJfvKsDF4dg39wkeoGdgFI9V34='),(384,'ㅅㅓㅇㅜㄹ_2ㅂㅏㄴ_ㅇㅠㄷㅗㅇㅇㅘㄴ','GTrAfCv0EglpsbutPWaj8R821Hxa/3Eik28bZ7GyOQQ='),(385,'ㅇㅕㄴㅅㅡㅇㅇㅡㄴ[ㅅㅓㅇㅜㄹ_3ㅂㅏㄴ_A301]ㅌㅣㅁㅇㅝㄴ','gtSnQQHkTIzOodO2bVNb4AliMrGbsp4nPb23b8/Eoa4='),(386,'ㄱㅣㅁㅈㅣㅇㅓㄴ[ㄷㅐㅈㅓㄴ_2ㅂㅏㄴ_B209]ㅌㅣㅁㅇㅝㄴ','GvPvd3KpAlZpeVhwThWkWVWgMHa6iZk2+DoBI/Jxlg4='),(387,'ㅅㅗㄴㅇㅕㅇㅂㅐ[ㅅㅓㅇㅜㄹ_1ㅂㅏㄴ_A101]ㅌㅣㅁㅇㅝㄴ','GXFo68DOQmod2MC6QhsoYmvOhp4MsQfpqDyQKCD550U='),(388,'ㅇㅣㅎㅕㄴㅇㅜ[ㅅㅓㅇㅜㄹ_3ㅂㅏㄴ_A308]ㅌㅣㅁㅇㅝㄴ','Gy1i5MHDPJ8JkLZswbsGgWi7qsOoZyRoUUdSPHzxvSs='),(389,'ㄱㅣㅁㄷㅗㅎㅕㄴ[ㄱㅘㅇㅈㅜ_ㅇㅗㅍㅡㄴㅅㅗㅅㅡㅂㅏㄴ_S206]ㅌㅣㅁㅇㅝㄴ','GZgUjSwqo/KgQiFnTNyaaSGiLXbRcpB5QWOZ3Fn7IQY='),(390,'ㄹㅠㅎㅕㄴㅈㅣㄴ[ㄱㅘㅇㅈㅜ_1ㅂㅏㄴ]','H2mLiQvW0M6d36L/O85nn5jVkkRyKG7aD8hoGZXPvF8='),(391,'ㄱㅣㅁㅌㅐㅇㅕㄴ[ㄱㅜㅁㅣ_1,2,3ㅂㅏㄴ]ㄱㅛㅇㅠㄱㅍㅡㄹㅗ','h8iSS5AbWYwEi6QzJjNdvCGH16SsiSbg79h0jIcbIQU='),(392,'ㅅㅗㄴㄷㅗㅇㅇㅜ[ㅅㅓㅇㅜㄹ]ㅅㅣㄹㅅㅡㅂㅋㅗㅊㅣ','hbeiQLU5PipNHHn2ZT/J8aQfARx52JUpMvMgS1XmxNs='),(393,'ㅅㅓㅇㅜㄹ_6ㅂㅏㄴ_ㅇㅠㄱㅕㅇㅇㅝㄴ','Hcs4jlmnN6Z2tlvLmjypJIGmR3mld4eLrloe3DEx0ks='),(394,'ㅊㅚㄱㅏㅇㅎㅕㄴ[ㄱㅘㅇㅈㅜ_1ㅂㅏㄴ_C104]ㅌㅣㅁㅇㅝㄴ','hDIZF3paN1HjNuuivtZ9W2bzsYqPa6o8WJQLBEyr2uo='),(395,'ㅎㅏㄴㄱㅣㅊㅓㄹ(ㄷㅏㅁㄷㅏㅇㄱㅛㅅㅜ)','hg1z7q/s6RcMpAsPGzv9aN66FWL6CZ0VUqDmdsY9OrA='),(396,'ㅎㅗㅇㅅㅓㅇㅇㅝㄴ[ㄱㅘㅇㅈㅜ_2ㅂㅏㄴ]','HINQZIG/xXzB2Fy432gB0AA4H4KP1DcPgGBzovoM29w='),(397,'ㄱㅣㅁㅂㅕㅇㅇㅘㄴ[ㄱㅘㅇㅈㅜ_2ㅂㅏㄴ_C202]ㅌㅣㅁㅈㅏㅇ','HJjD9WEKTT2PotsD6CnEObTxsTgcgmx5LKMmn9u43yk='),(398,'ㅇㅣㅈㅣㄴㅅㅓㄱ[ㄷㅐㅈㅓㄴ_1ㅂㅏㄴ_B103]ㅌㅣㅁㅇㅝㄴ','hjxyzS+3ThmuKRj6R/4olTN6mzrUu7pgr83pk0ILDxU='),(399,'ㅈㅏㅇㅎㅕㄴㅈㅣㄴ[ㅂㅜㅇㅜㄹㄱㅕㅇ_1ㅂㅏㄴ_E102] ㅌㅣㅁㅇㅝㄴ','hkyk9VV5ds/dgvitng9iR51SE84eLm/7hK/VfKnEi1Y='),(400,'ㅂㅏㄱㅎㅖㅈㅜㄴ[ㄷㅐㅈㅓㄴ_1ㅂㅏㄴ_B101]ㅌㅣㅁㅇㅝㄴ','hLFg53XSFrSM5oS8A1/u0UcvvbeUpQNPAJz7g21yn34='),(401,'ㄱㅏㅇㅅㅗㅎㅕㄴ[ㅂㅜㅇㅜㄹㄱㅕㅇ_2ㅂㅏㄴ_E201] ㅌㅣㅁㅇㅝㄴ','hNUEK+e3Stk7x9U3NNMCngFgPA6g5HWDQ+EGwiZoCfs='),(402,'ㅂㅜㅇㅜㄹㄱㅕㅇ_4ㅂㅏㄴ_ㅂㅏㄱㅁㅣㄴㅎㅡㅁ','HnVBpijjEWxOINvbe04l0jxeczs0JRnzs6Jqy8+Td5s='),(403,'ㅇㅣㅈㅐㄱㅕㅇ[ㅅㅓㅇㅜㄹ_2ㅂㅏㄴ_A207]ㅌㅣㅁㅈㅏㅇ','HO53aHnhvjHwoaISz0zcZlPE5LgfsyUaUxtwtc2gRUE='),(404,'ㅇㅏㄴㅈㅣㄴㅎㅡㅇ[ㄱㅜㅁㅣ]ㅅㅣㄹㅅㅡㅂㅋㅗㅊㅣ','hOJ8ReD8c8nxeLqS+BdAI34SZ/kl30TsO8ZWPH/EqnQ='),(405,'ㄱㅣㅁㅇㅜㅊㅏㄴ[ㅅㅓㅇㅜㄹ_5ㅂㅏㄴ_A507]ㅌㅣㅁㅇㅝㄴ','HoqlqXIakatvBjt/kDZutJrdI+nzJLci8KBm2oRXlGY='),(406,'ㅅㅣㄴㅎㅕㅇㅅㅣㄱ[ㄷㅐㅈㅓㄴ_2ㅂㅏㄴ]ㅅㅣㄹㅅㅡㅂㅋㅗㅊㅣ','hqNUxt0etCyySFSATDyCqek/GDaMS9YMNqkDkgvcZYE='),(407,'ㅇㅣㄷㅏㅇㅖ[ㄱㅘㅇㅈㅜ_1ㅂㅏㄴ_C106]ㅌㅣㅁㅇㅝㄴ','hQyqCK+cOlN9rDkpaKR05QOwTByhsuR/GU8NcnM9sA8='),(408,'ㅅㅓㅇㅜㄹ_14ㅂㅏㄴ_ㅈㅏㅇㅈㅣㄴㅇㅕㅇ','HR9+5U+2ZGVBP8uu8KNUwi9vtdAwOpkKdXmkpyOfhhs='),(409,'ㅂㅜㅇㅜㄹㄱㅕㅇ_2ㅂㅏㄴ_ㅈㅗㅁㅕㅇㄱㅡㄴ','hrHlrSlxgnRwCJX3E0RaWbeZjH8RBMk0yKd1qgPmSAU='),(410,'ㄱㅝㄴㅇㅕㄴㅈㅜ[ㄱㅜㅁㅣ_1ㅂㅏㄴ_D105]ㅌㅣㅁㅇㅝㄴ','hUEN2n811zv3Z20HU+3Ychzqtjhl80y/nbf+HOjWbfM='),(411,'ㄱㅏㅇㅅㅡㅇㅅㅜ[ㄱㅘㅇㅈㅜ_2ㅂㅏㄴ_C207]ㅌㅣㅁㅇㅝㄴ','HUVWMav75QI5/ZsgxqW08ERevDdA6pZXXAOdcUDbUac='),(412,'ㅇㅣㅁㅈㅐㅈㅣㄴ[ㄷㅐㅈㅓㄴ_1ㅂㅏㄴ]','HVjldATC7uU5vP/cuNhLoGLxxbl2+bQCsT74+Xyksc0='),(413,'ㅇㅣㅈㅓㅇㅎㅜㄴ[ㅅㅓㅇㅜㄹ_ㅇㅗㅍㅡㄴㅅㅗㅅㅡ_S201]ㅌㅣㅁㅈㅏㅇ','hvPYbT5DJyuQgetReN9HQVlIn3cNU7714L3J3uvalNQ='),(414,'ㅅㅓㅇㅜㄹ_3ㅂㅏㄴ_ㄱㅣㅁㅈㅣㅎㅗ','hW5uHFts06VTNLObPncPql5aMAMfVmAlm4GSoZ+A4mc='),(415,'ㄱㅝㄴㄷㅗㅎㅕㅇ[ㄱㅜㅁㅣ_ㄱㅣㅇㅓㅂㅇㅕㄴㄱㅖ_S106]ㅌㅣㅁㅇㅝㄴ','hWUmF15LUrzCPLDH6SQ3wz0FL6aoDcLeaicQZ42JEGw='),(416,'ㄷㅐㅈㅓㄴ_1ㅂㅏㄴ_ㅇㅠㄴㄱㅓㄴㅎㅗ','HYaak0bi+ot2juP4PgNjmZWH9jo4XvUkuRI8XkOnnaQ='),(417,'ㅎㅓㄱㅓㄴㅇㅕㅇ[ㅅㅓㅇㅜㄹ_4ㅂㅏㄴ_A403]ㅌㅣㅁㅇㅝㄴ','hYcMQ9GIAfYyYMzSfemSdLfbijfr8fdrbLJuYhOM514='),(418,'ㅂㅐㅁㅜㄴㄱㅠ[ㅅㅓㅇㅜㄹ_4ㅂㅏㄴ]','hYGMNbc+oNwN0GuOIA0b9QYAJ7mB/RjHvLllPiKiO2k='),(419,'ㅅㅓㅁㅣㄴㄱㅣ[ㅅㅓㅇㅜㄹ_1ㅂㅏㄴ_A107]ㅌㅣㅁㅇㅝㄴ','hz+m9kupWimFfmFHC2UWpr47thlnHetAYRhrJ3F4Pss='),(420,'ㄱㅏㅇㅇㅛㅇㅅㅜ[ㅅㅓㅇㅜㄹ]ㅅㅣㄹㅅㅡㅂㅋㅗㅊㅣ','hZHz1vihXCg3nbEB7WJ6MurJGLJZCSBsZjtfidcjaNg='),(421,'ㅇㅠㄴㅊㅏㅇㅁㅗㄱ[ㅅㅓㅇㅜㄹ_3ㅂㅏㄴ_A307]ㅌㅣㅁㅇㅝㄴ','hZvPS9H6GzKQs1nsx/hz2xZeb3ad5M7stgGf+jzTOdg='),(422,'ㅈㅓㅇㄷㅗㅇㄱㅠㄴ[ㄱㅘㅇㅈㅜ_1ㅂㅏㄴ_C104]ㅌㅣㅁㅇㅝㄴ','I+if2+xAkX+z+OSbEjOk8ywiJFxLGmT90HYO7XmtnRk='),(423,'ㅅㅓㅇㅜㄹ_15ㅂㅏㄴ_ㅇㅠㄴㅈㅣㅇㅡㄴ','I/mMYCPw/gEiiGtyjwtlk0tciiHPyU72qsAYPacgSwg='),(424,'2-4. ㅁㅣㄴㅈㅐㅎㅗㅇ','I0TUwe+zoyN9fb3eCoeUru/e7YgcbXFhyzmMd7qIKKA='),(425,'ㄹㅠㄱㅣㅌㅏㄱ[ㅂㅜㅇㅜㄹㄱㅕㅇ_ㅇㅗㅍㅡㄴㅅㅗㅅㅡ_S207]ㅌㅣㅁㅇㅝㄴ','I17Tk7oKE4KLF2BHWZaBEBuwCHDfScenREA/BksvcWo='),(426,'ㅊㅚㅅㅗㅇㅝㄴ[ㅅㅓㅇㅜㄹ_2ㅂㅏㄴ_A201]ㅌㅣㅁㅇㅝㄴ','I3luICoXNWz9acNxGfgtH0bR5mrk/QZ/ruJBAtKeDXk='),(427,'ㅈㅜㅇㅕㅇㅎㅗ[ㅅㅓㅇㅜㄹ_5ㅂㅏㄴ_A504]ㅌㅣㅁㅇㅝㄴ','i7M1ff3gI/35YK1y+DGI7cQ9BYbJpAfN/ScPlXpaHpA='),(428,'ㅂㅜㅇㅜㄹㄱㅕㅇ_A_2ㅂㅏㄴ_ㅈㅗㅅㅡㅇㅎㅢ','i9xcgpTbEqKTzGVTWCx9mJCUf4MGOoAFp+scCzVkQdc='),(429,'ㅇㅏㄴㅈㅣㅇㅐ[ㅅㅓㅇㅜㄹ_1ㅂㅏㄴ_A107]ㅌㅣㅁㅇㅝㄴ','ia8SnFpQP3MIA/98qJVcw/ZipaTkjBw3Bk/nfuV4i0A='),(430,'ㅅㅣㅅㅡㅇㅇㅜ[ㅂㅜㅇㅜㄹㄱㅕㅇ_2ㅂㅏㄴ_E205] ㅌㅣㅁㅇㅝㄴ','IbiYcnKj58XkiWeDbn/NbwFE8G7qg6Mc1htEN75bpNg='),(431,'ㅇㅣㅎㅗㅇㅈㅜㄴ[ㄱㅜㅁㅣ_2ㅂㅏㄴ_D204]ㅌㅣㅁㅇㅝㄴ','IbOp7b8aDTZVM5PxfTgdZFwxH/o78tLfJVrTiZkKHcM='),(432,'ㅇㅜㅇㅠㄴㅅㅓㄱ[ㅅㅓㅇㅜㄹ_4ㅂㅏㄴ A401]ㅌㅣㅁㅈㅏㅇ','Id8D023VWTnN3agVeyetgzOj+SoR29lPtYkw5dIw8r0='),(433,'ㅎㅘㅇㅅㅓㄴㅈㅜ[ㄱㅘㅇㅈㅜ_ㄱㅣㅇㅓㅂㅇㅕㄴㄱㅖ_S104]ㅌㅣㅁㅇㅝㄴ','ifrG28YsiDS6TdSmVveFG4zUDalIIS62Zf90fLTrAAU='),(434,'ㅇㅣㅅㅗㅎㅕㄴ[ㄷㅐㅈㅓㄴ_ㅇㅗㅍㅡㄴㅅㅗㅅㅡ_S202]ㅌㅣㅁㅇㅝㄴ','iJJn1T3HhKkAxrQEBDOCof87pz3xMlrX3/tXzmG8inA='),(435,'ㅈㅏㅇㅅㅓㅇㅎㅗ[ㅂㅜㅇㅜㄹㄱㅕㅇ_1ㅂㅏㄴ]','Ijql47nHxGNt9KMPGKHqdDtfZm8tPivQChoqIXSk5T0='),(436,'ㅇㅣㅇㅣㄴㅅㅓㅂ[ㄱㅜㅁㅣ_2ㅂㅏㄴ_D207]ㅌㅣㅁㅇㅝㄴ','Ijr15oSHSdk005SddGW9j1dvLGmuvQDE5Z0aGgcpCiY='),(437,'ㄱㅣㅁㅅㅓㅇㅈㅜㄴ[ㄱㅘㅇㅈㅜ_1ㅂㅏㄴ_C103]ㅌㅣㅁㅇㅝㄴ','iK7vG2wmw00YM4Lf7u8CchhC0uuhGIJ1Ci7SEM8mUzk='),(438,'ㅈㅓㅇㅈㅗㅇㅇㅜ[ㄷㅐㅈㅓㄴ]ㅅㅣㄹㅅㅡㅂㅋㅗㅊㅣ','IKhgYNPiR5fpYHmle9CTy4XdZ4Q8KBlLLWJOSUDwuf4='),(439,'ㄱㅣㅁㅇㅠㄴㅈㅣ[ㅂㅜㅇㅜㄹㄱㅕㅇ_2ㅂㅏㄴ_E203]ㅌㅣㅁㅇㅝㄴ','ILQ0i7gTHiED4VuydEm+D2aXhV6YNhEUPpFY+nFa25k='),(440,'ㄱㅘㅇㅈㅜ_6ㅂㅏㄴ_ㄱㅣㅁㅇㅕㅇㅈㅜ','ImECG8D5Pd/2P+Pt6KjWZO6AvVen4Ccnhunb25owCnU='),(441,'ㅇㅣㅎㅖㅁㅣㄴ[ㅅㅓㅇㅜㄹ_2ㅂㅏㄴ_A205]ㅌㅣㅁㅇㅝㄴ','IN+dnLv1skcoB+o//f0/4EJxqEQCZRK1yZmvhFx+JVY='),(442,'ㅈㅗㅎㅏㅇㅈㅜㄴ[ㅅㅓㅇㅜㄹ_ㄱㅣㅇㅓㅂㅇㅕㄴㄱㅖ_S101]ㅌㅣㅁㅇㅝㄴ','iNbpJRwXjQlqYgk1ou/RNbgdAX9k171h9hS33ZXADDE='),(443,'ㄱㅣㅁㅇㅕㅇㄱㅣ[ㅂㅜㅇㅜㄹㄱㅕㅇ_2ㅂㅏㄴ_E202]ㅌㅣㅁㅇㅝㄴ','iNjQKhVkBnp/zd6E/ArP4tzN0pGOYaeGIEO2tgBQgMo='),(444,'ㄱㅣㅁㅅㅓㅇㅎㅕㄴ[ㄱㅘㅇㅈㅜ_2ㅂㅏㄴ_C204]ㅌㅣㅁㅈㅏㅇ','INv5Rry3gEyEDQCKe5LZwy12r1bihaWTMBWKnv5mEQM='),(445,'ㅎㅗㅇㅈㅗㅇㄱㅠ[ㅅㅓㅇㅜㄹ_2ㅂㅏㄴ_A206]ㅌㅣㅁㅇㅝㄴ','iNwUqgxSq4G9Hfb6E9vltsaS1waYDWgyUsMD+U/ZjUE='),(446,'ㅇㅏㄴㅇㅕㅇㅈㅣㄴ[ㅅㅓㅇㅜㄹ_1ㅂㅏㄴ_A106]ㅌㅣㅁㅈㅏㅇ','IoX33CiOUVAi+O/PcmDtpCrjoSg/+lomgktrddubm5w='),(447,'ㅊㅚㅎㅕㄴㄱㅠ[ㅅㅓㅇㅜㄹ_3ㅂㅏㄴ_A302]','iPQFZ0I/VifFfblk0Mpy58zlBcaCAfTTmAzShc4774I='),(448,'ㄱㅣㅁㅂㅕㅇㅈㅜㄴ[ㄱㅜㅁㅣ_2ㅂㅏㄴ_D209]ㅌㅣㅁㅇㅝㄴ','iq1Mh2f4sKiu32SrO48cE2nbv9ChcdXYGmCxkC/B4jU='),(449,'ㄱㅣㅁㄴㅏㅁㅎㅜㄴ[ㅅㅓㅇㅜㄹ_4ㅂㅏㄴ_A404]ㅌㅣㅁㅇㅝㄴ','irjb1kzGanaNHHi/ynpYKqu14c4HDv/dVo/6dqXTSBM='),(450,'ㅅㅓㅇㅇㅏㅇㅕㅇ[ㅂㅜㅇㅜㄹㄱㅕㅇ_1ㅂㅏㄴ_E106]ㅌㅣㅁㅇㅝㄴ','isvYHMWkHDJUE2s09TfJNHUbb3WmJ5FZSPSFR417cxg='),(451,'ㄱㅣㅁㅈㅣㅅㅡㄹ[ㅂㅜㅇㅜㄹㄱㅕㅇ_2ㅂㅏㄴ_E201] ㅌㅣㅁㅇㅝㄴ','IxaRPd2Yjy8Kf2G/i0HJ/8G4kVQY/kDrSg9Ip3TLQHI='),(452,'ㅅㅓㅇㅜㄹ_15ㅂㅏㄴ_ㄱㅣㅁㅎㅐㅅㅓㄴ','iz/itGbkS4ytvQqgwJ+0yeCyBGB/BJGDyh/jHZBMj8A='),(453,'ㅅㅓㅇㅜㄹ_14ㅂㅏㄴ_ㅇㅣㅈㅣㅇㅏ','IzQaFPj7cRCcZL9qwP/4eWUSaEDp1XTGEatjFjovbBg='),(454,'ㄱㅣㅁㅎㅕㅇㅈㅜㄴ[ㄱㅘㅇㅈㅜ_1ㅂㅏㄴ_C104]ㅌㅣㅁㅇㅝㄴ','IzzmOoB/HjrBwcUoZh7QujzlwL599HKblA6CPvD+n68='),(455,'ㅇㅣㅈㅓㅇㅇㅡㄴ[ㄱㅘㅇㅈㅜ_1ㅂㅏㄴ]','J3VHjJXBBrCD6tWpiE7eCsdFla89F2Cscu1GSFANpRY='),(456,'ㅊㅚㅈㅣㅅㅜ[ㄱㅘㅇㅈㅜ_1ㅂㅏㄴ_C107]ㅌㅣㅁㅈㅏㅇ','j7QHyx5eZ9eZL3MBVojqinUSTQJx+3/2s9ZLbaZSMW4='),(457,'ㅇㅗㅇㅡㄴㅈㅣㄴ[ㄷㅐㅈㅓㄴ_2ㅂㅏㄴ_B204]ㅌㅣㅁㅇㅝㄴ','J90NCV9ODUD5EPbuhZ8sIiYWnrgSLy1N5nGN4LpCRRY='),(458,'ㄱㅣㅁㄷㅜㅎㅚ[ㄷㅐㅈㅓㄴ_2ㅂㅏㄴ_B202]ㅌㅣㅁㅇㅝㄴ','JAgpewuwKjCMvXxfEnQJuoPMOKJOOWLhsQvne7HlvrE='),(459,'ㅅㅓㅈㅣㅇㅝㄴ[ㄱㅜㅁㅣ_1ㅂㅏㄴ_D104]ㅌㅣㅁㅈㅏㅇ','JAJjj8GPULJ8t++0C59tH77BHtDoMKlEF8KlpeU+jAQ='),(460,'ㅎㅘㅇㅂㅗㄹㅏ[ㄷㅐㅈㅓㄴ_2ㅂㅏㄴ_B201]ㅌㅣㅁㅈㅏㅇ','jD3gwypvJIgQOM0922LfNjgUsvjh91KIYaFaXj84ri4='),(461,'ㄱㅘㄱㅎㅕㄴㅈㅜㄴ[ㄷㅐㅈㅓㄴ_1ㅂㅏㄴ_B101]ㅌㅣㅁㅈㅏㅇ','jD63Q9kSt+wY9hVmB1VNJ6Q8oGXFdV3JOG+yRHI+DLc='),(462,'ㅊㅓㄴㅈㅐㅇㅝㄴ[ㅅㅓㅇㅜㄹ_5ㅂㅏㄴ_A503]ㅌㅣㅁㅇㅝㄴ','JdHqrfBvnn6FLqk9GN/PXairkCU7fB0xqmtzQ3FJECA='),(463,'ㅎㅏㄴㅈㅣㅎㅢ[ㅅㅓㅇㅜㄹ_4ㅂㅏㄴ_A407]ㅌㅣㅁㅇㅝㄴ','jF+bOUBjbOVPsczyECVlS/6cqNBQZEVvEOKxwsDvSH4='),(464,'ㅇㅣㅅㅜㄹㅣㅁ[ㅅㅓㅇㅜㄹ_2ㅂㅏㄴ_A205]ㅌㅣㅁㅈㅏㅇ','JFVMtELocCki8nyKtuN8vitM6nGTowgxILMPOvp6ows='),(465,'ㄱㅜㅁㅣ_3ㅂㅏㄴ_ㄱㅣㅁㅎㅕㄴㅈㅜ','JgJq27RvWJOLa1A9MFKnZFg0oW3BgrRqrwRTUWRLL/A='),(466,'ㅂㅏㄱㄷㅏㅇㅝㄴ[ㄷㅐㅈㅓㄴ_2ㅂㅏㄴ_B202]ㅌㅣㅁㅈㅏㅇ','jo/CZIiFQgUGsqR/awY1EeaUlj/8mYTP5+9ixznhBHE='),(467,'ㅊㅚㅈㅜㅇㅡㄴ[ㄱㅜㅁㅣ_2ㅂㅏㄴ_D201]','jq99saTOjSJUIkvLAweYXCIgNjPweul6j9diwYhLRQM='),(468,'ㅈㅗㅇㅡㄴㄴㅜㄹㅣ[ㅂㅜㅇㅜㄹㄱㅕㅇ_2ㅂㅏㄴ_E204]ㅌㅣㅁㅇㅝㄴ','jr3oQTx9xAT8nHUrPE88WWKkv48zRg/sbxZs/TfOyvU='),(469,'ㅂㅏㅇㅇㅢㅈㅣㄴ[ㅅㅓㅇㅜㄹ_1ㅂㅏㄴ_A101]ㅌㅣㅁㅇㅝㄴ','jTWh4H4JjMxRbX0nWpWY+OryxYFOlazm3HMcxUeN54A='),(470,'ㄱㅝㄴㅇㅕㅇㅎㅕㄴ[ㄷㅐㅈㅓㄴ_1ㅂㅏㄴ_B102]ㅌㅣㅁㅇㅝㄴ','jUlaYNThVgkRjch+YeyPy9Ajt1DZDtqBAxyldeK5qIU='),(471,'ㄱㅣㅁㅁㅣㄴㄱㅘㄴ[ㅅㅓㅇㅜㄹ_3ㅂㅏㄴ_A301]ㅌㅣㅁㅇㅝㄴ','jv2lxQuE+yvDDdDKc5aUVId2qKH4r2ZySOXejeMZs6I='),(472,'ㅇㅣㅈㅓㅇㅅㅜ[ㅅㅓㅇㅜㄹ_2ㅂㅏㄴ]','JwNc2c7JcZe1eUFP2FoS98MCMt3BI/gnE+njnoFuk1E='),(473,'ㄱㅣㅁㅇㅠㅈㅣㄴ[ㅅㅓㅇㅜㄹ_6ㅂㅏㄴ]','jwpbHx9a9fRcdZzJA7wHlx+2fqLC1tya6HuVAPWkMNI='),(474,'ㄴㅏㅇㅜㅈㅣㄴ(ㅅㅣㅅㅡㅌㅔㅁㅇㅜㄴㅇㅕㅇㅈㅏ)','Jx9WdSPdNcDnnfA8LiXUvPBMQu0TMXydkqRYwOZ5dQw='),(475,'ㄱㅏㅇㅈㅜㄴㅅㅓㄱ','JzKBurXXDqio/3lhxfVZV29cqbueL6/e9dTGGKaJb38='),(476,'ㅈㅣㅅㅜㅁㅣㄴ[ㅂㅜㅇㅜㄹㄱㅕㅇ_2ㅂㅏㄴ_E201]ㅌㅣㅁㅇㅝㄴ','JzKepT83bz3LYP4k2XmiPP5Gn0HcsS4LXOU5Lp4s0RE='),(477,'ㄱㅣㄹㄱㅣㅎㅗ[ㄷㅐㅈㅓㄴ_1ㅂㅏㄴ_B104]ㅌㅣㅁㅇㅝㄴ','jZoFCOzyLueSzgUOeL9QOjq2QRaAFAVz8QTtJNhvzq8='),(478,'ㄱㅏㅇㅇㅕㄴㅈㅓㅇ ㄱㅛㅇㅠㄱㅍㅡㄹㅗ[ㅊㅟㅇㅓㅂ]','k/mglYftthN73rIpsPRKzaNChlSZB+dT9IVFzcga9eM='),(479,'ㄱㅣㅁㄷㅗㅇㅇㅠ[ㄱㅘㅇㅈㅜ_2ㅂㅏㄴ_C202]ㅌㅣㅁㅇㅝㄴ','K0YORKG1WKQ4GjnUBCADKoFSRRz5ahJAwvs24MwWs9E='),(480,'ㄱㅣㅁㄷㅗㅇㅇㅕㅇ[ㅅㅓㅇㅜㄹ_4ㅂㅏㄴ_A404]ㅌㅣㅁㅇㅝㄴ','K25oUVmZJu4/3K+fVJkB8qMXeYIMsNy+Jv/zPUxPyHU='),(481,'ㄱㅣㅁㅈㅗㅇㅇㅜ[ㅅㅓㅇㅜㄹ_2ㅂㅏㄴ_A204]ㅌㅣㅁㅇㅝㄴ','kA3ytWczfsUlDlRgwsoHPTh9Ej7GM62Xmcuu08IDQYs='),(482,'ㅂㅏㄱㅅㅣㄴㅇㅕㅇ[ㅂㅜㅇㅜㄹㄱㅕㅇ_1ㅂㅏㄴ_E102]ㅌㅣㅁㅇㅝㄴ','kAncDoR8Kkl64dQjXap0QRE9fWl/5D8wh2z1UTkwS2E='),(483,'ㅇㅣㅁㄷㅏㅎㅜㄴ[ㅅㅓㅇㅜㄹ_1ㅂㅏㄴ_A102]ㅌㅣㅁㅇㅝㄴ','KAtquTlgLWXUnwUXNt1dzJHT1MGzc1XNzKPcd6bYbxY='),(484,'ㅇㅗㅎㅕㄴㅈㅓㅇ[ㄷㅐㅈㅓㄴ2ㅂㅏㄴ_B207]ㅌㅣㅁㅇㅝㄴ','kBQUhFR/Qvzs2nw6P0W7WuaFMB3xKFfgR3tzVXYNr+0='),(485,'ㅇㅠㄴㅈㅐㅅㅓㅇ[ㄱㅜㅁㅣ_2ㅂㅏㄴ_D203]ㅌㅣㅁㅇㅝㄴ','KC+CSSzG52gQkI7/8BHh2THyDVkm8dKA66e8/YxLBYA='),(486,'ㅇㅣㅎㅖㅈㅣㄴ[ㅂㅜㅇㅜㄹㄱㅕㅇ_1ㅂㅏㄴ_E104] ㅌㅣㅁㅇㅝㄴ','KEr6KB8u+kyiACRr/6rndH23YVu9T2Wybm6/RyBaPDw='),(487,'ㅈㅓㅇㅎㅏㅇㅡㄴ[ㄷㅐㅈㅓㄴ_1ㅂㅏㄴ_B101]ㅌㅣㅁㅇㅝㄴ','KEtXXiVzs28wEj6a54U+/M6x/EnlJTxd9+V+lyAZnlo='),(488,'ㅂㅏㄱㅎㅐㅇㅣㄴ[ㄷㅐㅈㅓㄴ_1ㅂㅏㄴ_B102]ㅌㅣㅁㅇㅝㄴ','kgrTeYenWWVVrqsRJKibYy1EhJCTVIbDXfjRMYrunrU='),(489,'ㄱㅣㅁㄷㅗㅇㅝㄴ_3ㅂㅏㄴ_ㄷㅐㅈㅓㄴ','KnEWyLltTgN32slW57FNU8eu0nMWbZVANy0FJLaXn94='),(490,'ㄱㅣㅁㅌㅐㅁㅣㄴ[ㄱㅘㅇㅈㅜ_1ㅂㅏㄴ_C103]ㅌㅣㅁㅇㅝㄴ','KoBtI6U/Rc6fmShGaL0ZwP+bVkgtXQvEKWX8Xd6LSjI='),(491,'ㅅㅓㅇㅜㄹ_6ㅂㅏㄴ_ㄱㅣㅁㅎㅕㄴㅈㅣ','KPDZkz+XjYy1Ct+LTWdfk1k8IUqhXpgpvWH1ay26smA='),(492,'ㄱㅣㅁㅌㅐㅎㅜㄴ[ㅅㅓㅇㅜㄹ_4ㅂㅏㄴ_A401]ㅌㅣㅁㅇㅝㄴ','kPENpbILFrBaWcsopBCapCnpUci5jsu8iNQT65vTqHg='),(493,'ㅅㅓㅇㅜㄹ_3ㅂㅏㄴ_ㅈㅓㅇㅁㅣㅅㅗ','kpmqf36nlSxRLlqGdXATKXv4x1jCodO5kR+yjKKVeT4='),(494,'ㅇㅣㅈㅐㅁㅏㄴ[ㄷㅐㅈㅓㄴ_ㅇㅗㅍㅡㄴㅅㅗㅅㅡ_S203]ㅌㅣㅁㅇㅝㄴ','Kqs9GlNpZrZfKEjMHZSDecz8qElj8jJdpYh4SM848wA='),(495,'ㅂㅐㅅㅗㅇㅝㄴ[ㅂㅜㅇㅜㄹㄱㅕㅇ_2ㅂㅏㄴ_E205]ㅌㅣㅁㅇㅝㄴ','kSiqZPAxANlbMqSkgH7jJhr2OS/ilhZi7j2JEuRBEPA='),(496,'ㅇㅣㅈㅓㅇㅎㅕㄴ[ㅂㅜㅇㅜㄹㄱㅕㅇ_1ㅂㅏㄴ_E105]ㅌㅣㅁㅇㅝㄴ','KtOx5Cycg/TEdnM80n7lLjZM/krU03c1FbNmzf1NM94='),(497,'ㅂㅏㄱㅅㅏㅇㅇㅣㄹ[ㅅㅓㅇㅜㄹ_5ㅂㅏㄴ]','kVFaQ87PECh08cQK/90D3eVl/RuwXFKcpTDxy0aEUgs='),(498,'ㅇㅣㅇㅖㅇㅝㄴ[ㅅㅓㅇㅜㄹ_1ㅂㅏㄴ_A105]ㅌㅣㅁㅇㅝㄴ','kVnoWkBhXmbDooJHcsPG0f8evVRBjQ+YD/WBv37zaBw='),(499,'ㅂㅏㄱㅎㅕㄴㅈㅓㅇ[ㅂㅜㅇㅜㄹㄱㅕㅇ] ㄱㅛㅇㅠㄱㅍㅡㄹㅗ','kYTB2+ZzCBriWc2PJz9MiKCQ0fGzC1Ovy59BLyVj0mc='),(500,'ㅊㅚㄷㅏㅇㅜㄴ[ㄱㅘㅇㅈㅜ_1ㅂㅏㄴ_C106]ㅌㅣㅁㅈㅏㅇ','L0/nC/G3GER7l6Y9EejnQsdgz8+gdHqQo04bb0cqnW8='),(501,'ㅇㅣㅁㅕㅇㅈㅜ[ㅅㅓㅇㅜㄹ_3ㅂㅏㄴ_A307]ㅌㅣㅁㅇㅝㄴ','l1Gu/oW/liLRU41H3g7knWmsH4C+U5sgB+Ljav22G1Q='),(502,'ㄱㅣㅁㅅㅜㅇㅛㅇ[ㄷㅐㅈㅓㄴ_ㄱㅣㅇㅓㅂㅇㅕㄴㄱㅖ_S103]ㅌㅣㅁㅇㅝㄴ','l1XNj/kOG0DBhTg7qmpJT5tshjqWi+vhYP7oBuqO3oY='),(503,'ㅇㅣㄷㅏㅇㅡㄴ[ㅂㅜㅇㅜㄹㄱㅕㅇ_1ㅂㅏㄴ]ㅅㅣㄹㅅㅡㅂㅋㅗㅊㅣ','L2Oi1qqXxic46gDtYv4uxZYWckMeeYY3T3IML40xFtM='),(504,'ㅊㅚㄷㅐㅊㅣ[ㅅㅓㅇㅜㄹ_5ㅂㅏㄴ_A506]ㅌㅣㅁㅇㅝㄴ','l4vMlLU2HRQuaIHwhjxrCaZdV79icBCTOm9nCKD8O+w='),(505,'ㅂㅏㄱㅅㅜㅇㅏ[ㅂㅜㅇㅜㄹㄱㅕㅇ_1ㅂㅏㄴ_E105]ㅌㅣㅁㅇㅝㄴ','l5xpcOA+y3IL8k4OwIIaYpNNcTjhBN4PQV+uzynULQU='),(506,'ㅇㅠㅁㅣㄴㅈㅓㅇ(ㄱㅛㅇㅠㄱㅍㅡㄹㅗ)','l83mTmcO2bTk9AzrGHYEoejtfioANN/PdxaFHgkRz28='),(507,'ㄱㅣㅁㄷㅏㄴㅇㅣ(ㄱㅛㅇㅠㄱㅍㅡㄹㅗ)','L8SrXl8limFrtjW6j354a0Ai6zjo0JeoRp3r6FsO8rY='),(508,'ㅇㅣㅇㅏㅎㅕㄴ[ㄷㅐㅈㅓㄴ_1ㅂㅏㄴ_B102]ㅌㅣㅁㅈㅏㅇ','l9fTIu33NFfezgrBsRaFYmzApLABBVtWtkcRyeDlmWw='),(509,'ㅂㅏㄱㅈㅗㅇㅎㅜㄴ[ㅅㅓㅇㅜㄹ_3ㅂㅏㄴ_A303]ㅌㅣㅁㅇㅝㄴ','LAigCVsiy0SmiA5AHLrinhkmnCKiMbxSlgOfRmMjdPY='),(510,'SSAFYㅅㅏㅁㅜㄱㅜㄱ','LB8RzMAO160/h3vL9MTjL5ceAhaUXoSKpHiVeeSk8Ig='),(511,'ㅈㅏㅇㅎㅛㅈㅓㅇ[ㅅㅓㅇㅜㄹ_ㄱㅣㅇㅓㅂㅇㅕㄴㄱㅖ_S102]ㅌㅣㅁㅇㅝㄴ','LBq9Kyr9tXsLNiJZErQhMP1lAUl0qn+zvtWUQyqUjDY='),(512,'ㅇㅣㅂㅕㅇㅅㅓㄱ[ㄱㅘㅇㅈㅜ_1ㅂㅏㄴ]','lBso3GX1yCoK9iuArJ0FVoLR2cl6nXmXrY2EGA0wQS8='),(513,'ㅎㅗㅇㅈㅣㅂㅓㅁ[ㅂㅜㅇㅜㄹㄱㅕㅇ_1ㅂㅏㄴ_S107]ㅌㅣㅁㅇㅝㄴ','LC7tStqYztZ6ZojUwm7uiMF2T1v0xWVIicsSL8tL2xk='),(514,'ㅇㅣㅅㅏㅇㅎㅕㄴ(ㄷㅏㅁㄷㅏㅇㄱㅛㅅㅜ)','ldw7dTL8zNLzpnWAzKgTtBMU2rlZzEc++N1XMscprRE='),(515,'ㅇㅠㅅㅏㅇㅈㅣㄴ(ㄷㅏㅁㄷㅏㅇㄱㅛㅅㅜ)','lef+KHqCCO/lsrrGEkFiq/mdZSjzMVlEo48YNmpGbwU='),(516,'ㅇㅗㄴㅏㅇㅕㄴ[ㅅㅓㅇㅜㄹ_ㄱㅣㅇㅓㅂㅇㅕㄴㄱㅖ_S101]ㅌㅣㅁㅇㅝㄴ','leKc4L/siyknGQnWYeybjnQzxPhNBNOxRNUKPm98q3Y='),(517,'ㅇㅣㅇㅡㄴㅇㅕㅇ[ㄱㅜㅁㅣ_4,5ㅂㅏㄴ]ㄱㅛㅇㅠㄱㅍㅡㄹㅗ','lEKN4volLT8g1f8oYffl+/kQSwkBGmGdt9KWLgjLrLI='),(518,'ㅇㅣㅅㅡㅇㄱㅣ[ㄱㅜㅁㅣ_1ㅂㅏㄴ_D105]ㅌㅣㅁㅇㅝㄴ','LEYvhDEYyIFUqCYy7XAQ2cRuVzystbCe3xDIAtyGjtE='),(519,'ㄱㅝㄴㅇㅜㅅㅓㅇ[ㅅㅓㅇㅜㄹ_1ㅂㅏㄴ]','LF79agtSisbfkHTs3rakGd0vEOp56c1kn7RQSJFaOTQ='),(520,'ㄱㅘㅇㅈㅜ_1ㅂㅏㄴ_ㄴㅗㅎㅏㄴㄴㅏ','lF7G+E+d2lO+jpfZyOn5ghrysTdGH1KDVHUAHJeWwJ8='),(521,'ㅂㅏㄱㅈㅜㅂㅣㄴ[ㄱㅘㅇㅈㅜ_1ㅂㅏㄴ_C101]ㅌㅣㅁㅇㅝㄴ','lfWD8x4ftRDYGsGRXcWeDVH6bfeMaIozT2nR3VknLig='),(522,'ㅇㅗㅇㅠㄴㅈㅣㄴ[ㄱㅘㅇㅈㅜ_2ㅂㅏㄴ_C206]ㅌㅣㅁㅇㅝㄴ','lG3M487Uw7jUAjqeL77qim8Kwwd+mO+kYvNXjDWf04s='),(523,'ㅇㅣㄱㅏㅇㅡㄴ[ㄷㅐㅈㅓㄴ_ㄱㅣㅇㅓㅂㅇㅕㄴㄱㅖ_S103]ㅌㅣㅁㅇㅝㄴ','lj2ca6dAsT6J82AKY6+3V5RxK4UVB5vhpzprlKOFl0g='),(524,'ㅁㅜㄴㄱㅘㄴㅍㅣㄹ[ㄱㅜㅁㅣ_2ㅂㅏㄴ_D206]ㅌㅣㅁㅇㅝㄴ','lJA9gQCa9RgAi7fzVG6zTCCpvSorvtxCS3kFxJKits8='),(525,'ㅅㅓㅇㅜㄹ_3ㅂㅏㄴ_ㅎㅘㅇㅅㅏㅇㅍㅣㄹ','LjhuNSGwxaWQcZeXm01+WlGcVrtloQsqjTPpyw1FiVc='),(526,'ㅅㅗㅇㅇㅖㅇㅣㄴ[ㄷㅐㅈㅓㄴ_1ㅂㅏㄴ_B110]ㅌㅣㅁㅇㅝㄴ','LKmZIMkDUZFd0kFzSAjCBEyYUcUT8fP5rkWxTQYFsk8='),(527,'ㅊㅚㅅㅡㅇㅇㅕㄴ[ㄷㅐㅈㅓㄴ_1ㅂㅏㄴ_B105]ㅌㅣㅁㅈㅏㅇ','lKPZqfkwsdZTw7yXeWy0Z3ANahOaFo1mbB6liRsnCuc='),(528,'ㄱㅣㅁㅇㅠㅁㅣㄴ[ㅅㅓㅇㅜㄹ_3ㅂㅏㄴ_A306]ㅌㅣㅁㅇㅝㄴ','LlEUFe0VR0VvkvKsYqit6/31JgbejH5BbszDlztU56I='),(529,'ㄱㅣㅁㅎㅕㄴㅅㅓㅇ ㄱㅛㅇㅠㄱㅍㅡㄹㅗ','lmlzVPQIR5UlVVcNxpyJQTckFRGXVZH4eJPU11pSUMY='),(530,'ㄱㅣㅁㄷㅏㅇㅖ[ㄱㅜㅁㅣ_1ㅂㅏㄴ_D102]ㅌㅣㅁㅇㅝㄴ','LqgJwNarcKEK3FhDFpnoKGe1kxLFN5r05B7VScoKvHw='),(531,'ㄱㅣㅁㄷㅏㅇㅕㅇ[ㅅㅓㅇㅜㄹ_3ㅂㅏㄴ_A303]ㅌㅣㅁㅇㅝㄴ','lSlPx5dK0APrSY/A5G1t2g8on/Ud5F1MZacZQ0iwB34='),(532,'ㄴㅗㅎㅏㄹㅏㅁ','lSnOD2sqt6kge8uQ1qOUVQGpuge6p+Fy4WjlCWw5WjY='),(533,'ㅇㅑㅇㅅㅓㄱㅈㅗ[ㅂㅜㅇㅜㄹㄱㅕㅇ_1ㅂㅏㄴ_E105] ㅌㅣㅁㅇㅝㄴ','LsYC3bcTQiaa15xg0ea5eoY5GY/eVNbTP0Kuzcqnmfk='),(534,'ㅅㅓㅇㅜㄹ_15ㅂㅏㄴ_ㅊㅚㅎㅢㄹㅏㄴ','lW76iR5JtdPaMOT4qXCvvLPjXyjrL0jy123QRKHJp1w='),(535,'ㅇㅣㅈㅓㅇㅁㅣㄴ[ㅅㅓㅇㅜㄹ_3ㅂㅏㄴ_A304]ㅌㅣㅁㅇㅝㄴ','lwfuA0NlflhwjLRbez3bNvDjzKmiEnbKVLdDsjnBcL0='),(536,'ㅈㅓㅇㅅㅓㅇㅇㅜ[ㅂㅜㅇㅜㄹㄱㅕㅇ_1ㅂㅏㄴ_E106] ㅌㅣㅁㅇㅝㄴ','Lz30MTRUtUtp5fDEmhQoW4PQUqemUZ2hjhXL7o9+OH8='),(537,'ㅇㅣㅈㅐㅇㅕㅇ[ㅅㅓㅇㅜㄹ_4_A403]ㅌㅣㅁㅇㅝㄴ','lZUgJ5stg157/PNor+M7OcGUyrxggm1604Q1tJW6Ctg='),(538,'ㄱㅣㅁㅈㅣㄴㅇㅛㅇ[ㄷㅐㅈㅓㄴ_ㅇㅗㅍㅡㄴㅅㅗㅅㅡ_S202]ㅌㅣㅁㅈㅏㅇ','LZzXXFs0FuX8nE4meS9KAgxpOiya6uj/ZwTZv8jF4Ww='),(539,'ㅇㅣㅇㅠㅈㅣㄴ(ㅅㅓㅇㅜㄹ6ㅂㅏㄴ)','M2DBJP2xoiXIVQmLeBDcv681jwWMutaW6EEw5nundB0='),(540,'ㄱㅜㅁㅣ_5ㅂㅏㄴ_ㅊㅚㄷㅜㄴㅏ','M3GD0fCvlbXzxTKhozVD9AbMJ8HkmsYXs00DZ3N4zVg='),(541,'ㅁㅜㄴㅈㅜㄴㅎㅗ[ㅅㅓㅇㅜㄹ_2ㅂㅏㄴ_A202]ㅌㅣㅁㅇㅝㄴ','m41ADqC36RS6QYOap4cQsPIy5UvOkxWMyDSTlU70R3s='),(542,'ㄱㅣㅁㅅㅜㄴㅇㅛ[ㄷㅐㅈㅓㄴ_ㅇㅗㅍㅡㄴㅅㅗㅅㅡ_S203]ㅌㅣㅁㅈㅏㅇ','m6/1CIDgy9FRwNmM3KkJO911nm+KbzbSLPxvvpEeI10='),(543,'ㅇㅣㅅㅡㅇㅎㅗ[ㄱㅜㅁㅣ_2ㅂㅏㄴ_D208]ㅌㅣㅁㅇㅝㄴ','m6qgC8Pfy88SfdTVb3CDnAgCaR2FYC1Sr2NpHzKUmH8='),(544,'ㅅㅓㅇㅜㄹ_11ㅂㅏㄴ_ㅈㅓㄴㄷㅐㅇㅕㅇ','M9Fa6l39Thtwd/XaNv3EzswNkBYjyyGqtxVhpmt++Fk='),(545,'ㅊㅚㅎㅏㅇㅕㅇ[ㅅㅓㅇㅜㄹ_1ㅂㅏㄴ_A102]ㅌㅣㅁㅇㅝㄴ','M9lLbhoXWr0v229hxDco2LMRfETfsovJgd0asB96huU='),(546,'ㄱㅏㅇㅁㅣㄴㄱㅜ[ㅅㅓㅇㅜㄹ_1ㅂㅏㄴ_A102]ㅌㅣㅁㅈㅏㅇ','mAkfXDEn4sxy7cYcfAHA9GXHtWhydrNJKug7Eeqvr6c='),(547,'ㅊㅚㅈㅗㅇㅎㅕㄴ[ㅅㅓㅇㅜㄹ_6ㅂㅏㄴ_A603]ㅌㅣㅁㅇㅝㄴ','ME9jDCjfhx9iiX70Q3zIcofQhHhhuIuN6NpiGDLqqCE='),(548,'ㅅㅓㅇㅜㄹ_6ㅂㅏㄴ_ㄱㅣㅁㅎㅢㅇㅕㅇ','MElog1xsco13DTO0Du0gDo0zHbQy50gTnYB5LyDfE6o='),(549,'ㄱㅣㅁㅅㅓㅇㅈㅜㄴ[ㄷㅏㅁㄷㅏㅇㄱㅛㅅㅜ]','mGMxa57hYm9E92k0p3QHqYm44b476MMauGJtin4II8A='),(550,'ㅂㅜㅇㅜㄹㄱㅕㅇ_3ㅂㅏㄴ_ㅅㅓㅎㅕㅇㅅㅓㄴ','mGQLIhMsGCn3inQfVB+fjRAASsVmDjGfwC8iIE9D68g='),(551,'ㅈㅗㅈㅓㅇㅈㅔ_1ㅂㅏㄴ_ㅅㅓㅇㅜㄹ','MkyVZ9o5Z4tWIK/llu3s9WvtJBwb961r8jUDJVPSQf4='),(552,'ㅅㅓㅇㅜㄹ_6ㅂㅏㄴ_ㄱㅣㅁㄱㅕㅇㅈㅜㄴ','mL0nChxI8BcT6xIxZW7fQd2GVNCcHvsMbGi+Wu+KRmc='),(553,'ㅂㅐㅇㅛㅇㄹㅕㄹ(ㄱㅛㅇㅠㄱㅍㅡㄹㅗ)','mLnuiqtCa+hh9vpSjRnYED3LXVdgVZAaWYiQ+U1Bkcs='),(554,'ㅇㅣㅎㅕㄴㅎㅗㅇ[ㄱㅘㅇㅈㅜ_1ㅂㅏㄴ]','mmooyMbVKCBrbY7gryBc934TD0gStR132L3oJyoInr8='),(555,'ㄱㅣㅁㄱㅕㅇㅎㅕㅂ[ㅅㅓㅇㅜㄹ_3ㅂㅏㄴ_A304]ㅌㅣㅁㅇㅝㄴ','MMPxyT4S9CSbAHpvHHAG+g8sd/QmjLvNnv+8xDV9jN0='),(556,'ㄱㅣㅁㄷㅗㅇㅎㅕㄴ[ㅅㅓㅇㅜㄹ_5ㅂㅏㄴ_A503]ㅌㅣㅁㅇㅝㄴ','mOJ4rxFKU5Ano2JNx5ViniRRS4oE+t5MJ2dxrbyhkzQ='),(557,'ㄱㅘㅇㅈㅜ_6ㅂㅏㄴ_ㅈㅓㄴㅇㅜㅇㅈㅐ','MOtl1KCRclH2TeSzLSQGoc3eOKTwXi+2Xhv5DD7wEcM='),(558,'ㅅㅣㄴㄷㅏㅂㅣㄴ[ㅅㅓㅇㅜㄹ_5,6ㅂㅏㄴ]ㄱㅛㅇㅠㄱㅍㅡㄹㅗ','MPmm6iAfygq3wnULbcvJlVqgzKbIyH+Fu0E3pN35hdU='),(559,'ㅇㅣㅅㅡㅇㅎㅜㄴ[ㅂㅜㅇㅜㄹㄱㅕㅇ_1ㅂㅏㄴ_E106] ㅌㅣㅁㅇㅝㄴ','Ms9ya9pB4L2y9mU/MM6F5BPC2BzjYTqKTHwY59viYE8='),(560,'ㅅㅓㅇㅜㄹ_13ㅂㅏㄴ_ㄱㅣㅁㅂㅐㅅㅡㅇ','MSTbrFpJksLrU8MWP2c18c7AgR+o1aEOLXPcEt3R1gU='),(561,'ㅂㅏㄱㅈㅣㅇㅠ[ㄱㅜㅁㅣ_ㄱㅣㅇㅓㅂㅇㅕㄴㄱㅖ_S105]ㅌㅣㅁㅇㅝㄴ','MSW1717d+q4DHQhAtDNHw6lgyFtfW8YmwKIiXmyafWM='),(562,'ㅇㅣㅈㅓㅇㅇㅏ[ㅅㅓㅇㅜㄹ_2ㅂㅏㄴ_A201]ㅌㅣㅁㅈㅏㅇ','MwAhjODZ9hq9U/6fXSWSf4YZ3fztEz7SmHnJ9hiqVSA='),(563,'ㅇㅣㅇㅡㄴㅌㅐㄱ[ㅅㅓㅇㅜㄹ]ㅅㅣㄹㅅㅡㅂㅋㅗㅊㅣ','mWIn0ncktIQEblYDlavLzI1/blbMcG6Jfrdiqc87hvs='),(564,'ㄱㅣㅁㄷㅗㅇㅇㅣㄱ[ㄱㅘㅇㅈㅜ_1ㅂㅏㄴ_C106]ㅌㅣㅁㅈㅏㅇ','MwNP7DE5cBkI43rw7Hgs/DwCBmB5gr0RKr0TpG8G+Jc='),(565,'ㅇㅣㅁㅎㅕㄴㅁㅗ[ㄱㅜㅁㅣ_1ㅂㅏㄴ_D102]ㅌㅣㅁㅈㅏㅇ','Mxm3PNzAHXFIjVyGruMMD060wUqn0xLmsnfHM1KnFPQ='),(566,'ㄱㅣㅁㅊㅏㅇㅁㅣㄴ[ㅂㅜㅇㅜㄹㄱㅕㅇ_2ㅂㅏㄴ_E202]ㅌㅣㅁㅇㅝㄴ','mxoo9e6d9N0Bj0ECzLirUaqkCAgh20qlPbQD6Tfl0yo='),(567,'ㄱㅘㅇㅈㅜ_1ㅂㅏㄴ_ㅇㅣㅅㅓㅇㄱㅡㄴ','mye5y/z18hJjlPpNx0k7qg3s/3ncCaVcZCsQz5cEmZY='),(568,'ㅇㅠㄴㅎㅛㅈㅓㄴ[ㄱㅜㅁㅣ_ㄱㅣㅇㅓㅂㅇㅕㄴㄱㅖ_S106]ㅌㅣㅁㅇㅝㄴ','N/07QnHCCLDFi7yfIEvJPN9UQoFvCmQnn6tzBtTaYtg='),(569,'ㄱㅝㄴㅇㅗㅂㅓㅁ[ㄷㅐㅈㅓㄴ_1ㅂㅏㄴ_B101]ㅌㅣㅁㅇㅝㄴ','N3CTpq9iumYp2gJKQs5okwIskB8oQv/fNGOKLdV9YZk='),(570,'ㅅㅓㅇㅜㄹ_15ㅂㅏㄴ_ㄱㅝㄴㅁㅣㄴㅈㅣ','n4vG4TD3C3Gp5RyZaHbbY5T7PIPiomHGZdSJRHYP4vA='),(571,'ㅊㅚㅂㅓㅁㄱㅠ[ㄱㅘㅇㅈㅜ_1ㅂㅏㄴ_C108_ㅌㅣㅁㅇㅝㄴ]','n73cHT8ZpoKTfR/dBJ2nzqFsUP/JpZaFa3e7DaojpSM='),(572,'ㄱㅗㅇㅜㅇㅕㅇ[ㄱㅜㅁㅣ_2ㅂㅏㄴ_D202]ㅌㅣㅁㅇㅝㄴ','N8kV/RGuN/a57tdHUOZRzBSDFDl/XJrWczJVpEQIDZo='),(573,'ㅇㅣㅈㅓㅇㅁㅣㄴ[ㄱㅜㅁㅣ_1ㅂㅏㄴ]','nAGG8FeSO6SjCK6ROBT7DAogbvDQq7NztQ2gAsMSr2Q='),(574,'ㅂㅐㄴㅏㅇㅕㅇ [ㄷㅐㅈㅓㄴ_1ㅂㅏㄴ_B104] ㅌㅣㅁㅇㅝㄴ','NBbNvo+wAHkZQkakInCN8I8gq9PKgahMcSVKzuIQxY0='),(575,'ㄱㅣㅁㄱㅕㅇㅇㅝㄴ[ㄷㅐㅈㅓㄴ_1ㅂㅏㄴ]ㅅㅣㄹㅅㅡㅂㅋㅗㅊㅣ','ncV84IY1SIAeKLxDc89bbG3wGZrWXRY50GMT6dGEdhQ='),(576,'ㄱㅣㅁㅈㅜㄴㅅㅓㄱ[ㄱㅘㅇㅈㅜ_1ㅂㅏㄴ_C101]ㅌㅣㅁㅇㅝㄴ','nGpWSqW8EdKvicRX0tehka9XBw8dVDiWR67ZMXbYS98='),(577,'ㄱㅣㅁㅅㅓㄱㅇㅝㄴ[ㄷㅐㅈㅓㄴ_1ㅂㅏㄴ_B103]ㅌㅣㅁㅇㅝㄴ','nI72f78uynXSv/Ad1c9jTq9jAqPjYFocbxaEX/Uq9Qo='),(578,'ㅇㅑㅇㅇㅝㄴㄷㅗㅇ[ㅅㅓㅇㅜㄹ_5ㅂㅏㄴ_A503]ㅌㅣㅁㅈㅏㅇ','nJ0I9T4RBSB4kiHM6Ll20Dwa7Kz+65hnF3Q1rDZ+Qcg='),(579,'ㅅㅣㄴㅈㅣㅇㅜ[ㅅㅓㅇㅜㄹ_1ㅂㅏㄴ_A103]ㅌㅣㅁㅇㅝㄴ','NKTxClWfdeqTZpqmChXP5ML51EPPb6Qv9u0oJnPBJDs='),(580,'ㅁㅕㅇㅅㅓㄱㅎㅕㄴ','nna/DvwfMLyY2rYS7q/QX1DOUlwM/o7valJ1vAKMnqA='),(581,'ㅇㅠㄴㄱㅣㅈㅐ[ㄱㅜㅁㅣ_1ㅂㅏㄴ_D108]ㅌㅣㅁㅇㅝㄴ','nnGd2d70q9nxIJbbXc8XJva5fZnmmZ4lrNjaoVSgpzk='),(582,'ㄱㅣㅁㅈㅜㄴㅅㅓㄱ(PJT ㅇㅕㄴㄱㅜㅌㅣㅁ)','nNRJhfWhrfr3dgSh/KT1Ee70O7cgYwIpQL+X1aJXjgY='),(583,'ㅈㅓㅇㅇㅣㄴㅎㅏ[ㄱㅜㅁㅣ_2ㅂㅏㄴ_D202]ㅌㅣㅁㅇㅝㄴ','noO/UrjLGYO1EaXMvslVj4VELBRK3ax6z4Yr/xzoHMM='),(584,'ㅂㅏㄱㅅㅡㅇㅇㅝㄴ[ㄱㅜㅁㅣ_1ㅂㅏㄴ_D101]ㅌㅣㅁㅈㅏㅇ','norQbDkgJjFntV9atUzT3Xl/GFg2JQletX/U5W4po0E='),(585,'ㅇㅑㅇㅅㅡㅇㅇㅜ[ㄱㅘㅇㅈㅜ_2ㅂㅏㄴ_C201]ㅌㅣㅁㅈㅏㅇ','NoruwKfMSnKXFiws876LoKaaytzVcLYK3ViHzsqOM0s='),(586,'ㄱㅣㅁㅁㅣㄴㅇㅜ[ㅅㅓㅇㅜㄹ_5ㅂㅏㄴ]','NPAzmNuzp1EWIE71yvWpAGMkGnNve7yWVMJRtWS5VFo='),(587,'ㅅㅓㅇㅜㄹ_2ㅂㅏㄴ_ㄱㅣㅁㅌㅐㅇㅕㄴ','NpvRzAa805irG8+V8iBUAzEKMOGYHpc9wJ9SorMZJMg='),(588,'ㅈㅓㅇㄱㅜㅇㅏ[ㅅㅓㅇㅜㄹ_3ㅂㅏㄴ_A308]ㅌㅣㅁㅇㅝㄴ','nqh42H2pFTti5FEqgaigmaqHrQ/M74+zxRJks24u7xU='),(589,'ㅅㅏㅇㅕㄴㅈㅣㄴ','NSIqd0/ReS0bMx7SNQ9Vbd5L5RuX+dzjWrrqIrcvmtw='),(590,'ㄱㅣㅁㅈㅜㅇㅇㅜ[ㅅㅓㅇㅜㄹ_3ㅂㅏㄴ_A307]ㅌㅣㅁㅇㅝㄴ','nspM9uoykB3tH980t1V0pw8K1Mn8fpUlb4NNYprbWwQ='),(591,'ㄱㅣㅁㅁㅣㄴㅎㅕㄴ[ㄷㅐㅈㅓㄴ_ㅇㅗㅍㅡㄴㅅㅗㅅㅡ_S205]ㅌㅣㅁㅇㅝㄴ','ntuci1rUxzC61xRhFRgRKtWMcw8twwguMArxrAoLwRU='),(592,'ㅂㅏㄱㅇㅠㄴㅈㅣ[ㄷㅐㅈㅓㄴ_ㅇㅗㅍㅡㄴㅅㅗㅅㅡ_S204]ㅌㅣㅁㅇㅝㄴ','nWW3ehILHPXB4IPOUtx7ZqsqAB5cx9Kp201ZURSNMFk='),(593,'ㅈㅏㅇㅇㅝㄴㅈㅗㅇ[ㅂㅜㅇㅜㄹㄱㅕㅇ_ㄱㅣㅇㅓㅂㅇㅕㄴㄱㅖ_S107]ㅌㅣㅁㅇㅝㄴ','nwywB7LAjPxsSMBrvtElcN/NxRExX0SjdllyWW83k9g='),(594,'ㅇㅗㅅㅜㄱㅕㅇ[ㄷㅐㅈㅓㄴ_2ㅂㅏㄴ_B204]ㅌㅣㅁㅇㅝㄴ','NXgrc/gmB8Z6A873r4Yr4yHBnAByCL1MqomOUpJEEh4='),(595,'ㅂㅏㄱㅊㅏㅇㅎㅕㄴ[ㄷㅐㅈㅓㄴ_ㅇㅗㅍㅡㄴㅅㅗㅅㅡ_S203]ㅌㅣㅁㅇㅝㄴ','nzj0Lf/Lceqo1Z8uXSkhDXR7N7sBM+4nlwYh3XoCg6o='),(596,'ㅅㅗㅇㅁㅣㄴㅈㅜ [ㅅㅓㅇㅜㄹ_4ㅂㅏㄴ_A403]','o0mEYKfqW7MyuoJ9i+UU4P/04PU093W/Mx3eSMuLte8='),(597,'ㅇㅣㅎㅕㄴㅈㅓㅇ[ㄱㅘㅇㅈㅜ_2ㅂㅏㄴ_C205]ㅌㅣㅁㅇㅝㄴ','o0qK6+fLLZuLn2BiLdnBR3sl4oShRGdPctpox9+Mllw='),(598,'ㅂㅏㄱㄱㅣㅅㅓㅇ[ㄱㅜㅁㅣ_1ㅂㅏㄴ_D109]ㅌㅣㅁㅇㅝㄴ','o1xKJ9DwJ3/6sfDJeqB4SOL7fn6q5I/6Gg0q7rfUIMc='),(599,'ㅇㅘㅇㅅㅜㄹㅕㄴ[ㅅㅓㅇㅜㄹ_1ㅂㅏㄴ_A105]ㅌㅣㅁㅈㅏㅇ','o3cG1eYdM5di/bVxtyxU6FuJy0SV+36iPYsjjiY5d00='),(600,'ㄱㅣㅁㅌㅐㅎㅕㄴ[ㅅㅓㅇㅜㄹ]ㅅㅣㄹㅅㅡㅂㅋㅗㅊㅣ','o3G0ohQgWniVImkIcm2BwWKbpwrZD8DSmVgGNXDSXbc='),(601,'ㅅㅓㅅㅡㅇㅇㅝㄴ[ㅅㅓㅇㅜㄹ_3ㅂㅏㄴ_A308]ㅌㅣㅁㅇㅝㄴ','O4qumMkBaVv4gIT2hijrAnjGzmuXpBwczsTz8aEvFnA='),(602,'ㅊㅚㅅㅏㅇㅎㅜ[ㅂㅜㅇㅜㄹㄱㅕㅇ_ㅇㅗㅍㅡㄴㅅㅗㅅㅡ_S207]ㅌㅣㅁㅇㅝㄴ','o50ZP9rgTO9r2qQ2U02dZeEnhESmuMfutoSGwSF52pk='),(603,'ㅇㅣㄷㅏㅇㅖ[ㅅㅓㅇㅜㄹ_4ㅂㅏㄴ_A402]ㅌㅣㅁㅇㅝㄴ','O6JcOuylrG+emFbsoI4bOkma5xgq/aUlsCeXsmIZRN4='),(604,'ㄱㅣㅁㅇㅠㄴㅎㅏ[ㅅㅓㅇㅜㄹ_2ㅂㅏㄴ_A202]','oajAeymhFuJtGb+GK0IOJp4+M/wwHa8P119S+iw6Oc0='),(605,'ㄱㅣㅁㄷㅗㅇㅎㅕㄴ[ㅂㅜㅇㅜㄹㄱㅕㅇ_1ㅂㅏㄴ_E103] ㅌㅣㅁㅇㅝㄴ','ob+KGim4x571rV/XhmsBnL8dmS9jex3z/E2A4btR4CM='),(606,'ㄱㅣㅁㅈㅣㅅㅜ[ㄷㅐㅈㅓㄴ_2ㅂㅏㄴ_B203]ㅌㅣㅁㅈㅏㅇ','OCOiawmhlseuBECTLvIUpUbKKY5m8Wu5tjvfOiqDU60='),(607,'ㄱㅣㅁㅊㅐㄹㅕㄴ[ㄱㅘㅇㅈㅜ_2ㅂㅏㄴ_C201]ㅌㅣㅁㅇㅝㄴ','oCyn0xRwm+f/1PAVi7ID4JkRC0pxbGg10wqxtqzAXu0='),(608,'ㅅㅓㅇㅜㄹ 1ㅂㅏㄴ ㅎㅗㅇㅊㅐㅇㅝㄴ','oE2aFiLuAkQLaiD0glJ+3abPGRIJ7vdlA0xCG4pwGpY='),(609,'ㅇㅣㅁㅊㅐㅇㅡㄴ[ㄷㅐㅈㅓㄴ_1ㅂㅏㄴ_B103]ㅌㅣㅁㅇㅝㄴ','oE6fdIbjnn3D/b4StOy0G+FBlf7Zv56m9ZZJNmOuYzU='),(610,'ㅎㅕㄴㅈㅗㅇㅇㅣㄹ[ㄷㅐㅈㅓㄴ_ㅇㅗㅍㅡㄴㅅㅗㅅㅡ_S204]ㅌㅣㅁㅇㅝㄴ','OF4t60IvlAl7NsJkJnboOhMtKVRu7QntbWd5XZ36FAQ='),(611,'ㅇㅣㅁㅎㅖㅇㅕㅇ[ㄱㅜㅁㅣ_2ㅂㅏㄴ_D202]ㅌㅣㅁㅇㅝㄴ','OFSjE/bzR7chDEFsB4AXO6dUDjMvkDiAwW4Qnu5VcJw='),(612,'ㅇㅠㄴㅌㅐㅅㅓㅇ[ㅅㅓㅇㅜㄹ_1ㅂㅏㄴ]','OG1BoJq5Y54GTrIy1su3M3MSIp8ZQ2xd3H5KJlaw0Ks='),(613,'ㅅㅓㅇㅜㄹ_15ㅂㅏㄴ_ㅈㅏㅇㄷㅗㅇㄱㅝㄴ','OGVhw6CSWt6B0al37+07tAE6DUXu1usNWSkGXifRDwk='),(614,'ㅎㅏㄴㅈㅓㅇㅅㅓㅂ[ㅅㅓㅇㅜㄹ_4ㅂㅏㄴ_A404]ㅌㅣㅁㅇㅝㄴ','ohyFrwe6cKqR1UzO858y7b5DrhBTVKdxFLQduk9z+vw='),(615,'ㄱㅜㅁㅣ_4ㅂㅏㄴ_ㅅㅣㅁㅎㅕㄴㅈㅜㄴ','OIyYV31RI+Wq4csApfZOwR5pJ5wJeu4nS5VCl/qjJ68='),(616,'ㅇㅗㅇㅠㄴㄱㅣ[ㄷㅐㅈㅓㄴ_ㅇㅗㅍㅡㄴㅅㅗㅅㅡ_S204]ㅌㅣㅁㅇㅝㄴ','OjEFlNEuQUfPFLFXG+POmvVcPGt05Bzv1xx+h0BCsFU='),(617,'ㅇㅣㄷㅗㅇㅈㅜㄴ[ㅅㅓㅇㅜㄹ_2ㅂㅏㄴ_A201]ㅌㅣㅁㅇㅝㄴ','ojh+hkjJOUBLioV07biZoVr7wrVhGZy+swbg5Ktni74='),(618,'ㅇㅣㅇㅠㄴㄱㅣ[ㅅㅓㅇㅜㄹ_1ㅂㅏㄴ_A106]ㅌㅣㅁㅇㅝㄴ','oLDOH+aGC4eDFwcXFCvmmuogCeZiQxKdtTVArbnQwPY='),(619,'ㅂㅏㄱㅈㅣㅎㅜ[ㅅㅓㅇㅜㄹ_ㄱㅣㅇㅓㅂㅇㅕㄴㄱㅖ_S102]ㅌㅣㅁㅈㅏㅇ','olJmCqTtW7UFL18hd8vpf5bSpwUQVYKw+d7Pa/aj6m0='),(620,'ㅇㅏㄴㅈㅐㅎㅕㄴ[ㄷㅐㅈㅓㄴ_ㅇㅗㅍㅡㄴㅅㅗㅅㅡ_S202]ㅌㅣㅁㅇㅝㄴ','omWRjfF2V3sywSoBf2GbohLw2z8zJ/oNzqrOpA8eTLw='),(621,'ㅇㅣㅇㅣㄴㄱㅠ[ㅅㅓㅇㅜㄹ_1ㅂㅏㄴ_A101]ㅌㅣㅁㅇㅝㄴ','OP5UP+HXzjohbneTiZemV9ypyHXkZeqnlNoeGi/RUCA='),(622,'ㄱㅏㅇㄷㅗㅇㅇㅝㄴ[ㅅㅓㅇㅜㄹ_4ㅂㅏㄴ_A408]ㅌㅣㅁㅇㅝㄴ','OPkAbmc+zqCmE/ZVe4y3J7csxsHSweLo5uJWntxnx6c='),(623,'ㅇㅠㄴㄷㅗㅇㅎㅢ[ㄷㅐㅈㅓㄴ_ㅇㅗㅍㅡㄴㅅㅗㅅㅡ_S205]ㅌㅣㅁㅇㅝㄴ','OsKK5vySKBOoSwKC90G7EZYn3kJhwPVBE6/h5CCWR1c='),(624,'ㅂㅏㄱㅇㅏㅇㅕㅇ(ㄱㅛㅇㅠㄱㅍㅡㄹㅗ)','oSsy/7Rb9cgEky5EONfh5AeoebAO7Cvy+LpufLdd0no='),(625,'ㅈㅓㅇㅇㅣㄴㅅㅓㄱ[ㄱㅜㅁㅣ_2ㅂㅏㄴ_D204]ㅌㅣㅁㅇㅝㄴ','oUFcG4ZVZyiOy1Z4gFD9ZaOYBELg4ktcBnfeKLRegFQ='),(626,'ㅈㅏㅇㅈㅓㅇㅎㅜㄴ[ㄱㅘㅇㅈㅜ_ㄱㅣㅇㅓㅂㅇㅕㄴㄱㅖ_S104]ㅌㅣㅁㅈㅏㅇ','OyoUg8Ovt8nvuiuHurtbPqu+qdZFu5y4lbUbIqDrM/w='),(627,'ㅅㅓㅇㅜㄹ_14ㅂㅏㄴ_ㅊㅚㅎㅖㅈㅣㄴ','oZi2i2qVdfVQTThcvoUnuW2FUMVe9XHHzW4vtJ2aujc='),(628,'ㄱㅣㅁㅅㅓㅇㅈㅐ(ㄷㅏㅁㄷㅏㅇㄱㅛㅅㅜ)','p+cgWg4dfB57zXlAGREOigQQH4Wla3bscdV9SOYokcA='),(629,'ㅁㅏㅅㅜㅇㅕㄴ ㄱㅛㅇㅠㄱㅍㅡㄹㅗ[ㅊㅟㅇㅓㅂ]','p/5K1Qy7ThC+eza1e6tvyAvWxHXfQzLUhOPIU3MkxqU='),(630,'ㄱㅘㅇㅈㅜ_A-1_ㄴㅏㅁㅈㅜㄴㅎㅗ','P/dFMj4rYoDAAmgDErfNYOYVAigAYxw7ADsA00QBjD4='),(631,'ㅈㅓㄴㅎㅗㅈㅓㅇ[ㅂㅜㅇㅜㄹㄱㅕㅇ_ 1ㅂㅏㄴ_E101]ㅌㅣㅁㅇㅝㄴ','P0HhqDuI3mdNdXcxS7dZ+xdmzxb26SQ6eaysGs0kdI8='),(632,'ㄴㅏㅈㅣㅇㅕㅂ[ㅅㅓㅇㅜㄹ_3ㅂㅏㄴ_A305]ㅌㅣㅁㅇㅝㄴ','P6upeztJ6Fn7F1LlyuEtEdYAaUGkxRTqpRqwY8eE+2c='),(633,'ㄱㅣㅁㅊㅣㅇㅜ[ㄷㅐㅈㅓㄴ_ㅇㅗㅍㅡㄴㅅㅗㅅㅡ_S203]ㅌㅣㅁㅇㅝㄴ','P9HtEjcLxoMrbTDXETDwBV5PNOWNMPlhz01vKs3aKBY='),(634,'ㄱㅣㅁㄷㅗㅇㅎㅕㄴ[ㄱㅜㅁㅣ_1ㅂㅏㄴ_D103]ㅌㅣㅁㅇㅝㄴ','PA6naoccfRWEPTXZi++4kA10jYI0sz+ncj9V+uQfUDQ='),(635,'ㅊㅚㅈㅐㅈㅣㄴ[ㅅㅓㅇㅜㄹ_3ㅂㅏㄴ_ A302]ㅌㅣㅁㅇㅝㄴ','pajiYh/jA27Gb4mF0f5PA2O7sBOagsBspMFfzk/KgPM='),(636,'ㄱㅣㅁㅁㅣㄴㅊㅐ[ㅅㅓㅇㅜㄹ_3ㅂㅏㄴ_A302]ㅌㅣㅁㅈㅏㅇ','pdDR9fdwoO/f474Yv4aaAzfdxqBR01aWvpn9LkGDBRc='),(637,'ㄱㅣㅁㅇㅠㄴㅂㅣㄴ[ㄱㅘㅇㅈㅜ_1ㅂㅏㄴ]ㅅㅣㄹㅅㅡㅂㅋㅗㅊㅣ','PDrQdK5NRIKFdUy32FxhXoLJxO2bNxAeK/lhZaJMRzw='),(638,'ㅈㅏㅇㅈㅣㅂㅣㄴ[ㄷㅐㅈㅓㄴ_ㅇㅗㅍㅡㄴㅅㅗㅅㅡ_S202]ㅌㅣㅁㅇㅝㄴ','Pdzhha9RG4v5Qvy0ZBdI2Lsd4td5MegHuNUjfoVaTa0='),(639,'ㅅㅗㄴㅁㅣㄴㄱㅣ[ㄱㅘㅇㅈㅜ_2ㅂㅏㄴ_C206]ㅌㅣㅁㅈㅏㅇ','pEqQnDGfTZMcv0JNd90nNLuMSnkWOfX6P9AY8+A69iA='),(640,'ㅇㅠㄴㅅㅓㅇㅂㅣㄴ[ㄱㅘㅇㅈㅜ_1ㅂㅏㄴ_C105]ㅌㅣㅁㅇㅝㄴ','PEQyNe3DoChxnEN1drT2oQ8JZ0q94lSPD9kJoumZLoU='),(641,'ㅎㅘㅇㅈㅓㅇㅈㅜㄴ[ㅅㅓㅇㅜㄹ_3ㅂㅏㄴ_A303]ㅌㅣㅁㅇㅝㄴ','PGqQW774nYdfgbHECYLRbA79V23zF8r11Z4ttrLzfXE='),(642,'ㅂㅐㅇㅛㅇㅎㅏㄴ[ㅅㅓㅇㅜㄹ_ㅇㅗㅍㅡㄴㅅㅗㅅㅡ_S201]ㅌㅣㅁㅇㅝㄴ','ph4Bhiz/TJwKSkwwd+0T4ufJKvsDgvWud3HmhHlcOy8='),(643,'ㅈㅗㅎㅕㄴㅇㅏ[ㅂㅜㅇㅜㄹㄱㅕㅇ_1ㅂㅏㄴ_E102] ㅌㅣㅁㅈㅏㅇ','PH4PhzZMFhoOFDDaA86GWHtD2oxK1fH3L4/TqOQ5Gu4='),(644,'ㄱㅣㅁㅅㅏㅇㅎㅢ[ㄱㅜㅁㅣ_2ㅂㅏㄴ_D204]ㅌㅣㅁㅇㅝㄴ','pIiWDwt+t6ojqSLAVqanP+dsVJbj4jHX97+DVR+O9sg='),(645,'ㅇㅣㅅㅜㅁㅣㄴ[ㅅㅓㅇㅜㄹ_4ㅂㅏㄴ_A405]ㅌㅣㅁㅇㅝㄴ','Pj49+UnEpEVfHXxTCKnmXTQN5RF9Ea9zW5RBiMfET5Y='),(646,'ㅇㅑㅇㅇㅏㄹㅡㅁ[ㄱㅜㅁㅣ_1ㅂㅏㄴ_D104]ㅌㅣㅁㅇㅝㄴ','PjKd/Eig5xqK820ki7QkvoAJAgEz1Ng/Lo6SeVti3Z0='),(647,'ㄱㅣㅁㅈㅜㅎㅑㅇ[ㄷㅐㅈㅓㄴ_2ㅂㅏㄴ_B202]ㅌㅣㅁㅈㅏㅇ','pjsN3wv0nAv9WfU/NFV9lUe9qpQa7cxymAA4wDRqkr0='),(648,'ㅅㅓㅇㅜㄹ_14ㅂㅏㄴ_ㄱㅣㅁㄱㅣㅇㅠㄴ','pLn3KspzQ7K3lv/D3o1t8I83yKplVzoKBrj/W2gQKJo='),(649,'ㅇㅣㅈㅜㅇㅛㅇ[ㄱㅘㅇㅈㅜ_2ㅂㅏㄴ_C205]ㅌㅣㅁㅇㅝㄴ','plTUDYD10u5eo1rWkvrlcxoJk0fx+XTteo/yc4QXM7E='),(650,'ㄱㅘㅇㅈㅜ_A-1_ㅂㅐㄱㅅㅡㅇㅈㅜㄴ','pm5A0dh0hv50SVSGa7JMEzXKHp/dNupe57nm/VKuNN4='),(651,'ㄱㅣㅁㅎㅖㅇㅣㄴ[ㄱㅘㅇㅈㅜ_1ㅂㅏㄴ_C105]ㅌㅣㅁㅇㅝㄴ','pn6XnUDclnZ0PvN+Z1QW4uhZpujDFj9RWQwX96W+MsE='),(652,'ㅈㅗㅎㅐㅅㅓㅇ[ㅂㅜㅇㅜㄹㄱㅕㅇ_2ㅂㅏㄴ_E205]ㅌㅣㅁㅇㅝㄴ','PorEGUDc+sK2CJGqVe+L9FZzRzPLxn5298XBKO1Mics='),(653,'ㅇㅣㄱㅓㄴㅇㅕㅇ[ㄱㅘㅇㅈㅜ_1ㅂㅏㄴ]','PPFQCHLM1VAWMbsON7zc++aB5OG2ySJU5302lJi75C0='),(654,'ㅂㅏㄱㅈㅜㄴㅇㅛㅇ[ㄱㅜㅁㅣ_1ㅂㅏㄴ_D106]ㅌㅣㅁㅈㅏㅇ','Ppjdt55mIkD0ymotbhbhRHCRU3AfYxAcMKsP720Q77Q='),(655,'ㄴㅏㅁㅇㅡㄴㅅㅓㅇ[ㅅㅓㅇㅜㄹ_2ㅂㅏㄴ_A205]ㅌㅣㅁㅇㅝㄴ','Ptoz+/C4Ru2IkaOczj61KiC5ykPziGQq/dOnPmvC0M0='),(656,'ㅎㅗㅇㅇㅡㄴㅎㅖ[ㄷㅐㅈㅓㄴ]ㄱㅛㅇㅠㄱㅍㅡㄹㅗ','pu7VnC/9yiwV0RqYsWkPrbasaTm/STu8Y0HQCkYdMJk='),(657,'ㄱㅘㅇㅈㅜ_1ㅂㅏㄴ_ㅊㅚㅇㅕㅇㅅㅜ','Px8EtgRt1V563ovyVZKkigCJan6NnZWMzaD3YFaxUmE='),(658,'ㅂㅏㄱㅊㅏㅇㄱㅓㄴ[ㄱㅜㅁㅣ_2ㅂㅏㄴ_D204]ㅌㅣㅁㅇㅝㄴ','pZavKrw0nSv7pl8B4F1LP4MsxEGCu3VSE8pjiwXWUOc='),(659,'ㅅㅓㅇㅜㄹ_3ㅂㅏㄴ_ㅇㅣㄱㅣㅈㅣㄴ','PZv/bEeMAu7+WBsnGGc18IKbKXXvHY6+fz5bSw5PDII='),(660,'ㅈㅓㅇㅎㅐㅇㅠㄴ[ㅅㅓㅇㅜㄹ_ㅇㅗㅍㅡㄴㅅㅗㅅㅡ_S201]ㅌㅣㅁㅇㅝㄴ','pZWDx54FeQVEL3SOfvn8nb0exF2k65KfF+aV3bl46iU='),(661,'ㅇㅣㅅㅡㅇㄱㅘㄴ[ㄱㅜㅁㅣ_2ㅂㅏㄴ_D205]ㅌㅣㅁㅇㅝㄴ','Q08lkJ2xUdUILJf1uYXppeXzjzY3mMQXIZVTLylG6kk='),(662,'ㅈㅓㅇㅇㅜㅊㅓㄹ[ㄱㅘㅇㅈㅜ_1ㅂㅏㄴ_C102]ㅌㅣㅁㅇㅝㄴ','Q3hK6BAgwpSu3NqaDuiKFV2RNng+tUNoDLuZSiHMvoM='),(663,'ㅇㅣㅅㅏㅇㅇㅕㅂ[ㅂㅜㅇㅜㄹㄱㅕㅇ_2ㅂㅏㄴ_E207] ㅌㅣㅁㅇㅝㄴ','Q56cy/P05g6itCCF2H9HLD7fia27vvsVum19iPQ82YE='),(664,'ㅅㅓㅇㅜㄹ_4ㅂㅏㄴ_ㅇㅣㅁㅣㄴㅎㅕㅇ','q9L9UMtBz16BDyur5yU26kqH4ccS4h1lLUBqg15FE7c='),(665,'ㅇㅣㅈㅗㅇㅈㅜㄴ[ㄱㅘㅇㅈㅜ_2ㅂㅏㄴ_C203]ㅌㅣㅁㅇㅝㄴ','qb7GKRD8vMkHuU/1mEApDnZRztII8xod/Sq9w/UKt0c='),(666,'ㄴㅗㅎㅏㅇㅠㄴ[ㅅㅓㅇㅜㄹ_3ㅂㅏㄴ_A305]ㅌㅣㅁㅇㅝㄴ','QBgmwvcaH/Sq3ar4BYRa+Ds4XYhiWl77pLcQ5vS+kfM='),(667,'ㄷㅗㅈㅣㅇㅡㄴ(ㄱㅛㅇㅠㄱㅍㅡㄹㅗ)','qCZuE5bIboNP+qwG4C1TR6zocEjN8AoijMv8q+TpxH0='),(668,'ㅅㅣㄴㅁㅣㄹㅐ[ㄷㅐㅈㅓㄴ_1ㅂㅏㄴ_B101]ㅌㅣㅁㅇㅝㄴ','qGWWM127LYq46uTkHC5OlrIWS3LA8A1ujOOX2guLdCA='),(669,'ㅈㅗㅇㅛㅇㄱㅜ[ㄷㅐㅈㅓㄴ_2ㅂㅏㄴ_B204]ㅌㅣㅁㅇㅝㄴ','QIArmakWwVGY3a5mh0z4kgdyH2kYHPb172S5jLdO+DU='),(670,'ㅇㅣㅁㅣㄴㄱㅠ[ㅅㅓㅇㅜㄹ_ 6ㅂㅏㄴ_ A601]ㅌㅣㅁㅇㅝㄴ','qK1nZxMKDAN7XKqQMwMZldMf5pMjLFAzYYpSOGioQtE='),(671,'SYSTEM','Qk7A8yY10JYkqJw7syXGIiaiIt0rX1O/8Z8EFxsva00='),(672,'ㅈㅗㅇㅛㅇㅁㅜㄴ[ㅅㅓㅇㅜㄹ_3ㅂㅏㄴ_A303]ㅌㅣㅁㅇㅝㄴ','qkBt/27iZqDuPcyzkkBediXzjyPWY/I+JAeapg7V3Rs='),(673,'ㅇㅣㅌㅐㅇㅛㅇ[ㄱㅣㅇㅓㅂㅇㅕㄴㄱㅖㅂㅏㄴ]ㅅㅣㄹㅅㅡㅂㅋㅗㅊㅣ','qkvdFB7tc3thMC9q5onatd2TtyJSWVjJ4/9t1MvCjQ0='),(674,'ㅈㅓㅇㅅㅜㅂㅣㄴ(ㄱㅛㅇㅠㄱㅍㅡㄹㅗ)','qL4/KWxRwtD7HVhohsU3nIeKAGOg7XViiQ8kXpgD7do='),(675,'ㅇㅣㅁㅕㅇㅅㅓㅇ[ㄱㅜㅁㅣ_1ㅂㅏㄴ_D102]ㅌㅣㅁㅇㅝㄴ','Qm0iGDfl0SgXhoVaueA/P0VG7e3iipJ1VbnrS5B+Tp8='),(676,'ㅅㅓㅇㅖㅈㅣㄴ[ㄱㅘㅇㅈㅜ_2ㅂㅏㄴ_C205]ㅌㅣㅁㅈㅏㅇ','qMQgNYfZGG/qzM75qQA2rUo4Acg/wG1dVmeOzyCSqRs='),(677,'ㅅㅗㄴㅅㅓㄴㅇㅜ_1ㅂㅏㄴ_ㄱㅘㅇㅈㅜ','qmTdah0WLHKO5+Pjug02bLGkN/KX1u8Jbld1ieipEkg='),(678,'ㅂㅏㄱㅅㅏㅇㅈㅜㄴ[ㅂㅜㅇㅜㄹㄱㅕㅇ_2ㅂㅏㄴ_E205] ㅌㅣㅁㅇㅝㄴ','qoD8AkT9ryrFOzPYQMqbF1Is/k0bQsYvsPobqa3bOSA='),(679,'ㄹㅠㅁㅣㄴㅈㅓㅇ','qqIlZH0ssyxK8oK39EjkYiCh3aB0J1vUigkAacKurKE='),(680,'ㄱㅣㅁㅇㅡㄴㅅㅓ[ㄱㅘㅇㅈㅜ_1ㅂㅏㄴ_C104]ㅌㅣㅁㅇㅝㄴ','qrdb2PBV/AcIthoFenbgKyoflBSvCPAwb+1JOLyb28k='),(681,'ㅊㅏㅅㅏㅇㅎㅜㄴ[ㅂㅜㅇㅜㄹㄱㅕㅇ_2ㅂㅏㄴ_E203] ㅌㅣㅁㅇㅝㄴ','QRlUPWonV26H4ceXsDLZvzifV1cPUU/AL6wN+sTqKPQ='),(682,'ㄱㅜㅁㅣ_6ㅂㅏㄴ_ㅇㅣㅈㅓㅇㅈㅣㄴ','qrQdw5Mi89PAKyzi6FX/LkfxaSFoUmi2786y2g4Zjfs='),(683,'ㅅㅓㅈㅣㅇㅝㄴ[ㄱㅜㅁㅣ_S1_S105]ㅌㅣㅁㅈㅏㅇ','QSGqsRGuCAXjtE0pULUVw6CvpoH5EPEwpWNySw/oyZ8='),(684,'ㄱㅣㅁㅂㅓㅁㅈㅣㄴ(ㄷㅏㅁㄷㅏㅇㄱㅛㅅㅜ)','qt1UVAWk6GyjoEvLMH3muMBCbJVklpBpk+UU5E6oqLU='),(685,'ㅇㅏㄴㅈㅓㅇㅅㅓㄱ[ㄷㅐㅈㅓㄴ_2ㅂㅏㄴ_B207]ㅌㅣㅁㅇㅝㄴ','qTQAOpgryA4I1ch6+6zRJJhA0WNGDoA8DOOoX+nbgc0='),(686,'ㅇㅠㄴㅎㅖㄱㅜ[ㅅㅓㅇㅜㄹ_2ㅂㅏㄴ_A206]ㅌㅣㅁㅇㅝㄴ','QtwtRKJjBukC+jEfg1l0Cv7Gzvgn1tLrxc2YYOxm+VM='),(687,'ㄱㅣㅁㄱㅕㅇㅅㅓㄱ[ㅅㅓㅇㅜㄹ_1ㅂㅏㄴ_A106]ㅌㅣㅁㅇㅝㄴ','QUSC2q/Ia0kcmXzZ+dmLs4oLgNawNgx8nQwvuL7gcEQ='),(688,'ㅂㅏㄱㅇㅜㄱㅕㅇ[ㄱㅜㅁㅣ_1ㅂㅏㄴ_D107]ㅌㅣㅁㅇㅝㄴ','QVtVFpxFHI6i21XNuXnvJFnqSRsfGXtHNDT2h4YYnnc='),(689,'ㅊㅚㅇㅕㅇㅂㅣㄴ[ㄱㅜㅁㅣ_1ㅂㅏㄴ_D103]ㅌㅣㅁㅇㅝㄴ','Qx8OGBZiozk3Rqn/Xopocfq6Zo0h2Z0O6wF1JMAEiDY='),(690,'ㅇㅣㅇㅠㅈㅣㄴ ㄱㅛㅇㅠㄱㅍㅡㄹㅗ(ㄱㅘㅇㅈㅜ ㅈㅏㅇㅠㄹ 1ㅂㅏㄴ)','qxaERudvP/Cu8a+uGtrR9YCYvshD0jVUwVy25Urp1kM='),(691,'ㄱㅣㅁㅅㅡㅇㅎㅕㄴ[ㅅㅓㅇㅜㄹ_1ㅂㅏㄴ_A103]ㅌㅣㅁㅈㅏㅇ','qXjygKWWQk1rRRgEQ+sO/U9RPF6L6xBSk3cunJRaBZE='),(692,'ㅅㅗㅇㄱㅕㅇㅎㅢ[ㄱㅜㅁㅣ_2ㅂㅏㄴ_D201]ㅌㅣㅁㅇㅝㄴ','r+yZb4SaUyH0I1N2iTHM4/7qSzpyZghb+5gifYqWXEM='),(693,'ㅅㅓㅇㅜㄹ_14ㅂㅏㄴ_ㅇㅣㅁㅣㄴㅎㅗ','r2ccW+Z25UsUmTBmm1yM7z2Hb3MryOFNvQWmZNW+pNA='),(694,'ㅎㅏㅇㅠㄴㅈㅜ[ㅅㅓㅇㅜㄹ_4ㅂㅏㄴ_A403]ㅌㅣㅁㅇㅝㄴ','r57dsdXBh+bTT3j8bma3a4lYth1f3a585+6EmmyqoPs='),(695,'ㄹㅠㄷㅐㅅㅓㅇ[ㅅㅓㅇㅜㄹ_4ㅂㅏㄴ_A401]ㅌㅣㅁㅇㅝㄴ','R6vRkYS7RPssm9UJGI/KIA2ZrZDEROzC6G4y23D+8Is='),(696,'ㄱㅣㅁㅎㅕㄴㅌㅐ[ㅂㅜㅇㅜㄹㄱㅕㅇ_1ㅂㅏㄴ_E105] ㅌㅣㅁㅈㅏㅇ','r7cQgDSlOvkP/tzKkrAvduAdTmUn61dlG6kcS/kca+U='),(697,'ㅎㅏㄴㅅㅓㅇㅎㅢ[ㅂㅜㅇㅜㄹㄱㅕㅇ_1ㅂㅏㄴ_E103] ㅌㅣㅁㅇㅝㄴ','r96onmg/yya9PdUeE4dKkr6DoRzFbPTPrAaN9yLDzao='),(698,'ㄱㅝㄴㅇㅕㅇㅈㅜㄴ[ㄱㅜㅁㅣ_2ㅂㅏㄴ_D207]ㅌㅣㅁㅇㅝㄴ','R9Gm7GuEccFlQwaZzi6GSqHQrRoZS37MA4k+/HcF7tk='),(699,'ㅂㅏㄱㅈㅜㅁㅣ[ㅅㅓㅇㅜㄹ_4ㅂㅏㄴ_A407]ㅌㅣㅁㅇㅝㄴ','RA/pVN1uNMh8ujZhpVOHJER3fMGrk7mKoKtCcBfaEss='),(700,'ㄱㅣㅁㅇㅠㅈㅣㄴ[ㄷㅐㅈㅓㄴ_2ㅂㅏㄴ_B203]ㅌㅣㅁㅈㅏㅇ','rA/SbOliDcDibwD917prndtGKHEOwjakL1NY1y1VsKQ='),(701,'ㅈㅓㅇㅎㅢㅇㅕㄴ[ㄷㅐㅈㅓㄴ_2ㅂㅏㄴ_B201]ㅌㅣㅁㅇㅝㄴ','rAy3RZ76Wo5PAfWWSlHVxvKrFZOB8A78q+/93CWZq7k='),(702,'ㅈㅓㄴㄱㅓㄴㅎㅏ[ㅅㅓㅇㅜㄹ_4ㅂㅏㄴ_A406]ㅌㅣㅁㅇㅝㄴ','RDKYFMSuJA54YWzeORTfUR7iZgftQYFMEK2Birdhh0E='),(703,'ㅅㅗㄴㅅㅜㅇㅕㄴ[ㅅㅓㅇㅜㄹ_1ㅂㅏㄴ_A105]ㅌㅣㅁㅇㅝㄴ','rgzxRZZHTTjyIvzQX5q2Ap4bnyZdaD1MYIGVcdlebpI='),(704,'ㅅㅓㅇㅜㄹ_B-9_ㅈㅓㄴㅅㅏㅇㅁㅣㄴ','rJUwRS4UnoCLHvPxWZCeLTlVUF1QNaPPuHFWU2VbBzI='),(705,'ㄱㅣㅁㅇㅣㄹㅎㅘㄴ[ㄱㅘㅇㅈㅜ_1ㅂㅏㄴ_C107]ㅌㅣㅁㅇㅝㄴ','RL0tx/TUUS6Nh6pGdDuS6Dyk1dc8lJu7Q7sopY61nN4='),(706,'ㄹㅠㅇㅘㄴㅅㅜ[ㅅㅓㅇㅜㄹ_1ㅂㅏㄴ_A102]ㅌㅣㅁㅇㅝㄴ','RLYQ8ZzVX4WsSZICSfIWoEqNujB4zGNbjvT4IXxEam8='),(707,'ㄱㅣㅁㅅㅓㅇㅎㅕㄴ[ㄱㅘㅇㅈㅜ_2ㅂㅏㄴ_C204]ㅌㅣㅁㅇㅝㄴ','rT4RD+Z/6wy7cb9Krsh0Fx5xy1gamaiVy2JfsLixH9o='),(708,'ㅂㅏㄱㅎㅏㄴㅂㅣㄴ[ㄱㅘㅇㅈㅜ_1ㅂㅏㄴ_C101]ㅌㅣㅁㅈㅏㅇ','rUygh0V7RHBtzgJEhmXaUcpbqNPzTYV92KchRTg1l18='),(709,'ㄱㅏㅇㅅㅣㅁㅗㄴ(ㅋㅓㄴㅅㅓㄹㅌㅓㄴㅌㅡ)','RV5GsyzQ/B7oJDHE9paKhnhfUFejZdXEfMWwliBX1Pw='),(710,'ㅇㅠㄴㅇㅝㄴㅈㅓㅇ[ㄷㅐㅈㅓㄴ_2ㅂㅏㄴ_B207]ㅌㅣㅁㅇㅝㄴ','RXz7tVsUOBNEQOAIFiP3HhQZMjeHjFzFS87rTrSJTuU='),(711,'ㅅㅗㅇㅅㅏㅇㅂㅣㄴ[ㄱㅘㅇㅈㅜ_2ㅂㅏㄴ_C204]ㅌㅣㅁㅈㅏㅇ','rzjpPi8FhsbaaWMsKKD0osEKImZdeiGeMUtgdFiKPjg='),(712,'ㅈㅓㄴㅎㅕㄴㅁㅣㄴ[ㅅㅓㅇㅜㄹ_ㄱㅣㅇㅓㅂㅇㅕㄴㄱㅖ_S102]ㅌㅣㅁㅇㅝㄴ','rZWu+rNNzUBrd0ZZQPSd3Fj6z6s65zkREQOy7fVx7fQ='),(713,'ㅇㅠㄴㄱㅘㄴ[ㅂㅜㅇㅜㄹㄱㅕㅇ_ㄱㅣㅇㅓㅂㅇㅕㄴㄱㅖ_S107]ㅌㅣㅁㅈㅏㅇ','S4+N6gwDbXJUp6PBN6z/hJ3HmdDU7mNROOh7frzkpFE='),(714,'ㅇㅠㅂㅕㅇㅈㅐ[ㄱㅘㅇㅈㅜ_2ㅂㅏㄴ_C202]ㅌㅣㅁㅇㅝㄴ','s54ep+NMf7EgxMVQM+CkUR3vCBONewkC2xa56Q9Dda0='),(715,'ㄱㅣㅁㅅㅡㅇㄱㅠ[ㅅㅓㅇㅜㄹ_6ㅂㅏㄴ]','s7g6HgsgEaiMOPkoWYIjJb2uDXxzwdTlJj6iGZkBIsY='),(716,'ㅇㅣㅅㅜㅎㅘㄴ[ㄱㅜㅁㅣ_1ㅂㅏㄴ_D101]ㅌㅣㅁㅇㅝㄴ','s8HMkQ6o/e3PttINJ2xhhhb4n75e9A/U6jhykqSQcv0='),(717,'ㅈㅗㅌㅐㅇㅕㄴ[ㄱㅜㅁㅣ_1ㅂㅏㄴ_D104]ㅌㅣㅁㅇㅝㄴ','S8omzQd1QH8HXHfBTI5jooPK0pPmfo1CxMsyGxdvhDE='),(718,'ㅅㅓㅇㅜㄹ_14ㅂㅏㄴ_ㅇㅣㅇㅠㅈㅣㄴ','SAq/Ue3uEUIF3JNogyTSaklxtqb5eX6c5qfOOKdsHSw='),(719,'ㅊㅟㅇㅓㅂㅈㅣㅇㅝㄴㄱㅡㄹㅜㅂ','SBnoJY0gZ/rPjnCaoVZE5wR1vliUMGCDnJhcdvovVRw='),(720,'ㄱㅣㅁㅎㅢㄱㅓㄴ','sCPY3BKmjGiJS3BBN3ZEJAmGA3mrYZmwnC/dx0u36xs='),(721,'ㅂㅏㄱㅎㅘㄴㅎㅢ(ㄱㅛㅇㅠㄱㅍㅡㄹㅗ)','sEWCli39GmOdZWpCnxvv/1gEkBNrMD6I75f4RyMi3pk='),(722,'ㅇㅓㅅㅓㅂㅣㄴ[ㅂㅜㅇㅜㄹㄱㅕㅇ_1ㅂㅏㄴ_E101]ㅌㅣㅁㅇㅝㄴ','SEzasteHj0LDlQvE9yWFF3GwNMtm/U3+qSVUTPmpv7I='),(723,'ㅊㅚㅇㅜㅇㅕㅇ(ㄱㅛㅇㅠㄱㅍㅡㄹㅗ)','SG+RPw7V1D7u+s75UYNfh3/lKHNw5KN5VKzZACHQs6Q='),(724,'ㄱㅏㅇㅁㅣㄴㅊㅓㄹ[ㄱㅘㅇㅈㅜ_1ㅂㅏㄴ_C101]ㅌㅣㅁㅇㅝㄴ','SjA/U99gyWRMN9F0GoGUvmrNlnbbvW160wdXzbXBJqk='),(725,'ㄱㅏㅇㅁㅣㄴㅇㅜ[ㄱㅘㅇㅈㅜ_2ㅂㅏㄴ]','sKdYB8UTRrilS/a6p5tvbxPM19pP3B9kcP4eku9qpdE='),(726,'ㅊㅚㅁㅣㅈㅓㅇ(ㄱㅛㅇㅠㄱㅍㅡㄹㅗ)','SkJq34Ahjxqg7PYxGPFhVgiXtZr140eI+ayN2jNt5fA='),(727,'ㅇㅣㅇㅠㅈㅣㄴ[ㄱㅜㅁㅣ_2ㅂㅏㄴ_D208]ㅌㅣㅁㅇㅝㄴ','SLmI/9/6cLEnJi0C+j97JXupl4kxqe6kh/RUl+Vvrmw='),(728,'ㅇㅏㄴㅇㅕㅇㅇㅝㄴ[ㅂㅜㅇㅜㄹㄱㅕㅇ_2ㅂㅏㄴ_E201]ㅌㅣㅁㅇㅝㄴ','smifVAW1VaoXDS/i0KfrJeYRyVVewR7SIQndDVenDE4='),(729,'ㅂㅏㄱㅇㅏㄹㅏㅁ[ㄷㅐㅈㅓㄴ_1ㅂㅏㄴ_B107]ㅌㅣㅁㅈㅏㅇ','smXGcS6TU5MMrZ//Nerqvas2JtdWg/Z66e9QeKBtyxU='),(730,'ㅂㅐㅈㅜㄴㅎㅗ[ㄱㅜㅁㅣ_2ㅂㅏㄴ_D207]ㅌㅣㅁㅇㅝㄴ','SNIjX2iyFVLlK+EQSvrRkN8M7VlVqx+U76sDEWzHxos='),(731,'ㅅㅓㅇㅜㄹ_11ㅂㅏㄴ_ㅊㅚㅈㅓㅇㅇㅡㄴ','snm4ekSh5vZ2nQllEyMQlCXD9qn6PkdEsKzGZcka00Q='),(732,'ㄱㅣㅁㅁㅣㄴㅈㅣㄴ(ㄱㅛㅇㅠㄱㅍㅡㄹㅗ)','SPAfTGXTHP+juDxPEgTXT12AZpkbg6VHeCkDPAHeRqE='),(733,'ㅅㅓㅅㅏㅇㅇㅛㅇ[ㄱㅜㅁㅣ_1ㅂㅏㄴ_D104]ㅌㅣㅁㅇㅝㄴ','spTcLr2kV+8+Og7ewnfawY+NdTshQCDJlkMhwbEOu2I='),(734,'sehoon27.kwon','Sq2yT/zqWnkA876LKdY7ABI5JsPVAHnP3tuU5z5sroU='),(735,'ㅅㅓㅇㅜㄹ_14ㅂㅏㄴ_ㅂㅏㄱㅁㅣㄴㅊㅓㄹ','SsnUnc0ULUrHMC1zCqdVNoNDKr50oRCFcOuoqDJzaWo='),(736,'ㅇㅣㅁㄱㅣㅌㅐ[ㄱㅜㅁㅣ_2ㅂㅏㄴ_D205]ㅌㅣㅁㅇㅝㄴ','StBYcv26gE3u/aSwBRqj2VkmxT8eio1H+opyyD0nuyw='),(737,'ㅈㅏㅇㅈㅣㅇㅕㅇ_[ㄱㅘㅇㅈㅜ_1ㅂㅏㄴ]','su7azcVOC5NFUdv9fKBnurZWbN07L3KBZ7Zv32WLL3I='),(738,'ㅅㅓㅇㅜㄹ_1ㅂㅏㄴ_ㄱㅣㅁㅇㅡㄴㅈㅣ','suH3hjCoH2GTsSpuR6O2Xwj897EwyKIAjABTP709edM='),(739,'ㅈㅓㄴㅊㅏㅇㄱㅣ[ㄱㅜㅁㅣ_2ㅂㅏㄴ_D203]ㅌㅣㅁㅈㅏㅇ','SY44fQ4KmR90JBQVssR++2qnsy5XquUbcND6rESsi1w='),(740,'ㄱㅣㅁㅅㅣㅇㅡㄴ[ㄱㅜㅁㅣ_2ㅂㅏㄴ_D206]ㅌㅣㅁㅇㅝㄴ','sZmMr10bFHqcVVeY4neqFfODU70sLK8gr46t53X5y4Y='),(741,'ㄴㅏㅁㄱㅣㅇㅛㅇ[ㅅㅓㅇㅜㄹ_6ㅂㅏㄴ]','Szo+7V8/7gakKJJWLxEqhPoKJlnlNJutu/vfErbUm6s='),(742,'ㅈㅓㅇㅈㅗㅇㅎㅕㄱ[ㄱㅜㅁㅣ_1ㅂㅏㄴ_D103]','t0DyYvXhi4AeUbTBrI40yNW4Tza6wWboVcLoSaZYJgE='),(743,'ㅈㅏㅇㅅㅓㅇㅈㅜㄴ[ㄱㅜㅁㅣ_2ㅂㅏㄴ_D211]ㅌㅣㅁㅇㅝㄴ','t14PPvuRnIkyATzzxre8jGYFBQcjioFSASo7OCwxXlw='),(744,'ㅇㅏㄴㅈㅐㅇㅕㅇ[ㅅㅓㅇㅜㄹ_ㅇㅗㅍㅡㄴㅅㅗㅅㅡ_S201]ㅌㅣㅁㅇㅝㄴ','t4+KOp2o2ES+dpwwOR0q5GG94ACvr8ZHb83SF0sON4s='),(745,'ㄱㅣㅁㅇㅕㅇㅎㅜ[ㅅㅓㅇㅜㄹ_2ㅂㅏㄴ_A202]ㅌㅣㅁㅇㅝㄴ','T4jbrm4szwLK5pxzHLO6NFbaJ0JEO7Jdtoo42Pd3UpE='),(746,'ㅇㅣㅎㅕㄴㅅㅓㄱ[ㄱㅜㅁㅣ_ㄱㅣㅇㅓㅂㅇㅕㄴㄱㅖ_S105]ㅌㅣㅁㅇㅝㄴ','T6T6ZTfrrpDdHs7toLeExm+Rdbe95l1yhNXkJHRROws='),(747,'ㅇㅣㅈㅜㅎㅕㄴ[ㄷㅐㅈㅓㄴ_2ㅂㅏㄴ_B203]ㅌㅣㅁㅇㅝㄴ','TBeB9ahWMB8Qf9FgC4kmZQL1kkIBFZMG1x/QLuWH64k='),(748,'ㄱㅣㅁㅅㅣㄴㅇㅣㄹ(ㄷㅏㅁㄷㅏㅇㄱㅛㅅㅜ)','tBGl+6t45Ho0jAyLkqW+jRsV2RffTThwyukMMmPp/Ec='),(749,'ㄱㅣㅁㄷㅗㅇㅇㅣㄹ[ㄱㅘㅇㅈㅜ_2ㅂㅏㄴ_C204]ㅌㅣㅁㅇㅝㄴ','TCFbY1K96DAhG1BXkTa1QB1II6wIJPjlR9rVwlwTUxo='),(750,'ㅇㅣㅅㅓㄱㄱㅠ[ㄱㅜㅁㅣ_2ㅂㅏㄴ_D203]ㅌㅣㅁㅇㅝㄴ','td8WRXGllNPWuiMQDPr97U0X6SQTgLYtOOnZq5ZfUug='),(751,'ㄱㅣㅁㅈㅜㅎㅗ[ㄷㅐㅈㅓㄴ_2ㅂㅏㄴ_B206]ㅌㅣㅁㅇㅝㄴ','TdxjoJLelRVEBbA9k9SIH72TcUGUrk3iubuajds9YdE='),(752,'ㅇㅣㅊㅏㄴㅎㅢ[ㄱㅜㅁㅣ_ㄱㅣㅇㅓㅂㅇㅕㄴㄱㅖ_S105]ㅌㅣㅁㅇㅝㄴ','TeTyeA/6b687cnGKE2QPeDx2LqKPvGXFdF5i6QAex/k='),(753,'ㅅㅓㅇㅜㄹ_13ㅂㅏㄴ_ㅂㅏㄱㅅㅓㅇㅎㅕㄴ','TEyfEjlRKfs5kfz+dqJVa9UoKphaXwZv1S35wCeYnWU='),(754,'','tF7MRdHJakzVq5t98F7Hi3iPf8aUNlR7xIpLRO6O66I='),(755,'ㄱㅣㅁㅇㅠㅈㅓㅇ[ㄷㅐㅈㅓㄴ_2ㅂㅏㄴ_B204]ㅌㅣㅁㅇㅝㄴ','TFUmn3VaJh6R1IlZ7ooX587YmyznooxjF9m24CWONlo='),(756,'ㅅㅓㅇㅜㄹ_14ㅂㅏㄴ_ㅇㅣㅅㅣㅎㅕㅇ','TgkylXalfmPPPyh0Tf7M1dvUOBezW5aoRaZasy+V7R8='),(757,'ㅈㅓㅇㅇㅝㄴㅅㅣㄱ[ㅅㅓㅇㅜㄹ_4ㅂㅏㄴ_A408]ㅌㅣㅁㅇㅝㄴ','tIl/1v+0T3loE+pWlULztJNHie9Gt1i6QuJ5IAtUm3o='),(758,'ㅇㅠㄴㅅㅓㄹ[ㄱㅘㅇㅈㅜ_1ㅂㅏㄴ_C102]ㅌㅣㅁㅇㅝㄴ','tJcsigxetlPwbxSw0/IYabSAdw2P3pR+ijIpA+gMUAw='),(759,'ㅇㅣㅅㅓㄴㅁㅣㄴ[ㅅㅓㅇㅜㄹ_1ㅂㅏㄴ_A106]ㅌㅣㅁㅇㅝㄴ','TjWfntajsYslEhK3AOHifvyw7m4xuWywimTjIxNB28c='),(760,'ㅈㅓㅇㅈㅣㅇㅕㅇ[ㅅㅓㅇㅜㄹ_3ㅂㅏㄴ_ A301]ㅌㅣㅁㅈㅏㅇ','tkhaVVSJyJVLg+oxbqvePmbKWCZkgPdhZrfEyeOvcXw='),(761,'ㅇㅣㅁㅈㅜㄹㅗㄴ_3ㅂㅏㄴ_ㄷㅐㅈㅓㄴ','tKpqXA6H2yvrw0hSWvpK8aJSPe6Mz80bKfJqNWJdIqQ='),(762,'ㅎㅏㄴㄱㅠㅈㅓㅇ[ㄱㅘㅇㅈㅜ_1ㅂㅏㄴ_C105]ㅌㅣㅁㅇㅝㄴ','tL+DwYiMSZ/YnuhTh+EwvGTvgZURVVr31otTFskC8xU='),(763,'ㄱㅏㅇㅌㅐㅎㅜㄴ[ㄱㅜㅁㅣ_2ㅂㅏㄴ_D207]ㅌㅣㅁㅈㅏㅇ','tmEf0iKzxc3UucgSOxn+CuioLZtdSHFCTVQ+cw1FAS0='),(764,'ㅂㅜㅇㅜㄹㄱㅕㅇ_4ㅂㅏㄴ_ㅈㅓㄴㅇㅕㅎㅜㄴ','tpqolAFEBxfjOi5SrP/Evt4DgTORLsp/lG+j20sa/E8='),(765,'ㅅㅗㅇㄷㅏㅅㅗㄹ[ㅅㅓㅇㅜㄹ_2ㅂㅏㄴ_A204]ㅌㅣㅁㅈㅏㅇ','tpXjprl9oLcXpd5ZVgIjwH1kv5yaYIWBHwKDphkOhIw='),(766,'ㅂㅜㅇㅜㄹㄱㅕㅇ_3ㅂㅏㄴ_ㄱㅣㅁㅅㅓㅈㅣㄴ','TqaWFrtnYowEPTWpKH9cbbbkJKLgZYl9i/inryzyW7s='),(767,'ㅈㅏㅇㅂㅗㅇㅣㄹ[ㅅㅓㅇㅜㄹ_1ㅂㅏㄴ]','tS0GSa6HLBb89IO6h69rVNfpnSFiSMo6fjluAkl+7WY='),(768,'ㅂㅏㅇㄱㅣㅈㅣㄴ[ㄱㅜㅁㅣ_1ㅂㅏㄴ_D105]ㅌㅣㅁㅇㅝㄴ','TT7vlGN1HF0C604r951C5rC5HJjz4mnT4rUbsb9hSOg='),(769,'ㅇㅣㅈㅐㅅㅓㅇ[ㄱㅜㅁㅣ_1ㅂㅏㄴ_D108]ㅌㅣㅁㅇㅝㄴ','tuQYlPcfz2pDMjA7EWQwShxmo1yty+ma29z6TbMULQs='),(770,'ㅅㅓㅇㅜㄹ_15ㅂㅏㄴ_ㅇㅗㅈㅣㅇㅝㄴ','tuVom3EE4nS7tfApWaTJXGwDeBF0DIGnVnleQpYGg90='),(771,'ㅂㅏㄱㅊㅏㄴㅇㅢ[ㄷㅐㅈㅓㄴ_1ㅂㅏㄴ_B109]ㅌㅣㅁㅇㅝㄴ','TV7CLX8fAaoROL4o8jNFX6GVg1Eq/MSR3TApdZzeQic='),(772,'ㅊㅚㅇㅠㄴㅅㅜ[ㅅㅓㅇㅜㄹ_2ㅂㅏㄴ_A205]ㅌㅣㅁㅇㅝㄴ','tVNyFtRUWYXOv3xNRudPzEnbFcCj4pt6zue4xwp4hiY='),(773,'ㅅㅓㅇㅜㄹ_14ㅂㅏㄴ_ㅇㅣㅅㅡㅇㅅㅜ','twnGG/Nr5l27fK/HgOpgHoueMIgFLuzzhefnbbNjtj4='),(774,'ㅅㅓㅈㅓㅇㅇㅜㄱ[ㄱㅘㅇㅈㅜ]ㅅㅣㄹㅅㅡㅂㅋㅗㅊㅣ','Tx0tsOiGZ4UK+NeuLX8hADWCrldKVwF4N8epvAMxnpA='),(775,'ㄱㅣㅁㅈㅓㅇㅇㅠㄴ[ㄷㅐㅈㅓㄴ_2ㅂㅏㄴ_B201]ㅌㅣㅁㅇㅝㄴ','TXcOM1n5BiGGYvkk4newHDlvK0giNEqzUIkLyb7w08s='),(776,'ㅅㅣㅁㅇㅏㅇㅠㄴ[ㅅㅓㅇㅜㄹ_1ㅂㅏㄴ_A101]','tyCiseZgDdce2qRUueepT6C8TRly0s94CDSg3UhIbLo='),(777,'ㅇㅣㄴㅈㅜㅂㅣ[ㅅㅓㅇㅜㄹ_4ㅂㅏㄴ_A402]ㅌㅣㅁㅇㅝㄴ','tyryuk7myQxZdcY363p1l0WA/fQc/qFGy2YtdFSyGQQ='),(778,'ㅇㅣㅈㅓㅇㅇㅓㄴ[ㄱㅘㅇㅈㅜ_2ㅂㅏㄴ_C201]ㅌㅣㅁㅇㅝㄴ','TySeXeSuIqIktoLrq2DTO5Ic4YOcrvIXUlrzQB/R/v8='),(779,'ㄱㅗㅇㅝㄴㅇㅕㅇ[ㄷㅐㅈㅓㄴ_1ㅂㅏㄴ_B103]ㅌㅣㅁㅇㅝㄴ','u+Z4SEmOnv9uBMnMBM1VXVaNeLw80G1xHtcDx3QIfDg='),(780,'ㅎㅓㅇㅡㄴㅇㅏ[ㅅㅓㅇㅜㄹ_1ㅂㅏㄴ_A104]ㅌㅣㅁㅇㅝㄴ','U0ek9ybpJEsHu9JF1zGGFBVL8/79sznrs7XXQSmuH/o='),(781,'ㅁㅜㄴㅅㅡㄹㄱㅣ[ㅂㅜㅇㅜㄹㄱㅕㅇ_1ㅂㅏㄴ_E104] ㅌㅣㅁㅇㅝㄴ','U1VVhm2eLNsk7R5cUull2SeHPq3n8MrpEuDbaW4I1KQ='),(782,'ㅅㅣㄴㅅㅓㄱㅇㅕㅇ[ㅅㅓㅇㅜㄹ_1ㅂㅏㄴ]','u5nWiXB67/7JhRps6vlQhr8NCTl8CODkQNoARVXcB+w='),(783,'ㄱㅣㅁㄴㅏㅁㅇㅜㄱ[ㄷㅐㅈㅓㄴ_1ㅂㅏㄴ_B103]ㅌㅣㅁㅈㅏㅇ','uB4VRyi3S+kDSb9i+t58wcDejDYXk5evsqOA4DZR8Tg='),(784,'ㄴㅏㅅㅗㅇㅕㅇ(ㅅㅓㅇㅜㄹㄱㅛㅇㅠㄱㅍㅡㄹㅗ)','UbtjvWeqDLlPg+APtMveHkXfKpgkV96Supd0FvURQHc='),(785,'ㄱㅣㅁㅇㅡㅇㅊㅓㄹ[ㄷㅐㅈㅓㄴ_1ㅂㅏㄴ_B104]ㅌㅣㅁㅈㅏㅇ','ucI6VOaRJFRdQQ7cjOXroON6qBmqIQzGlqZFMZGkyGA='),(786,'ㅇㅣㅈㅓㅇㅎㅕㄴ[ㅅㅓㅇㅜㄹ_7,8ㅂㅏㄴ]ㄱㅛㅇㅠㄱㅍㅡㄹㅗ','ue+VV+wz9E0SKBlu0m1v6XECVutOizfOtNH8rXk0sqQ='),(787,'ㅇㅣㅅㅓㅇㅈㅐ[ㅅㅓㅇㅜㄹ_4ㅂㅏㄴ_A407]ㅌㅣㅁㅇㅝㄴ','uGuPmMrzUtaKb8CfoQ2qBYwrg5ms8ZddBbGLKBgqhlE='),(788,'ㅂㅏㄱㅇㅖㅈㅓㅇ[ㄱㅜㅁㅣ_1ㅂㅏㄴ_D105]ㅌㅣㅁㅇㅝㄴ','uh7mfRgaLYCNUFPnB5jvnHU75Aa5AYVEkwi+r60pgVI='),(789,'ㄱㅣㅁㄷㅗㅎㅜㄴ[ㅂㅜㅇㅜㄹㄱㅕㅇ_2ㅂㅏㄴ_E204] ㅌㅣㅁㅇㅝㄴ','uiofzFNbZ8t7ViMrKFx8kSRwtb5RqPZkhw7izAo6NTs='),(790,'ㄱㅣㅁㅈㅜㄴㅇㅜ[ㄱㅘㅇㅈㅜ_2ㅂㅏㄴ_C205]ㅌㅣㅁㅇㅝㄴ','UJJT75iXk5+WUUgY79IfeSfdbKp72NpP8k6WerpWvSY='),(791,'ㅈㅓㅇㄱㅕㅇㅎㅜㄴ[ㄱㅜㅁㅣ_2ㅂㅏㄴ_D205]ㅌㅣㅁㅇㅝㄴ','UJsUhSZmVbOqkzTY+ct1FK82rgbsLTEEv7Ti6LcRju4='),(792,'ㅅㅓㅇㅜㄹ_1ㅂㅏㄴ_ㅅㅓㄱㅘㅇㅊㅐ','uk52vNbVR4xCj16ivHV91F1m+0HCnLb0JbUHKKtm370='),(793,'ㅈㅏㅇㅇㅖㅊㅏㄴ[ㅂㅜㅇㅜㄹㄱㅕㅇ_ㄱㅣㅇㅓㅂㅇㅕㄴㄱㅖ_S107] ㅌㅣㅁㅇㅝㄴ','UkbDHXPBqgf9PDGti7XZOGB9WffYIEhoLfnKLVwkbks='),(794,'ㅂㅏㄱㅈㅓㅇㅎㅘㄴ[ㅅㅓㅇㅜㄹ_2ㅂㅏㄴ_A205]ㅌㅣㅁㅈㅏㅇ','uKzS6XgUZKu1QulUGJeh5S5kEE11AimIEnSzlHVVrgU='),(795,'ㄱㅣㅁㄱㅕㅇㄷㅗㅇ[ㄷㅐㅈㅓㄴ_ㅇㅗㅍㅡㄴㅅㅗㅅㅡ_S205]ㅌㅣㅁㅇㅝㄴ','uL24DIxiNafcfK6Vzg2FeuiT0mp3V+A693WmSwd0udY='),(796,'ㄱㅣㅁㅈㅓㅇㅂㅣㄴ[ㄷㅐㅈㅓㄴ_2ㅂㅏㄴ_B202]ㅌㅣㅁㅇㅝㄴ','uNDgGvdl/1Pm7WnnHnhStW5GT3KjGu2dE+slUmLtgZQ='),(797,'ㅂㅜㅇㅜㄹㄱㅕㅇ_1ㅂㅏㄴ_ㅅㅣㄴㅁㅣㄴㅈㅣ','UOFfG8B1URii92W7vFmuq0W/nPNBdj7DGp4W+DtWdCs='),(798,'ㄱㅣㅁㅇㅕㅇㅈㅣㄴ[ㅅㅓㅇㅜㄹ_ㅇㅗㅍㅡㄴㅅㅗㅅㅡ_S201]ㅌㅣㅁㅇㅝㄴ','UpC/GHhKGkk9FiAQzOBAgdIABK8OClZB88E//rgH+A0='),(799,'ㅂㅏㄱㅊㅏㄴㅎㅕㄱ[ㅅㅓㅇㅜㄹ_2ㅂㅏㄴ_A205]ㅌㅣㅁㅇㅝㄴ','UpV8WYYjNJHRdDUJBtkGyzK3Kgt31Fc7BL3yClBWcTg='),(800,'ㄱㅏㅇㄷㅗㅇㅇㅗㄱ[ㅂㅜㅇㅜㄹㄱㅕㅇ_1ㅂㅏㄴ_E106] ㅌㅣㅁㅇㅝㄴ','URMmA85wISIoYMC7eXU3MR1mjMNWlu8Ovt8EXKs9OK8='),(801,'ㅂㅏㄱㅅㅓㅇㅇㅡㄴ[ㅂㅜㅇㅜㄹㄱㅕㅇ_1ㅂㅏㄴ_E104] ㅌㅣㅁㅇㅝㄴ','urql8Oz0BQc2u1c3Ye6zkRlDyHUbmQEMOPMDVjNvnsc='),(802,'ㄱㅘㅇㅈㅜ_6ㅂㅏㄴ_ㅈㅗㅅㅜㅁㅣㄴ','uRt99qwvE7WhqUSoWdwq2Ht5lkTDczuO2t2UkLjqs94='),(803,'ㅇㅣㅈㅣㅎㅜㄴ(PJT ㅇㅕㄴㄱㅜㅌㅣㅁ)','UTFeS0DKACI4fCFGjvGAAZXAcNEIca9xgqipIQJvnz0='),(804,'ㅊㅚㅇㅠㄴㅅㅓㄱ[ㄱㅘㅇㅈㅜ_2ㅂㅏㄴ_C204]ㅌㅣㅁㅇㅝㄴ','uUvJAOZnHJEDqrWrqnwxVjuYeQq/djqxwT9whfhL2Jw='),(805,'ㅇㅗㅅㅓㅎㅏ[ㄷㅐㅈㅓㄴ_ㅂㅏㄴ_B203]ㅌㅣㅁㅇㅝㄴ','uvFmfKSJeirdIAh98796sQuGlbF5z9j4TEqWMD5lxDQ='),(806,'ㄷㅐㅈㅓㄴ_3ㅂㅏㄴ_ㄱㅣㅁㅇㅜㄹㅣㅁ','Uw/z1sBi6LgdAv26/LUmTMPvhe3mj53XldBK+AZbbzg='),(807,'ㅇㅗㅅㅔㅎㅓㄴ[ㅂㅜㅇㅜㄹㄱㅕㅇ_ㄱㅣㅇㅓㅂㅇㅕㄴㄱㅖ_S107]ㅌㅣㅁㅇㅝㄴ','UxjlQI9L8D6EDw4UWxH9vIBd3mXsaVCPt8s5F6lOnsM='),(808,'ㅂㅐㄱㅁㅣㄴㅇㅏ[ㄷㅐㅈㅓㄴ_1ㅂㅏㄴ_B105]ㅌㅣㅁㅇㅝㄴ','uYDvFhyu9kJRm0Wz8jn8f5OAIVWlUVBQUfLOQkWCHVc='),(809,'ㄱㅣㅁㅌㅐㅎㅕㄴ[ㅂㅜㅇㅜㄹㄱㅕㅇ_2ㅂㅏㄴ_E204] ㅌㅣㅁㅇㅝㄴ','UYWBEa4uU/Z1/rqw9SLh0pBOjvmlh8mBW1/xeRuLJ+A='),(810,'ㅈㅓㄴㅅㅣㅇㅕㅇ[ㄱㅘㅇㅈㅜ]ㅅㅣㄹㅅㅡㅂㅋㅗㅊㅣ','UZDX+iLY58uPowRm5wH5rO48TQvCw1a2+lHfkhEC9gg='),(811,'ㅂㅏㄱㅅㅏㅇㅇㅜ[ㄱㅘㅇㅈㅜ_1ㅂㅏㄴ_C105]ㅌㅣㅁㅈㅏㅇ','v+s25rfhToC10NLA+6BplIImX2sc6j7xP8Yx/ye7JKI='),(812,'ㅇㅣㅈㅣㄴㅎㅢ[ㅅㅓㅇㅜㄹ_5ㅂㅏㄴ_A501]ㅌㅣㅁㅇㅝㄴ','V0tXr8jeZ/vQD3iWKZ90n0iyXID8M1Of8+9XmIEUsGU='),(813,'ㅂㅜㅇㅜㄹㄱㅕㅇ_B-3_ㅅㅗㄴㅇㅣㄴㅈㅜㄴ','v1JZnN15eVeyNOmFUtn9ajDBgwnNZdWvJcWmrfI6vHQ='),(814,'ㅂㅏㄱㅇㅖㅈㅣㄴ[ㄱㅘㅇㅈㅜ_2ㅂㅏㄴ]','V1Y7EdqR9EjqxShjdk7esrOLhhJZQcuZlFm+q1sslE0='),(815,'ㅇㅣㅁㄱㅓㄴㅎㅗ[ㅅㅓㅇㅜㄹ_1ㅂㅏㄴ_A106]ㅌㅣㅁㅇㅝㄴ','v4/uOhGbydq0PAqbe1v+rdMaILPXZrAl3ZEeY+M2vh0='),(816,'ㄷㅐㅈㅓㄴ_3ㅂㅏㄴ_ㅇㅝㄴㅇㅠㅈㅓㅇ','v9vCW9ya7BpeQXTGQ+73lAmqgDhuqExvV+ioqwJ00y4='),(817,'ㅅㅗㄴㅎㅕㅇㅅㅓㄴ[ㅅㅓㅇㅜㄹ_1ㅂㅏㄴ_A104]ㅌㅣㅁㅇㅝㄴ','VA3msUL2M+JjgCgweBhPFiOwd0hV7py29ElxYAwORqI='),(818,'ㅇㅣㅈㅣㄴㄱㅗㄴ[ㄱㅜㅁㅣ_1ㅂㅏㄴ_D101]ㅌㅣㅁㅇㅝㄴ','VAJRQ4WIoY7WvrA6FkA5y9crnv1qUK/sjzQAcIrohiE='),(819,'ㄱㅣㅁㅎㅖㅈㅣ[ㅅㅓㅇㅜㄹ_4ㅂㅏㄴ_A408]ㅌㅣㅁㅇㅝㄴ','vAlpiaFwHpCG8gGhCelNFyA7bNuCvtaNOiFuIVP8JCk='),(820,'ㄱㅣㅁㅇㅠㄴㅎㅏ[ㅅㅓㅇㅜㄹ_4ㅂㅏㄴ_A407]ㅌㅣㅁㅇㅝㄴ','vatxgQUTNHPtjQD1YbVxFIKbQ4D2DATTNNm5+Rtblsg='),(821,'ㅇㅑㅇㅈㅣㅎㅜㄴ[ㅂㅜㅇㅜㄹㄱㅕㅇ_1ㅂㅏㄴ_E106] ㅌㅣㅁㅇㅝㄴ','Ve6y+jrLgarCJHjHM7+rG3xF5FtjTC7wHNG9gd50Z5Y='),(822,'ㄱㅕㅇㄱㅠㄷㅗㅇ[ㄷㅐㅈㅓㄴ_1ㅂㅏㄴ_B106]ㅌㅣㅁㅇㅝㄴ','Vfi8jjllUNjm6XVBvgkFbGNEkXhGn+buZ17XpRF1bMU='),(823,'ㄱㅏㅇㅈㅣㅎㅖ','vFY2DNPjMH2eUg3QY4Qj1tdeVxjvdx+tXbCxKkoDahs='),(824,'ㅈㅓㅇㅁㅕㅇㅅㅜ[ㄷㅐㅈㅓㄴ_2ㅂㅏㄴ_B105]ㅌㅣㅁㅇㅝㄴ','vjBVyO/c2zQpqhPjHK4ZQDEF8xZIg3wNLvcISZeg6TA='),(825,'ㅇㅏㄴㅅㅏㅇㅎㅕㄴ[ㄱㅘㅇㅈㅜ_ㄱㅣㅇㅓㅂㅇㅕㄴㄱㅖ_S104]ㅌㅣㅁㅇㅝㄴ','VJKfSJinhNvimDnc1hZNMPkJYYDcm5kBaqNARIdzk9Q='),(826,'ㅇㅣㅈㅣㄴㅎㅐㅇ[ㅅㅓㅇㅜㄹ_3ㅂㅏㄴ_A305]ㅌㅣㅁㅇㅝㄴ','VkORM+o03jTMRBhx9D/DeIwWS5EXn9nG8xOt7z6LdRg='),(827,'ㄱㅣㅁㅈㅓㅇㅇㅕㄴ[ㅅㅓㅇㅜㄹ_2ㅂㅏㄴ_A202]ㅌㅣㅁㅇㅝㄴ','VLMPIoJze5r7/aKvrIJPg9IsnbplSB+iHt+fv91qtlE='),(828,'ㅈㅏㅇㅎㅏㅅㅓㄱ[ㅂㅜㅇㅜㄹㄱㅕㅇ_1ㅂㅏㄴ_E104] ㅌㅣㅁㅈㅏㅇ','vmnK/n1j/PZCjNGHRi7MZs7V913fC9Wkl3LCh8E2MKk='),(829,'ㅊㅚㅎㅕㄴㅈㅓㅇ[ㄱㅜㅁㅣ_1ㅂㅏㄴ_D106]ㅌㅣㅁㅇㅝㄴ','VoBsUoWhvJJ/Y2mF8TQbn4lEc631g1c8UJrG/CMdfcQ='),(830,'ㅂㅏㄱㄱㅓㄴㅇㅜ[ㅅㅓㅇㅜㄹ_2ㅂㅏㄴ_A202]ㅌㅣㅁㅇㅝㄴ','Vonm5hoT2NUFrngHVtWjpIWimFZgECEJNsILNubgGdY='),(831,'ㅇㅣㅅㅏㅇㅎㅜㄴ[ㅅㅓㅇㅜㄹ_4ㅂㅏㄴ_A404]ㅌㅣㅁㅇㅝㄴ','VRu28e4mXwQmHjTc+3OLHeZjFGcgYO0xa9C+JszxbGY='),(832,'ㅈㅣㄴㅇㅡㄴㅈㅓㅇ[ㅂㅜㅇㅜㄹㄱㅕㅇ_1ㅂㅏㄴ_E104] ㅌㅣㅁㅇㅝㄴ','VScGDjlQhlA43cKVn1t00aBnQmHbxhn+3STAdj3eHJo='),(833,'ㄴㅗㅇㅠㅈㅣㄴ[ㅅㅓㅇㅜㄹ_2ㅂㅏㄴ]','vSFIn1wBMsu2Wskdj6T27Y5OWT7W4/DcNQRVPdJJqZs='),(834,'ㄱㅣㅁㅇㅡㄴㅅㅓㄴ[ㅅㅓㅇㅜㄹ_1ㅂㅏㄴ_A107]ㅌㅣㅁㅇㅝㄴ','VsnoeMIZ6bo0YW5Id7zJzwCEXy85Veh+ztPGRQTVQ+U='),(835,'ㅁㅜㄴㅇㅖㅇㅕㅇ[ㄱㅜㅁㅣ_1ㅂㅏㄴ_D106]ㅌㅣㅁㅇㅝㄴ','vsueTGhlFgf/jKgXowxQGNF+JrpXV3RhbVhhZJtNSs0='),(836,'ㅊㅚㅅㅏㅇㅈㅣㄴ[ㅅㅓㅇㅜㄹ_3ㅂㅏㄴ_A306]ㅌㅣㅁㅇㅝㄴ','vViJ1sgSPs/hMu+iElPjBJLqTbFmkyN+/OQW9ywqDsU='),(837,'ㅇㅏㄴㅊㅐㅎㅕㄴ[ㅅㅓㅇㅜㄹ_5ㅂㅏㄴ]','VVyPxRLGMYYDRi7GKvuBBDClmzi/+t1Il73bWJui6Tc='),(838,'ㅇㅠㅊㅐㄹㅣㄴ[ㄷㅐㅈㅓㄴ_2ㅂㅏㄴ_B207]ㅌㅣㅁㅇㅝㄴ','vXvx7Q2CutC8pOf7mCeaVJRi3bDHqRkmFAb0EUzbLX4='),(839,'ㅂㅏㄱㄷㅗㅇㅈㅜㄴ[ㅂㅜㅇㅜㄹㄱㅕㅇ_2ㅂㅏㄴ_E201] ㅌㅣㅁㅈㅏㅇ','VY9V7rkjKKug6WFUeTFzK/OaZmMRbg/VeQ9l3oqGfow='),(840,'ㅅㅓㅇㅜㄹ_13ㅂㅏㄴ_ㅂㅣㄴㅈㅓㅇㅇㅝㄴ','vykQvDgkK05d/6Eol1LsVX0/N/VZcPuPzzZF4ul0te8='),(841,'ㅅㅗㅇㅇㅖㅈㅣㄴ[ㅅㅓㅇㅜㄹ_3ㅂㅏㄴ_A301]ㅌㅣㅁㅈㅏㅇ','W1kF63EZXetWANpqYcPT/cP8GDPnagfi5ECzh21ienc='),(842,'ㅊㅚㅂㅜㅅㅓㅇ[ㅅㅓㅇㅜㄹ_5ㅂㅏㄴ_A502]ㅌㅣㅁㅇㅝㄴ','W54wfEqQmbPxU282WQOAmrioD+Tkku3GnludWmxakV4='),(843,'ㅎㅏㅎㅕㄴㅅㅓ[ㄱㅘㅇㅈㅜ_1ㅂㅏㄴ_C104]ㅌㅣㅁㅈㅏㅇ','W7KSeTIbp85TDdfSAWC93bjr+6oocLDaXSvf+6rAzbM='),(844,'ㅎㅏㄴㅎㅖㅅㅓㅇ[ㅅㅓㅇㅜㄹ_2ㅂㅏㄴ_A201]ㅌㅣㅁㅇㅝㄴ','WaQUlVLYCjLVECw9oMLBX/V3cqAiEs0tUcN4cVSm5ko='),(845,'ㅂㅏㄱㅅㅏㅇㅎㅕㄴ[ㅅㅓㅇㅜㄹ_4ㅂㅏㄴ_A408]ㅌㅣㅁㅈㅏㅇ','WcT3j77yqyiUho8suh1yP1QhxieXRcIfn2LEIe53ZVI='),(846,'ㄱㅣㅁㅎㅕㄴㅅㅗㅇ[ㄱㅘㅇㅈㅜ_2ㅂㅏㄴ_C202]ㅌㅣㅁㅇㅝㄴ','wDR86SmB7pF3iwC7rXP+mXVwX/ligqpEAqwmcrTZQ5I='),(847,'ㅂㅏㄱㅇㅕㅇㅅㅓ(ㅅㅓㅇㅜㄹ11,12,13)ㄱㅛㅇㅠㄱㅍㅡㄹㅗ','Wgczot8g+X+9wV+yspebp875tufXKHFwF++nxNg98ME='),(848,'ㅇㅣㅇㅏㅇㅕㅇ[ㅅㅓㅇㅜㄹ_3ㅂㅏㄴ_A303]ㅌㅣㅁㅇㅝㄴ','WhniDb9k6DZKI/6nlQJ4cAFFyraMZfj6uPN0p7Z4JjU='),(849,'ㅅㅓㅇㅜㄹ_15ㅂㅏㄴ_ㅂㅏㄱㄱㅓㄴㅈㅜ','wHOHjVPH1NSLJ/gZIRn1YY+m5h7TyTbF5xoXvzfgHfE='),(850,'ㅇㅠㄴㅇㅕㅇㅊㅓㄹ[ㅅㅓㅇㅜㄹ_6ㅂㅏㄴ]','WI2f4E9ChBhnvKfxcuJ4uOphjJUi+Rq9moy3Anzy9uQ='),(851,'minoj','Wilu48Grk4liOodUpt0Vu31TQDRyFCtRyw7hmkL04/U='),(852,'ㅊㅚㅇㅕㅇㅇㅜㄴ[ㅅㅓㅇㅜㄹ_1ㅂㅏㄴ_A102]ㅌㅣㅁㅇㅝㄴ','WK74jh2YXeeWC9U8JwCLjOisWFpjBFtPFRKXsRfkglE='),(853,'ㅅㅓㅇㄷㅏㅇㅎㅕㄴ[ㄱㅘㅇㅈㅜ_2ㅂㅏㄴ_C204]ㅌㅣㅁㅇㅝㄴ','Wkglzo7kkFr/tU4JfAX2CWly2uLBXNTJBjMcYY1Wuas='),(854,'ㅂㅏㄱㅎㅖㅈㅣ(ㄱㅛㅇㅠㄱㅍㅡㄹㅗ)','WkntesRarhClXSA7xG3883JsPIWnekUJoinM/GV21yA='),(855,'ㅅㅓㅇㅜㄹ_6ㅂㅏㄴ_ㅎㅓㅇㅡㄴㅅㅣㄹ','wkxWdQgGlz+IRdhKJES1XVwD+9/aces9tDN5ZCWvycE='),(856,'ㅅㅓㅎㅕㅇㅈㅜㄴ[ㄷㅐㅈㅓㄴ_ㅇㅗㅍㅡㄴㅅㅗㅅㅡ_S204]ㅌㅣㅁㅇㅝㄴ','wlnbgJexrlvMuePg84jxR0ljOCpd8m4QpPBVP7dzYBA='),(857,'ㅇㅟㅇㅕㄴㅈㅜ[ㅅㅓㅇㅜㄹ_1ㅂㅏㄴ_A105]ㅌㅣㅁㅇㅝㄴ','WlZHR7t3CB77izSWHuN3SUFBxCr3afY7IjU9Y8aC3T4='),(858,'ㄷㅐㅈㅓㄴ_3ㅂㅏㄴ_ㅇㅣㅅㅔㅈㅣㄴ','WmtdIgIgk46WEmExVjNuovFDfJAasi4hMERPMslMius='),(859,'ㅊㅚㅎㅗㄱㅡㄴ(ㄷㅏㅁㄷㅏㅇㄱㅛㅅㅜ)','WqlVByZLhLaE0Ck9dzmVvMyTUYvUu3Ad9lkZXoPLdG8='),(860,'ㅂㅏㄱㅁㅣㄴㅈㅜ[ㄷㅐㅈㅓㄴ_1ㅂㅏㄴ_B101]ㅌㅣㅁㅇㅝㄴ','WrVc4i2DoxPdR09F4lUeZi10pZDySb1FXm+twRC0g34='),(861,'ㅇㅣㅈㅗㅇㅎㅕㄴ[ㄱㅜㅁㅣ_1ㅂㅏㄴ_D101]ㅌㅣㅁㅇㅝㄴ','WrWq1NmDlH8AHnwThWKv77txMZ1I1ZUhO9tKKF1J7n4='),(862,'ㅇㅠㅎㅕㄴㅅㅜ[ㄷㅐㅈㅓㄴ_2ㅂㅏㄴ_B206]ㅌㅣㅁㅈㅏㅇ','WS4wuBlW0KBgLRXUtdMKLESr+t16o6FQerV7BlYWJnY='),(863,'ㄱㅏㅇㅁㅣㄴㅅㅜ[ㅅㅓㅇㅜㄹ_2ㅂㅏㄴ_A207]ㅌㅣㅁㅇㅝㄴ','wTo8h5UtPeBrjybATEChFv0XzTPMy3xhYCAi7HDjOs4='),(864,'ㅅㅓㅇㅜㄹ_14ㅂㅏㄴ_ㅅㅜㄴㅇㅜㅈㅓㅇ','wtrdR6DX6WDkbQFT+XsX3Jfo6kiMJEEvTZPMUnYYtr4='),(865,'ㅇㅣㅎㅏㄹㅣㅁ[ㄱㅜㅁㅣ_1ㅂㅏㄴ_D107]ㅌㅣㅁㅇㅝㄴ','wVA3rZtj3zx9woVE7YD1sfC1HVVLriXbu4RL2fE+37c='),(866,'ㄱㅣㅁㄷㅗㅇㅕㄴ[ㅅㅓㅇㅜㄹ_5ㅂㅏㄴ_A502]ㅌㅣㅁㅇㅝㄴ','WzNNZJJKVyXMcM1L0GhJJHVVNphY9FdbL6LEAlmFpDs='),(867,'ㅇㅣㅈㅓㅇㅎㅜㄴ(ㄱㅛㅇㅠㄱㅍㅡㄹㅗ)','x/bSz9lpIOywsxK5j+EXx5fj0WOEGETpNJHyEjCntmM='),(868,'ㅇㅣㅈㅐㅎㅢ[ㄱㅜㅁㅣ_1ㅂㅏㄴ_D101]ㅌㅣㅁㅇㅝㄴ','x0iudezKQ50RhU3QkVQvYfwoPO+bE5zfYhTfs8rDsAE='),(869,'ㄱㅣㅁㅎㅏㅇㅕㅇ[ㅅㅓㅇㅜㄹ_3ㅂㅏㄴ_A305]ㅌㅣㅁㅇㅝㄴ','X18QZ6qCkd7JAJudIKZaBuYTCqJZxcFik3lGKlcCIf0='),(870,'ㄱㅣㅁㅅㅣㄴㅇㅏ[ㄱㅘㅇㅈㅜ_ㄱㅣㅇㅓㅂㅇㅕㄴㄱㅖ_S104]ㅌㅣㅁㅇㅝㄴ','X1R62KGdICh3oJO9k+0c8twnSGhiKbBXOX0XwGVz9Hc='),(871,'ㅇㅣㅎㅗㅇㅕㄹ[ㄷㅐㅈㅓㄴ_1ㅂㅏㄴ_B103]ㅌㅣㅁㅇㅝㄴ','x5AFdy97eqN2COvAAkLT/4PpaTqYa1N9rkn2XgPY8dU='),(872,'ㄱㅣㅁㅇㅕㅇㅎㅜㄴ[ㄱㅜㅁㅣ_2ㅂㅏㄴ_D206]ㅌㅣㅁㅈㅏㅇ','X5rpUYZ18ZQMFBH7X48KmY3JHGZBSMFeoL8mmZXEfDE='),(873,'ㄱㅜㅁㅣ_2ㅂㅏㄴ_ㄱㅘㄱㅇㅠㄴㅈㅣㄴ','X6O7KQae3pU/kxu1KkZT/nY9UwfwqoGRJPHfgbg1sAw='),(874,'ㄱㅣㅁㅈㅐㅇㅜㄱ[ㅂㅜㅇㅜㄹㄱㅕㅇ_ㅇㅗㅍㅡㄴㅅㅗㅅㅡ_S207]ㅌㅣㅁㅇㅝㄴ','X9/Bzr/H9K2huoerS0Ofe15oxWo57m0mok26e0a2qXw='),(875,'ㅈㅓㅇㅇㅠㄴㅈㅓㅇ[ㅂㅜㅇㅜㄹㄱㅕㅇ_1ㅂㅏㄴ_E103]ㅌㅣㅁㅇㅝㄴ','x9dWuB5O0+sWCNumqs1Rgp/FMw2q1KEAZpIHXU42YcM='),(876,'ㅂㅏㄱㅈㅗㅇㄱㅡㄴ[ㅅㅓㅇㅜㄹ_13ㅂㅏㄴ]','XcKH5XqQITsrvqC8wjXv31ZkdDHZavqSNIFLhgJHYJU='),(877,'ㄱㅣㅁㅁㅣㄴㅈㅓㅇ(ㄷㅏㅁㄷㅏㅇㄱㅛㅅㅜ)','Xe2RdYMv11DJT5rm4uI6vEVjXJGFN6S0gdJh8i9nFNo='),(878,'ㅎㅗㅇㅅㅓㄴㅈㅜ[ㅅㅓㅇㅜㄹ_9,10ㅂㅏㄴ]ㄱㅛㅇㅠㄱㅍㅡㄹㅗ','Xeazip26UWaYbjFUZExaUP61IDtZgZbTMbRYiAOhIP4='),(879,'ㅈㅓㅇㅎㅕㄴㅈㅓㅇ[ㅅㅓㅇㅜㄹ_1ㅂㅏㄴ_A104]ㅌㅣㅁㅇㅝㄴ','xETmAThWvKhu0qGfKCOMCbWs4P12G551tdS5RWSK+9o='),(880,'ㅇㅣㅇㅕㅈㅣㄴ[ㅅㅓㅇㅜㄹ_1ㅂㅏㄴ_A101]ㅌㅣㅁㅈㅏㅇ','XfksGImD07l38kltzM/g37KxwQk/wNHm9CLD+t3J1so='),(881,'ㅅㅓㅇㅜㄹ_6ㅂㅏㄴ_ㅇㅠㄴㄱㅏㅇㅕㅇ','XgTdpu7LF16m6FfPt3IB5FDNfJFccG01SQ1hQEciblU='),(882,'ㅎㅏㄴㅇㅠㄴㅎㅢ[ㄱㅘㅇㅈㅜ_1ㅂㅏㄴ_C103]ㅌㅣㅁㅇㅝㄴ','xho/3gArMM0d69V67F0tfq+lAD+ioHaQYF4Essjsm9M='),(883,'ㅇㅠㄴㅇㅕㅇㅅㅓㄴ[ㄱㅘㅇㅈㅜ_1ㅂㅏㄴ]','XI+SbGbfpavBpfy/c82eldQ31NVeEb6xnFtE+s/+zEg='),(884,'ㅇㅣㄴㅏㅁㅅㅜ[ㄱㅘㅇㅈㅜ_ㅈㅓㄴㅈㅏㅇㅕㄴㄱㅖㅂㅏㄴ_S003]ㅌㅣㅁㅇㅝㄴ','Xigoo8Q9gXmFABxDT1zRu505qEY00U83Wk6mSBcaDcg='),(885,'ㄱㅣㅁㅁㅣㅇㅕㅇ(ㄱㅛㅇㅠㄱㅍㅡㄹㅗ)','xius6Jijem7sJ/gLKYuFTX+UAyxGGYsqfb1ulpHPhnI='),(886,'ㅇㅜㅅㅏㅇㅈㅜㄴ[ㄱㅜㅁㅣ_1ㅂㅏㄴ_D105]ㅌㅣㅁㅈㅏㅇ','XKEv6NS8UFjv9WtEq2Q/gOkF99vLFBMfgBcgLqii3ws='),(887,'ㅂㅏㄱㅅㅓㅇㅅㅣㄱ ㄱㅛㅇㅠㄱㅍㅡㄹㅗ [ㅊㅟㅇㅓㅂ]','xkO1zs+4G+fzHPjmVWHqUcU/Sxvw4LO+9KzRC4YWyo4='),(888,'ㅇㅣㅁㅊㅏㅇㅎㅕㄴ[ㅂㅜㅇㅜㄹㄱㅕㅇ_2ㅂㅏㄴ_E205] ㅌㅣㅁㅇㅝㄴ','xKXhdP2jmu5kNld+/eqj8tiswK9KI5AW4mnttE7+tXc='),(889,'ㅅㅓㅇㅜㄹ 13ㅂㅏㄴ ㅇㅣㅈㅐㅎㅏㄱ','xMBmIeP74UGIVxJdyBhYMD/eo7QT6Lqgaq48I6zriAg='),(890,'ㅅㅓㅇㅜㄹ_15ㅂㅏㄴ_ㅇㅗㅇㅠㅈㅣㄴ','Xn4Bg+c+jSl2oBknjA8hQ0yOQ3pBpon1Mo+hYu1xn2c='),(891,'ㅅㅓㅇㅜㄹ_6ㅂㅏㄴ_ㅇㅣㅎㅕㄴㅅㅣㄱ','XNIdvU2Xj7WbVu8HWL+Vut81xoW0vd4WVRefh90OQvs='),(892,'ㅎㅕㅇㄷㅏㅇㅡㄴ[ㅅㅓㅇㅜㄹ_1ㅂㅏㄴ_A107]ㅌㅣㅁㅇㅝㄴ','xnJtjVZL8IMFqyWBmII4p2eumaLMi/sl4U+NgnkF2A0='),(893,'ㄱㅣㅁㄴㅏㄹㅣㄴ[ㄷㅐㅈㅓㄴ_1ㅂㅏㄴ_B103]ㅌㅣㅁㅇㅝㄴ','xnO3M5K6nL6JCYDWs38S0UKQFCQ2XC4wNGGnLgCSM90='),(894,'ㄱㅣㅁㅈㅜㅇㅈㅐ[ㄷㅐㅈㅓㄴ_1ㅂㅏㄴ_B106]ㅌㅣㅁㅇㅝㄴ','xOEJtVmeBJrZ0BrDIrWceTn37KFfZEwC+L3OwQuzd98='),(895,'ㄱㅣㅁㄷㅗㅇㄱㅠ[ㅅㅓㅇㅜㄹ_4ㅂㅏㄴ_A402]ㅌㅣㅁㅇㅝㄴ','xOzAcuckbUwcAcDNBAEjQUL+1/pUUw6OKRnPzNb9cdk='),(896,'ㄱㅗㅈㅜㅎㅢ[ㅅㅓㅇㅜㄹ_3ㅂㅏㄴ_A307]ㅌㅣㅁㅈㅏㅇ','XR4vTN7XmpnP6QIMTs5k82nJa0RH2oYVPfNAu6oBSHw='),(897,'ㄱㅣㅁㅁㅣㄴㅊㅏㅇ[ㅅㅓㅇㅜㄹ_4ㅂㅏㄴ_A401]ㅌㅣㅁㅈㅏㅇ','XSWfwpJblwv+Fh77rENtkKjWHm5nkjw/yqq1HWqBHKg='),(898,'ㄱㅣㅁㄷㅏㅇㅡㄴ[ㄱㅜㅁㅣ_2ㅂㅏㄴ_D206]ㅌㅣㅁㅇㅝㄴ','xUNVq/pBxp99wbRrzZBC25rAC/d3cuB3vRymBvv5Ph0='),(899,'ㅅㅓㅇㅜㄹ_13ㅂㅏㄴ_ㅈㅗㄷㅗㅇㄱㅠㄴ','xvL4PHRnV47HzfM6e9ez34RX4ecuyDSQvliNhqNQDlE='),(900,'ㅂㅏㄱㅈㅐㅎㅕㄴ[ㄱㅘㅇㅈㅜ_2ㅂㅏㄴ_C209]ㅌㅣㅁㅇㅝㄴ','XWeH37c/CsPkbNdvfAD+eNsO5ITcZGrLoyHMVZWHD24='),(901,'ㄱㅜㅁㅣ_5ㅂㅏㄴ_ㅎㅏㄴㄱㅓㄴㅎㅢ','xXANsp3qYN8CuD+zW6zZE8Na5WJOIh43r+tzfZeYXjk='),(902,'ㅈㅓㅇㅇㅠㅎㅘㄴ[ㅅㅓㅇㅜㄹ_3ㅂㅏㄴ_A304]ㅌㅣㅁㅇㅝㄴ','xyPRMTKV3hK4qS8ZeubzMyfl4RVvr1G0+qjC2TIKnSg='),(903,'ㅇㅣㅈㅣㅇㅠㄴ[ㅅㅓㅇㅜㄹ_1ㅂㅏㄴ_A107]ㅌㅣㅁㅈㅏㅇ','XZEwiNxfoGirWt+qfRv07ArBiU76a6k2iEY8f0Dalyk='),(904,'ㅅㅓㅇㅜㄹ_15ㅂㅏㄴ_ㄱㅣㅁㅎㅕㅇㅈㅣㄴ','Y16BChVzPwhBMg8ltFVXlVgEsFpOtq5r8B50g5jnufo='),(905,'ㅅㅏㅇㅈㅣㄴㅅㅜ[ㄱㅘㅇㅈㅜ_1ㅂㅏㄴ_C104]ㅌㅣㅁㅈㅏㅇ','Y2mEZaI9J0dWtO3ps/4oW0k+z98bW+z6Fh2bBIFFVXs='),(906,'ㄱㅣㅁㄷㅗㅎㅕㄴ[ㅅㅓㅇㅜㄹ_4ㅂㅏㄴ_A407]ㅌㅣㅁㅇㅝㄴ','y3lS1En+EuQSDS1meyYDKEuQPwNIjvG/Ly+OGuCfdlE='),(907,'ㅂㅏㄱㅇㅠㅈㅓㅇ[ㄱㅜㅁㅣ_1ㅂㅏㄴ_D103]ㅌㅣㅁㅈㅏㅇ','y3UWMGKLted4ZI23yiGT/v2jKm8LKCJtYGl1WFpnSQQ='),(908,'ㄱㅣㅁㅁㅜㄴㅎㅢ[ㅂㅜㅇㅜㄹㄱㅕㅇ_2ㅂㅏㄴ]ㅅㅣㄹㅅㅡㅂㅋㅗㅊㅣ','Y6thsCt3QQhC73LU2pa3tFzI6tEaf2Z3a/JPsFLaKko='),(909,'ㄱㅣㅁㅈㅗㅇㅂㅓㅁ[ㅅㅓㅇㅜㄹ_ㄱㅣㅇㅓㅂㅇㅕㄴㄱㅖ_S102]ㅌㅣㅁㅇㅝㄴ','Y7sVK7UrCHVy2AGGEofdZ3PY252bu9xkK51BakJO2XA='),(910,'ㄱㅣㅁㅇㅖㅈㅣㄴ[ㄱㅜㅁㅣ_2ㅂㅏㄴ_D203]ㅌㅣㅁㅇㅝㄴ','YAc92Y0fdlY+bGniNaAcxM/g88SnDFckvFw9Tz+mbYk='),(911,'ㄱㅣㅁㅇㅡㄴㅈㅜㄴ[ㄱㅜㅁㅣ_2ㅂㅏㄴ_D204]ㅌㅣㅁㅇㅝㄴ','yafpS2fjNdi3vJVV5AC0AETJ3OyD1t7USlT7RJd1M9w='),(912,'ㅎㅓㅈㅐㅅㅓㄱ[ㅅㅓㅇㅜㄹ_2ㅂㅏㄴ_A207]ㅌㅣㅁㅇㅝㄴ','YBcj8pEeMuto1fbmoe9LWzFCdCQn0iwep/4X/AMXvfY='),(913,'ㅂㅏㄱㅅㅔㅈㅣㄴ[ㅅㅓㅇㅜㄹ_1ㅂㅏㄴ_A103]ㅌㅣㅁㅇㅝㄴ','Yc3lJ6s5/xQgKDyOQG+8ux/NQwc4vVz0trvtd+55T/k='),(914,'ㅂㅐㅈㅜㄴㅇㅕㅇ[ㅅㅓㅇㅜㄹ]ㄱㅛㅇㅠㄱㅍㅡㄹㅗ','yCAb4uL9mk4HH8jKsWbaU/2u6/5WUCsG96Oe/DGx198='),(915,'ㅎㅗㅇㅈㅗㅇㅎㅕㄴ[ㄷㅐㅈㅓㄴ_ㅇㅗㅍㅡㄴㅅㅗㅅㅡ_S202]ㅌㅣㅁㅇㅝㄴ','YDV7ICo7hoUMd8yz1s/DOMieh3v6mfz1+tWsdM76MPs='),(916,'ㄱㅣㅁㅎㅖㄹㅏㄴ[ㅅㅓㅇㅜㄹ_3ㅂㅏㄴ_A308]ㅌㅣㅁㅇㅝㄴ','YEz23sR9pWsgSXUPU1druqoGc2UJoHJIQ5FPrQjGwFQ='),(917,'ㄱㅣㅁㅇㅕㅇㅈㅜㄴ[ㄷㅐㅈㅓㄴ_1ㅂㅏㄴ]','YftwqiuBhCGEaG3hZbIBjHaMDWyyPM+2JaLvSPlg2nY='),(918,'ㅇㅣㅅㅓㅇㅕㅇ[ㅅㅓㅇㅜㄹ_6ㅂㅏㄴ_A605]','yfxeJhlYy30SgB2ZHmRdH0f6qqd+ck28xWeZDDXVLTc='),(919,'ㄷㅏㅇㅎㅕㄴㅇㅏ[ㅅㅓㅇㅜㄹ]ㅅㅣㄹㅅㅡㅂㅋㅗㅊㅣ','yguee7WCCcRDmKLaPzr3scHXeiBXmUIIoCGwGXMJD8o='),(920,'ㅎㅘㅇㅅㅡㅇㅇㅕㄴ[ㄷㅐㅈㅓㄴ_1ㅂㅏㄴ_B106]ㅌㅣㅁㅈㅏㅇ','YhhcBjbS5EAls2Hy6Bj6pC0aiO/5gjwr9tihE/eJKlI='),(921,'ㅂㅏㄱㅅㅜㅇㅏ(ㄱㅛㅇㅠㄱㅍㅡㄹㅗ)','YHn80V8JCGlyOWLSaQCVB1ZHwQUpxHDUVSyf3pomfd0='),(922,'ㅇㅣㅅㅡㅇㄱㅠ[ㄱㅘㅇㅈㅜ_1ㅂㅏㄴ_C105]ㅌㅣㅁㅇㅝㄴ','YhNFlG8nWrz+1lUzmxEhd8+rehs9ISRzdIvVkeOmuQI='),(923,'ㅅㅓㅇㅜㄹ_10ㅂㅏㄴ_ㅇㅣㅅㅓㅇㄱㅜ','yHUEwX6o/jAPzK65Yp6Jenf2BXBYL2IbSmeqby9sd1g='),(924,'ㅇㅏㄴㅎㅛㅇㅣㄴ ㅈㅓㄴㅇㅣㅁㄱㅛㅅㅜ[ㅅㅓㅇㅜㄹ_10ㅂㅏㄴ]','YiQtDZmoPafZxN8Jfy2ISKSdWiEvpbQIZg/YhMEPqDA='),(925,'ㅂㅏㄱㅇㅛㅇㅁㅣ(ㄱㅛㅇㅠㄱㅍㅡㄹㅗ)','yIXxBsQqB3NcYNW5BpQnUTWQsgesHF+rzLH2bFiOjoQ='),(926,'ㅇㅣㅅㅏㅇㅂㅐㄱ[ㄷㅐㅈㅓㄴ_ㅇㅗㅍㅡㄴㅅㅗㅅㅡ_S203]ㅌㅣㅁㅇㅝㄴ','yJDK4Lwtn6x77oJVG8NEbaUit+j7TZIQXX7/YNGS8g0='),(927,'ㅂㅏㅇㅎㅗㅈㅣㄴ[ㄱㅜㅁㅣ_1ㅂㅏㄴ_D101]ㅌㅣㅁㅇㅝㄴ','yjDMnOLbAJou5xZoQB7Id1F/JMCBRwJ+Wg1wmmnaPG0='),(928,'ㅎㅏㅈㅣㅇㅐ[ㄱㅘㅇㅈㅜ_2ㅂㅏㄴ_C206]ㅌㅣㅁㅇㅝㄴ','yM9AUkmA2x2pR+hY+gqc/Mxc1yo0YwwH3t/jv+F58Qw='),(929,'ㄱㅗㅇㅇㅠㄴㅎㅘㄴ[ㅅㅓㅇㅜㄹ_3ㅂㅏㄴ_A306]ㅌㅣㅁㅇㅝㄴ','yN/g8Pnr+Pa5m/asYygM9P8kGHMgN2+g5aaNCTual0I='),(930,'1-2. ㄱㅏㅇㅅㅓㅇㅇㅜㄱ','YnAPbkUefdu5KtYbNlstLd6qtvswaaPFYZ+VJD6mEK0='),(931,'ㅇㅠㅎㅏㄴㅇㅜㄱ[ㄱㅘㅇㅈㅜ_1ㅂㅏㄴ_C107]ㅌㅣㅁㅇㅝㄴ','yNSLM0aCl/s/OlEfIAx6u4nYs5QqVMOAMKQFt1PG09w='),(932,'ㅈㅏㅇㅈㅜㄴㅂㅓㅁ[ㅅㅓㅇㅜㄹ_4ㅂㅏㄴ_A408]ㅌㅣㅁㅇㅝㄴ','yo+eFC5L8R0pi6On8pkTdLR4RjWgZE/vVVEkQQtk3Kw='),(933,'ㄱㅣㅁㅁㅣㄴㅈㅓㅇ[ㄱㅜㅁㅣ_2ㅂㅏㄴ_D202]ㅌㅣㅁㅈㅏㅇ','YPHpma448na2/IFl+qxKpmQHNaclWjPixHYWXlzyWx4='),(934,'ㅈㅏㅇㅅㅓㅇㅇㅜ[ㅅㅓㅇㅜㄹ_1ㅂㅏㄴ_A106]ㅌㅣㅁㅈㅏㅇ','YPKbwNHnfIJMhZNxu01xWMZmCEkm3fOUDtLFIRe4sug='),(935,'ㅅㅗㅇㅈㅣㄴㅅㅓㅂ[ㄷㅐㅈㅓㄴ_2ㅂㅏㄴ_B205]ㅌㅣㅁㅈㅏㅇ','ypq+kgN6wBVZLQ9ddtzrcQPSpVJGClo/W00tt0ZwIOI='),(936,'ㅇㅣㅇㅠㄴㅇㅕㅇ[ㄱㅘㅇㅈㅜ_2ㅂㅏㄴ_C201]ㅌㅣㅁㅇㅝㄴ','yrCCIeWjubQz8ENYhxoZil0BEaSVklWV8mKoEwdoC0Q='),(937,'ㅇㅠㅇㅜㅅㅣㄱ[ㄷㅐㅈㅓㄴ_1ㅂㅏㄴ_B104]ㅌㅣㅁㅇㅝㄴ','yt68Da7Orb/U3xFkPnmtEed+SiwqFXf6jCiuk/Agdn0='),(938,'ㄱㅣㅁㅅㅜㅁㅣㄴ_2ㅂㅏㄴ_ㄱㅘㅇㅈㅜ','YuDOP0em/i0pWi6b+c/JVxmJBNs2t9lule7V25ymr0Q='),(939,'ㄱㅣㅁㄱㅡㄴㅇㅕㅇ(ㄱㅛㅇㅠㄱㅍㅡㄹㅗ)','yufkcpM2eRSRaciK97VkO1ADLGAHzBBlIM0IUnhZ+yY='),(940,'ㅅㅓㅇㅜㄹ_15ㅂㅏㄴ_ㄱㅝㄴㅎㅢㅇㅝㄴ','yUjlneiG5WsLtno5K6TFMcl1nkSuLuHEQfQDMkwcWFo='),(941,'ㄱㅜㅁㅣ_5ㅂㅏㄴ_ㄱㅣㅁㅈㅣㅅㅜ','YxCi1nFK3tAaySKiFv+MVv6u6wJ9XrBLgk3MPOEGqMQ='),(942,'ㅇㅣㅁㅕㅇㅇㅝㄴ[ㄱㅘㅇㅈㅜ_1ㅂㅏㄴ_C106]ㅌㅣㅁㅇㅝㄴ','yxiwTS2WXa/aVYcfWLJAZBYHapWukKroNDY2U8Y3w24='),(943,'ㅈㅗㅅㅓㅇㅎㅏㄴ[ㅅㅓㅇㅜㄹ_5ㅂㅏㄴ_A503]ㅌㅣㅁㅇㅝㄴ','YZHskkd6c7blqy6UG0c1uVherit5Hct9pgcy9+T85iY='),(944,'ㅂㅏㄱㅎㅕㄴㅈㅣㄴ[ㄱㅜㅁㅣ_1ㅂㅏㄴ_D103]ㅌㅣㅁㅇㅝㄴ','YzQWC8STEnFE5e/+2MQbnXLowyuhibMRDzZGLBOsVwk='),(945,'ㅇㅣㅂㅗㅁㅣ[ㅅㅓㅇㅜㄹ_6ㅂㅏㄴ]','z/GWCfyPdV4jAbbxDiTOpQ/WToaz76cvbRsnsmQGik0='),(946,'ㅇㅣㅈㅓㅇㅇㅡㅁ[ㅅㅓㅇㅜㄹ_4ㅂㅏㄴ_A405]ㅌㅣㅁㅇㅝㄴ','z/vxPtPWSwxEw9v0DlBdC4c3JQOxKqMjq7sefW/5Ryw='),(947,'ㄷㅐㅈㅓㄴ_B-3_ㅈㅓㅇㅅㅡㅇㅎㅖ','Z1K2Jb5ydEDEH8PtT0oqMrE0Got84lU7jroHCO7/uNY='),(948,'ㄱㅣㅁㅎㅏㄴㅈㅜ[ㅅㅓㅇㅜㄹ_4ㅂㅏㄴ_A402]ㅌㅣㅁㅈㅏㅇ','Z3cwXhJu7Fnx//pewSVHwd9041eCNtKFHbA1uqglCPg='),(949,'ㅇㅣㅁㅎㅕㄴㅎㅗㅇ[ㅂㅜㅇㅜㄹㄱㅕㅇ_1ㅂㅏㄴ_E104] ㅌㅣㅁㅇㅝㄴ','z9GcFrlzd+dyl8I50rJgbwLupjmqkW/MN0cCHTk+OQQ='),(950,'ㄴㅏㅇㅛㅅㅔㅂ[ㄱㅜㅁㅣ_1ㅂㅏㄴ_D106]ㅌㅣㅁㅇㅝㄴ','z9WqLPnNy3cB3CSSSg4guy8EdDrhJf71jzpkFhZNr9A='),(951,'ㅇㅓㅁㅎㅢㅅㅓㅇ[ㅅㅓㅇㅜㄹ_4ㅂㅏㄴ_A406]ㅌㅣㅁㅇㅝㄴ','zA9Uh1wR1ccvONJJPwMUn2CnwrzOnLQu0+2O9gMZmMc='),(952,'ㄱㅣㅁㅅㅗㅇㅡㄴ[ㄱㅘㅇㅈㅜ_1ㅂㅏㄴ_C102]ㅌㅣㅁㅇㅝㄴ','zAWFovEjVckQkVVvRHw4xsd10dRc3LK5xiBZ7IZQ9X8='),(953,'ㅎㅓㅇㅜㄹㅣㅁ ㄱㅛㅇㅠㄱㅍㅡㄹㅗ[ㅊㅟㅇㅓㅂ]','ZEY4rH8frnYtNVNxUsX2dsYOUwsk9CUG1ebJkHLz52U='),(954,'ㅇㅣㄷㅗㅇㅎㅕㄴ[ㄱㅘㅇㅈㅜ_ㅇㅗㅍㅡㄴㅅㅗㅅㅡ_S206]ㅌㅣㅁㅇㅝㄴ','ziAReCFvcraxFv36Mg7JIs+FNBBtSl3KCvdjxkr6H8o='),(955,'ㅇㅣㅇㅠㄴㅅㅣㄱ[ㄱㅘㅇㅈㅜ_ㅇㅗㅍㅡㄴㅅㅗㅅㅡ_S206]ㅌㅣㅁㅇㅝㄴ','ZJLcErB92106S9NVX7+jDEImzk748TqMVpkhgyjz7qY='),(956,'ㄱㅣㅁㅈㅣㅇㅡㄴ','Zl0Blw5LQspgctqC6QQ3GlTHln/QsCIZv6m8o/17LXg='),(957,'ㅊㅚㅈㅣㅇㅜ[ㄱㅜㅁㅣ_2ㅂㅏㄴ_D201]ㅌㅣㅁㅇㅝㄴ','ZMvsXiadH1eN1pY7Syyd/0nZ4to4rNdWHwTZT1ieGak='),(958,'ㅊㅐㅇㅖㅇㅡㄴ[ㅅㅓㅇㅜㄹ_1ㅂㅏㄴ_A101]ㅌㅣㅁㅇㅝㄴ','zNdvBwAYRDuaRE2ncUXf5NgnJ1GAMHbaWvff9xSocYQ='),(959,'ㄱㅜㅁㅣ_5ㅂㅏㄴ_ㅇㅣㅇㅝㄴㅈㅣㄴ','ZpAv5bIuezouJQtnCnoUW38f78iowN6JaRbsoeBDFuw='),(960,'ㅇㅣㅇㅡㄴㅇㅕㅇ[ㅅㅓㅇㅜㄹ_ 3ㅂㅏㄴ_ A303]ㅌㅣㅁㅇㅝㄴ','zQ/lbcscLIK9a9gM2/edpcSUBM1ICqdHR1AJ6y7dX4Y='),(961,'ㅂㅏㄱㅈㅣㅅㅜ[ㄱㅘㅇㅈㅜ_1ㅂㅏㄴ]ㅅㅣㄹㅅㅡㅂㅋㅗㅊㅣ','ZqWoVyU84xyaYb4B/Uez1zY5QHTnkBTl5KBohhATyrI='),(962,'ㅂㅕㄴㅎㅢㅅㅓㅇ[ㄱㅘㅇㅈㅜ_1ㅂㅏㄴ_C101]ㅌㅣㅁㅇㅝㄴ','ZRWVIbLgEtwF1tqzn5tnoz7VJdHK9uOwrnB6vO4gsuk='),(963,'ㅊㅚㅎㅖㄹㅣㄴ[ㅅㅓㅇㅜㄹ_3ㅂㅏㄴ_A307]ㅌㅣㅁㅇㅝㄴ','ZSFiBCHJ2JR14+tjQfR87aXOor3hVYf/jP2Ppjlsbas='),(964,'ㅎㅏㄴㅇㅜㄹㅣ[ㄷㅐㅈㅓㄴ_1ㅂㅏㄴ_B105]ㅌㅣㅁㅇㅝㄴ','Zst2U+9vcY/or30emwW8VX0JL0P/Ff5X12O7e8DjhbE='),(965,'ㄱㅣㅁㅇㅓㅈㅣㄴ[ㄷㅐㅈㅓㄴ_1ㅂㅏㄴ_B103]ㅌㅣㅁㅇㅝㄴ','zuoBkg74TCj4ECZmQupxNDjH6cU3CxZbCqmhmMex+ak='),(966,'ㅊㅚㅇㅣㅅㅏㄱ[ㅂㅜㅇㅜㄹㄱㅕㅇ_1ㅂㅏㄴ_E101] ㅌㅣㅁㅇㅝㄴ','ZvFC7FKZz6qeaDW+4qpbodP+DEvKkePAE6+3l8/YRhA='),(967,'ㅂㅏㄱㅈㅜㅎㅏㄴ[ㄱㅘㅇㅈㅜ_1ㅂㅏㄴ_C107]ㅌㅣㅁㅇㅝㄴ','zVXu/iVF77Jzdq+qxrMDf4Tj0IfTsnEVjVZsBeMqHX4='),(968,'ㅅㅓㅇㅡㄴㅁㅣㄴ[ㄱㅘㅇㅈㅜ_1ㅂㅏㄴ_C107]ㅌㅣㅁㅇㅝㄴ','zWnYzBSrZAiFVV9of2ivzDTD5GJIIHkDOgX6EVqpuFc='),(969,'ㅅㅓㅇㅜㄹ_5ㅂㅏㄴ_ㄱㅏㅇㅅㅓㄴㅈㅜ','Zwr63F8M8SOPrwvQ+Lhhsxc/QrCUaKtv5o9lU6SKfUI='),(970,'ㅇㅠㅅㅗㅇㅕㄴ[ㅅㅓㅇㅜㄹ_5ㅂㅏㄴ_A505]ㅌㅣㅁㅇㅝㄴ','zXgfnbmHbafGWWeYohCKQlq0tOiRM2zV6p11zvfO5fo='),(971,'ㄱㅣㅁㅂㅓㅁㅈㅜ[ㅂㅜㅇㅜㄹㄱㅕㅇ_2ㅂㅏㄴ_E203]ㅌㅣㅁㅇㅝㄴ','ZXRxU+NyAHq8ZSMtop8qBEaq6bUqWE0hLI7VdyK9UyI='),(972,'ㄱㅣㅁㅅㅓㅇㅕㅇ[ㅂㅜㅇㅜㄹㄱㅕㅇ_1ㅂㅏㄴ]','zYfjsopUlPoR935DYwC44BY/MNqbbkHJUwSE+lFJRzs=');
/*!40000 ALTER TABLE `user_info_split` ENABLE KEYS */;
UNLOCK TABLES;
/*!40103 SET TIME_ZONE=@OLD_TIME_ZONE */;

/*!40101 SET SQL_MODE=@OLD_SQL_MODE */;
/*!40014 SET FOREIGN_KEY_CHECKS=@OLD_FOREIGN_KEY_CHECKS */;
/*!40014 SET UNIQUE_CHECKS=@OLD_UNIQUE_CHECKS */;
/*!40101 SET CHARACTER_SET_CLIENT=@OLD_CHARACTER_SET_CLIENT */;
/*!40101 SET CHARACTER_SET_RESULTS=@OLD_CHARACTER_SET_RESULTS */;
/*!40101 SET COLLATION_CONNECTION=@OLD_COLLATION_CONNECTION */;
/*!40111 SET SQL_NOTES=@OLD_SQL_NOTES */;

-- Dump completed on 2022-05-19 13:02:55
